id,articleType
15970,Shirts
39386,Jeans
21379,Track Pants
53759,Tshirts
1855,Tshirts
30805,Shirts
26960,Shirts
9204,Casual Shoes
12369,Shirts
42419,Tops
13089,Sweatshirts
9036,Formal Shoes
7990,Tshirts
37812,Shirts
4729,Tshirts
56825,Shirts
39988,Casual Shoes
3954,Tshirts
3168,Sports Shoes
18005,Shorts
9452,Shirts
10268,Formal Shoes
59435,Formal Shoes
5891,Tshirts
38630,Tshirts
4943,Shirts
10866,Tshirts
15528,Tshirts
22198,Casual Shoes
29570,Casual Shoes
6628,Sports Shoes
54924,Shorts
26538,Casual Shoes
49495,Casual Shoes
9660,Shirts
2288,Tshirts
23876,Sweatshirts
18237,Tshirts
49653,Tops
13419,Tshirts
33822,Sports Shoes
58513,Tops
5865,Tshirts
39716,Dresses
29584,Tshirts
28456,Skirts
34009,Tops
19311,Casual Shoes
42089,Sports Shoes
49461,Casual Shoes
9694,Tshirts
23882,Sports Shoes
34835,Sports Shoes
15984,Shirts
59297,Shirts
26994,Jeans
8322,Tshirts
12993,Sports Shoes
7158,Shirts
19547,Sweatshirts
7964,Tshirts
16392,Shirts
17240,Tshirts
6617,Shirts
3365,Tshirts
42042,Sports Shoes
23849,Casual Shoes
10065,Tshirts
24250,Casual Shoes
5092,Tshirts
10859,Tshirts
15517,Casual Shoes
4140,Casual Shoes
24062,Tshirts
11385,Sweatshirts
22395,Shirts
6425,Casual Shoes
23247,Formal Shoes
31782,Tops
42270,Casual Shoes
12500,Shirts
30650,Tshirts
40143,Tops
10633,Formal Shoes
21174,Tops
15341,Shorts
14293,Tshirts
6041,Tshirts
23623,Tops
17416,Sports Shoes
9835,Tshirts
7193,Jeans
12958,Sports Shoes
3533,Tshirts
17624,Track Pants
46086,Sports Shoes
13284,Shorts
54543,Sports Shoes
3701,Tshirts
32751,Casual Shoes
10401,Tops
40371,Jeans
45603,Formal Shoes
4524,Sports Shoes
37223,Tops
53766,Tshirts
25520,Tops
32597,Tops
57100,Tops
36137,Sports Shoes
39943,Casual Shoes
8913,Sports Shoes
16530,Shirts
22705,Casual Shoes
7167,Shirts
6889,Jackets
12190,Shirts
19578,Tops
27879,Tops
6287,Tshirts
7355,Tshirts
43500,Tshirts
13270,Tops
31120,Tops
11527,Tshirts
40385,Tops
15187,Tshirts
5402,Sports Shoes
14055,Shirts
20260,Tshirts
28469,Tshirts
34036,Shirts
8779,Shirts
2243,Tshirts
33213,Tops
39729,Tops
11143,Shirts
4988,Dresses
44341,Tshirts
11371,Shirts
41401,Tops
4386,Tshirts
16154,Formal Shoes
29789,Tshirts
7503,Tshirts
34204,Track Pants
50741,Casual Shoes
13426,Tshirts
43356,Sports Shoes
13846,Shirts
12994,Sports Shoes
16508,Jeans
19540,Sweaters
7963,Tshirts
20856,Casual Shoes
15983,Shirts
20258,Tshirts
26993,Jeans
43538,Tops
8325,Tshirts
31118,Tops
19772,Casual Shoes
5862,Tshirts
58726,Tshirts
51499,Jeans
7709,Jeans
28451,Track Pants
43960,Shirts
8741,Shirts
34832,Sports Shoes
23885,Sports Shoes
22359,Shirts
49654,Skirts
2049,Tshirts
41439,Sports Shoes
11349,Jeans
24892,Tshirts
58514,Tops
33825,Sports Shoes
38637,Tshirts
5896,Casual Shoes
4944,Shirts
10861,Tshirts
17278,Tshirts
31588,Tshirts
49492,Casual Shoes
18230,Tshirts
23871,Tshirts
9667,Shirts
3953,Tshirts
12538,Track Pants
8587,Shirts
42248,Tops
9455,Shirts
32903,Shorts
6079,Tshirts
12960,Sports Shoes
29321,Tshirts
9031,Casual Shoes
26369,Shirts
33489,Shirts
59056,Casual Shoes
15379,Casual Shoes
40947,Tshirts
39381,Jeans
15977,Shirts
32769,Tshirts
10439,Tshirts
14099,Tops
1852,Tshirts
30802,Shirts
7399,Formal Shoes
26967,Tops
9203,Sports Shoes
19786,Tshirts
44948,Sports Shoes
24091,Tshirts
41406,Tshirts
11376,Tops
4381,Tshirts
7504,Tshirts
22366,Tshirts
16153,Formal Shoes
50746,Formal Shoes
34203,Track Pants
13421,Tshirts
22154,Formal Shoes
16361,Shirts
46411,Sweatshirts
34031,Shirts
31543,Tshirts
19329,Casual Shoes
27426,Shorts
2244,Tshirts
10096,Sports Shoes
11144,Shirts
6280,Tshirts
7352,Tshirts
2620,Tshirts
43507,Tshirts
31127,Dresses
11520,Jeans
40382,Tops
14052,Shirts
53795,Tshirts
5405,Sports Shoes
32590,Shorts
11712,Shirts
25527,Shirts
57107,Tops
39944,Casual Shoes
36130,Casual Shoes
44510,Casual Shoes
13879,Shirts
22702,Casual Shoes
8914,Sports Shoes
12197,Tshirts
6274,Tshirts
17623,Track Pants
26958,Shirts
13283,Shirts
54544,Sports Shoes
3706,Tshirts
40376,Tops
10406,Dresses
4523,Sports Shoes
45604,Formal Shoes
15174,Tshirts
53761,Tshirts
37224,Shirts
10634,Formal Shoes
40144,Tops
15346,Tshirts
21173,Shirts
40978,Tshirts
14294,Tshirts
17411,Sports Shoes
9832,Tshirts
23624,Tops
6046,Shirts
34693,Shorts
7194,Tops
30233,Casual Shoes
3534,Tshirts
24065,Shirts
1607,Track Pants
11382,Tshirts
15722,Sports Shoes
4375,Tshirts
22392,Tops
6422,Casual Shoes
12507,Casual Shoes
31785,Tops
3150,Sports Shoes
17849,Tshirts
29548,Tshirts
16395,Shirts
51452,Tops
6610,Tshirts
17247,Tshirts
42045,Casual Shoes
3362,Tshirts
9658,Shirts
38608,Tshirts
24257,Casual Shoes
10062,Tshirts
5095,Tshirts
4147,Sports Shoes
15510,Casual Shoes
21725,Sweatshirts
34038,Shirts
28467,Tshirts
8777,Shirts
4986,Tshirts
39727,Shirts
11971,Sports Shoes
44941,Formal Shoes
4388,Tshirts
28655,Sports Shoes
2843,Tshirts
3991,Tshirts
29787,Tshirts
13428,Tshirts
19112,Tshirts
16966,Sports Shoes
32599,Tops
57932,Tshirts
40985,Tshirts
36139,Sports Shoes
7169,Shirts
13870,Shirts
19576,Tops
7955,Tshirts
6887,Jackets
27877,Shirts
6289,Tshirts
19744,Jackets
11529,Sweaters
1890,Tshirts
15189,Tshirts
24408,Sports Shoes
20894,Casual Shoes
40971,Casual Shoes
4718,Tshirts
12956,Sports Shoes
13884,Shirts
19582,Tshirts
6873,Dresses
26951,Tshirts
27883,Tshirts
12358,Shirts
9235,Shirts
53768,Tshirts
6619,Sports Shoes
54915,Tshirts
23847,Sports Shoes
9651,Shirts
8783,Shirts
4972,Shirts
38601,Tshirts
11985,Sports Shoes
10857,Tshirts
59404,Tops
23249,Formal Shoes
3965,Tops
29773,Shirts
17840,Sports Shoes
9463,Shirts
3159,Sports Shoes
20251,Tshirts
14064,Tshirts
5433,Tshirts
59299,Shirts
7364,Casual Shoes
47191,Formal Shoes
27848,Tshirts
31111,Jeans
13241,Jackets
43531,Tops
46271,Dresses
7156,Shirts
22734,Sports Shoes
16501,Tshirts
34651,Sports Shoes
6084,Tshirts
19549,Sweatshirts
13073,Casual Shoes
57131,Tops
59897,Dresses
11724,Shirts
39972,Casual Shoes
34235,Tshirts
7532,Tshirts
22350,Shirts
16165,Casual Shoes
2040,Tshirts
13417,Shirts
3192,Tshirts
11340,Jeans
36562,Tshirts
11172,Sweaters
39718,Tops
41602,Shirts
36750,Dresses
34007,Tops
17285,Tshirts
22162,Casual Shoes
16357,Shirts
7700,Tops
2272,Tshirts
42087,Sports Shoes
8748,Shirts
17043,Casual Shoes
16191,Tshirts
26704,Sports Shoes
12531,Sweatshirts
42241,Tops
24053,Tshirts
10266,Casual Shoes
15714,Sports Shoes
4343,Casual Shoes
5291,Formal Shoes
10054,Tshirts
4171,Sports Shoes
6626,Sports Shoes
47501,Casual Shoes
17271,Tshirts
22196,Casual Shoes
51464,Tops
30453,Jeans
2286,Sweatshirts
23878,Casual Shoes
31581,Tshirts
3354,Tshirts
26536,Casual Shoes
12703,Sports Shoes
10430,Shirts
39388,Jeans
14090,Tshirts
53757,Sports Shoes
37212,Shirts
4515,Sports Shoes
7390,Formal Shoes
6242,Tshirts
17615,Tshirts
3730,Tshirts
12367,Shirts
46285,Dresses
12969,Sports Shoes
35777,Sports Shoes
9804,Shirts
6070,Tshirts
26360,Tshirts
3502,Tshirts
9038,Formal Shoes
54740,Casual Shoes
13087,Casual Shoes
10602,Tshirts
32552,Casual Shoes
15370,Sweatshirts
39986,Casual Shoes
21145,Shirts
4727,Tshirts
1609,Sweatshirts
59403,Tshirts
29774,Shirts
3962,Tops
17847,Sports Shoes
9464,Shirts
12509,Casual Shoes
17249,Tshirts
29546,Tshirts
9656,Shirts
23840,Casual Shoes
18201,Jackets
4975,Tshirts
24259,Casual Shoes
38606,Tshirts
4149,Sports Shoes
10850,Tshirts
26956,Tops
27884,Shirts
3708,Tshirts
18665,Casual Shoes
10408,Tops
1863,Tshirts
20893,Casual Shoes
41098,Tops
15348,Tshirts
12951,Shirts
6048,Shirts
13883,Shirts
19585,Tops
6874,Dresses
9000,Casual Shoes
27870,Shirts
8314,Shirts
31129,Dresses
43509,Dresses
39344,Tshirts
1897,Tshirts
25529,Shirts
40982,Tshirts
16539,Shirts
13877,Shirts
19571,Tshirts
12199,Tshirts
7952,Tshirts
6880,Jackets
11378,Shirts
41408,Tops
25971,Dresses
2844,Tshirts
50748,Casual Shoes
28652,Sports Shoes
22368,Tshirts
2078,Tshirts
19115,Tshirts
28460,Shorts
27428,Tshirts
19327,Sweatshirts
11976,Casual Shoes
44348,Shirts
3505,Casual Shoes
26367,Shirts
13080,Casual Shoes
33487,Shirts
32555,Casual Shoes
40949,Tshirts
4720,Tshirts
21142,Tops
39981,Casual Shoes
15377,Casual Shoes
10437,Shirts
32767,Shirts
37215,Shirts
14097,Tshirts
53750,Track Pants
15145,Shirts
4512,Sports Shoes
7397,Formal Shoes
26969,Tops
17612,Tshirts
6245,Tshirts
19788,Tshirts
12360,Shirts
5898,Casual Shoes
10053,Tshirts
24266,Tshirts
38639,Tshirts
17276,Tshirts
6621,Sports Shoes
51463,Tops
22191,Casual Shoes
9669,Shirts
12704,Sports Shoes
26531,Casual Shoes
31586,Tshirts
3353,Tshirts
6413,Casual Shoes
16196,Jackets
3161,Sports Shoes
8589,Shirts
12536,Sweatshirts
26703,Sports Shoes
1636,Sports Shoes
24054,Tshirts
4344,Sports Shoes
15713,Sports Shoes
41605,Shirts
11175,Sweaters
33225,Dresses
11949,Casual Shoes
5050,Casual Shoes
58728,Tshirts
17282,Tshirts
34000,Tops
7707,Jeans
16350,Shirts
51497,Jeans
22165,Casual Shoes
2275,Tshirts
49468,Casual Shoes
22959,Sports Shoes
34232,Tshirts
50777,Formal Shoes
22357,Shirts
7535,Tshirts
27625,Shorts
13410,Shirts
43360,Sports Shoes
2047,Tshirts
11347,Jeans
41437,Sports Shoes
10295,Casual Shoes
16506,Jeans
22733,Casual Shoes
7151,Shirts
46276,Tops
13848,Tshirts
6083,Tshirts
13074,Casual Shoes
25516,Tshirts
39975,Casual Shoes
5434,Tshirts
14063,Tshirts
20256,Tshirts
7363,Formal Shoes
22501,Casual Shoes
31116,Shorts
43536,Tops
28807,Shirts
13246,Jeans
3763,Tshirts
26101,Shirts
54521,Sports Shoes
9259,Shirts
16794,Shirts
6211,Tshirts
37241,Casual Shoes
5494,Tshirts
4546,Sports Shoes
10463,Tshirts
44581,Jeans
21116,Tops
15323,Jackets
4774,Track Pants
32501,Shirts
11783,Tshirts
3551,Casual Shoes
2483,Tops
30256,Formal Shoes
9857,Tshirts
6023,Tshirts
15747,Sports Shoes
32959,Tshirts
52080,Tshirts
4310,Tshirts
53152,Shirts
1662,Jackets
30632,Tshirts
18864,Sweatshirts
7595,Sports Shoes
13682,Sports Shoes
3307,Sports Shoes
42020,Casual Shoes
54979,Shirts
6675,Sports Shoes
51437,Tops
4122,Casual Shoes
21740,Casual Shoes
15575,Tshirts
37625,Tshirts
33285,Tshirts
10007,Tshirts
21586,Jeans
52074,Tshirts
14661,Shirts
32191,Sports Shoes
13444,Tops
8529,Sports Shoes
28639,Tshirts
50723,Dresses
18890,Shirts
7561,Tshirts
16136,Tops
27443,Tshirts
13676,Sports Shoes
6681,Sports Shoes
22131,Formal Shoes
7753,Sports Shoes
15581,Tshirts
20666,Tshirts
5004,Skirts
33271,Skirts
5838,Tshirts
31142,Shirts
3797,Casual Shoes
19728,Shirts
27027,Shorts
13212,Sports Shoes
28853,Tshirts
50949,Jeans
34430,Tshirts
14037,Shirts
20202,Sweatshirts
5460,Sports Shoes
44747,Casual Shoes
10497,Tshirts
20030,Shirts
4780,Tshirts
57162,Tshirts
41007,Shorts
25542,Tops
11777,Tshirts
7939,Tshirts
2477,Sports Shoes
27215,Shorts
16552,Tshirts
8971,Sports Shoes
14498,Casual Shoes
4921,Tshirts
39780,Shirts
38652,Casual Shoes
9602,Shirts
23814,Casual Shoes
48525,Dresses
3338,Tshirts
35971,Tshirts
19387,Sports Shoes
54946,Tshirts
23028,Shirts
51408,Shirts
7798,Tshirts
9430,Formal Shoes
17813,Casual Shoes
6478,Jackets
19989,Tshirts
3936,Tshirts
8186,Shirts
9054,Sports Shoes
48373,Shirts
18403,Casual Shoes
12905,Casual Shoes
9868,Tshirts
57995,Dresses
5699,Casual Shoes
40922,Jackets
38838,Dresses
21129,Tops
56847,Jeans
4579,Sports Shoes
24669,Casual Shoes
15912,Shirts
18631,Tshirts
9266,Shirts
29176,Shorts
26902,Tops
47109,Casual Shoes
7906,Tshirts
19525,Sweaters
48387,Jeans
20833,Formal Shoes
14008,Tshirts
44778,Casual Shoes
39310,Casual Shoes
8340,Tshirts
46813,Skirts
19717,Shirts
27018,Jeans
31941,Casual Shoes
7308,Tops
11922,Formal Shoes
58743,Tshirts
5807,Tshirts
13649,Casual Shoes
34857,Casual Shoes
8724,Shirts
35985,Tshirts
49631,Dresses
28606,Sports Shoes
25925,Tshirts
5209,Tshirts
33840,Casual Shoes
58571,Shorts
44912,Track Pants
38494,Tshirts
4787,Shorts
57165,Tops
11770,Tshirts
41000,Shorts
27212,Shirts
16555,Tshirts
8976,Sports Shoes
3790,Casual Shoes
8378,Tshirts
2642,Formal Shoes
28854,Tshirts
13215,Sports Shoes
27020,Jeans
31979,Sports Shoes
44740,Casual Shoes
5467,Sports Shoes
20205,Sweatshirts
14030,Tshirts
10490,Shirts
39328,Shorts
41232,Sports Shoes
2226,Track Pants
13671,Jeans
27444,Tshirts
26596,Sports Shoes
6686,Tshirts
7754,Casual Shoes
22136,Formal Shoes
16303,Shirts
15586,Sweatshirts
5003,Shorts
11126,Track Pants
52073,Tshirts
14666,Shirts
5231,Tshirts
13443,Tops
2014,Tshirts
12591,Tshirts
18897,Dresses
34261,Tshirts
50724,Dresses
2828,Casual Shoes
16131,Tshirts
7566,Tshirts
13685,Casual Shoes
26562,Casual Shoes
12757,Tshirts
42027,Sports Shoes
3300,Sports Shoes
6672,Casual Shoes
51430,Shirts
15572,Tshirts
21747,Casual Shoes
4125,Tshirts
37622,Tshirts
20695,Casual Shoes
4919,Tops
10000,Skirts
4317,Tshirts
15740,Sports Shoes
52087,Tshirts
30635,Tshirts
42215,Tops
3132,Tshirts
18863,Sweatshirts
6440,Casual Shoes
51602,Jeans
7592,Sports Shoes
44586,Jeans
15324,Sweatshirts
21111,Tops
40126,Shorts
24463,Casual Shoes
10656,Tops
57191,Tops
11784,Tshirts
3556,Casual Shoes
2484,Tshirts
22794,Tshirts
8982,Casual Shoes
6024,Tshirts
26106,Shirts
12333,Jeans
3764,Tshirts
54526,Sports Shoes
18609,Tshirts
16793,Shirts
6216,Tshirts
37246,Casual Shoes
5493,Tshirts
4541,Tshirts
10464,Tshirts
27649,Tshirts
16932,Tshirts
49636,Skirts
19146,Sweatshirts
2817,Casual Shoes
7559,Tshirts
25922,Tshirts
58576,Tshirts
33847,Casual Shoes
38493,Tshirts
44915,Tshirts
58744,Tshirts
39773,Shirts
11119,Shirts
5800,Tshirts
33249,Shirts
2219,Casual Shoes
34850,Sports Shoes
35982,Tshirts
8723,Shirts
22109,Sports Shoes
5458,Track Pants
39317,Tshirts
46814,Skirts
49060,Casual Shoes
31946,Casual Shoes
34408,Tshirts
7901,Tshirts
19522,Sweaters
20008,Tshirts
37279,Tshirts
15915,Shirts
51857,Shirts
2689,Tshirts
9261,Shirts
54519,Casual Shoes
18636,Tshirts
26905,Tops
29171,Skirts
22599,Tshirts
6229,Tshirts
8181,Shirts
18404,Casual Shoes
48374,Shirts
9053,Sports Shoes
29343,Tshirts
12902,Casual Shoes
23679,Casual Shoes
40925,Jeans
57992,Shirts
36199,Tshirts
40119,Tshirts
10669,Tshirts
17814,Casual Shoes
3931,Tshirts
4328,Tshirts
10803,Shirts
4926,Tops
38655,Sports Shoes
9605,Shirts
34098,Shirts
54941,Tops
36732,Jeans
33240,Shirts
32392,Shirts
41660,Shirts
11110,Shirts
12795,Tshirts
2210,Tshirts
34859,Casual Shoes
16335,Shirts
34065,Dresses
26792,Shirts
27640,Sports Shoes
43305,Shirts
22332,Tshirts
7550,Tshirts
6482,Tshirts
28608,Sports Shoes
14650,Tshirts
40580,Tops
33072,Tshirts
41452,Casual Shoes
27224,Dresses
30293,Tshirts
3594,Casual Shoes
7908,Tshirts
34633,Sports Shoes
50376,Casual Shoes
8940,Shirts
7134,Track Pants
36164,Tshirts
39910,Sports Shoes
20001,Tshirts
11746,Tshirts
25573,Sports Shoes
10694,Tops
57153,Tshirts
44776,Casual Shoes
5451,Shorts
37284,Tshirts
20233,Sweaters
14006,Tshirts
24693,Tshirts
2674,Tshirts
13223,Shorts
27016,Jeans
19719,Shirts
31173,Tops
17683,Casual Shoes
34401,Tshirts
7306,Dresses
8188,Shirts
3560,Casual Shoes
6012,Shirts
9866,Tshirts
23670,Tshirts
56849,Jeans
4745,Tshirts
21127,Tops
38836,Dresses
5697,Casual Shoes
24455,Sports Shoes
10660,Shorts
4577,Sports Shoes
44782,Sports Shoes
53735,Casual Shoes
10452,Tshirts
40322,Sports Shoes
9268,Shirts
2680,Tshirts
12305,Shirts
3752,Tshirts
6220,Tshirts
22590,Shorts
29178,Jeans
14496,Casual Shoes
4113,Casual Shoes
26554,Casual Shoes
19389,Tshirts
3336,Tshirts
7796,Tshirts
51406,Shirts
34091,Tops
54948,Sweatshirts
6644,Sports Shoes
42223,Tops
3104,Tshirts
30603,Shorts
3938,Tshirts
19987,Tops
18855,Tshirts
6476,Tshirts
4321,Tshirts
1653,Sports Shoes
50947,Jeans
19726,Shirts
8371,Tshirts
3799,Tshirts
23489,Sports Shoes
31970,Sports Shoes
44749,Casual Shoes
14039,Shirts
10499,Tshirts
57950,Formal Shoes
41009,Jeans
39113,Tshirts
20802,Sports Shoes
9091,Casual Shoes
2479,Tshirts
7937,Tshirts
13812,Sweaters
21588,Tshirts
44923,Jeans
12598,Tshirts
19170,Tshirts
16138,Tshirts
28637,Sports Shoes
19342,Jackets
13678,Sports Shoes
20668,Tshirts
5836,Tshirts
39745,Shorts
19184,Shirts
9401,Sports Shoes
17822,Formal Shoes
3907,Track Pants
29711,Shirts
3309,Sports Shoes
48514,Tops
9633,Shirts
51439,Tops
10835,Tshirts
10009,Tshirts
38663,Sports Shoes
4910,Tops
43598,Tshirts
9257,Shirts
8385,Tshirts
26933,Tops
29147,Tshirts
4548,Sports Shoes
21118,Shirts
57198,Tops
6811,Casual Shoes
9065,Shirts
30258,Casual Shoes
9859,Tshirts
12934,Tshirts
3103,Tshirts
42224,Tops
30604,Track Pants
13486,Shirts
19980,Tshirts
18852,Tshirts
6471,Tshirts
4326,Tshirts
24036,Tshirts
1654,Sports Shoes
33081,Tshirts
14491,Casual Shoes
37613,Tshirts
10031,Tshirts
24204,Jeans
4928,Tops
42016,Sports Shoes
12766,Tshirts
26553,Casual Shoes
51401,Shirts
7791,Tshirts
34096,Tshirts
6643,Sports Shoes
4570,Sports Shoes
53732,Casual Shoes
44785,Sports Shoes
40325,Sports Shoes
10455,Tshirts
54517,Sports Shoes
18638,Tshirts
2687,Tshirts
3755,Tshirts
47100,Casual Shoes
6227,Tshirts
22597,Tshirts
30260,Formal Shoes
6829,Sports Shoes
26305,Tshirts
3567,Sports Shoes
6015,Shirts
35712,Sports Shoes
21120,Sweaters
15315,Sports Shoes
4742,Casual Shoes
5690,Casual Shoes
24452,Sports Shoes
14001,Tshirts
20234,Tshirts
5456,Shorts
37283,Tshirts
44771,Casual Shoes
39319,Shorts
24694,Tshirts
13224,Sweatshirts
28865,Tshirts
31174,Tops
8349,Tshirts
34406,Tshirts
17684,Casual Shoes
31948,Sports Shoes
7301,Tops
30294,Tshirts
27223,Dresses
3593,Casual Shoes
34634,Casual Shoes
7133,Track Pants
5664,Tshirts
20006,Tshirts
25574,Sports Shoes
11741,Tshirts
10693,Tops
57154,Tshirts
19148,Tshirts
26795,Shirts
49638,Tops
43302,Dresses
2025,Tshirts
13472,Dresses
7557,Shorts
35382,Casual Shoes
19974,Tshirts
50715,Tshirts
6485,Tshirts
34250,Shorts
33849,Casual Shoes
57530,Casual Shoes
33075,Tshirts
36735,Tshirts
33247,Shirts
11117,Shirts
32395,Shirts
12792,Tshirts
16332,Shirts
34062,Dresses
44588,Shirts
10658,Tops
40128,Tops
9062,Shirts
6816,Casual Shoes
3558,Casual Shoes
23648,Tshirts
12933,Tshirts
54528,Casual Shoes
9250,Shirts
8382,Tshirts
26934,Dresses
37248,Casual Shoes
42029,Sports Shoes
12759,Jeans
35947,Shirts
9634,Shirts
48513,Tops
10832,Tshirts
38664,Casual Shoes
4917,Tops
24835,Casual Shoes
32950,Casual Shoes
52089,Tshirts
4319,Tshirts
19183,Shirts
9406,Tshirts
3900,Tshirts
49435,Casual Shoes
26598,Sports Shoes
34861,Casual Shoes
22138,Formal Shoes
6688,Tshirts
15588,Shirts
33278,Jeans
5831,Tshirts
11128,Track Pants
39742,Casual Shoes
14668,Shirts
44924,Jeans
19177,Shirts
16903,Sweatshirts
7568,Tshirts
2826,Formal Shoes
28630,Track Pants
18899,Tops
41832,Casual Shoes
4789,Tshirts
9096,Casual Shoes
7930,Tshirts
13815,Tshirts
8978,Casual Shoes
46825,Casual Shoes
19721,Shirts
34439,Tshirts
31977,Sports Shoes
5469,Sports Shoes
40983,Tshirts
57108,Tops
25528,Shirts
7953,Tshirts
12198,Tshirts
19570,Tshirts
6881,Tops
46248,Tops
16538,Shirts
31128,Dresses
8315,Tshirts
43508,Dresses
27871,Shirts
58372,Tshirts
39345,Tshirts
27429,Tshirts
19326,Sweatshirts
4980,Shorts
39721,Tops
25970,Tops
11379,Tops
44947,Sports Shoes
19114,Tshirts
50749,Casual Shoes
2845,Tshirts
28653,Sports Shoes
18200,Sweaters
9657,Shirts
23841,Casual Shoes
8785,Jackets
54913,Sweatshirts
17248,Tshirts
28495,Track Pants
29547,Tshirts
11983,Sports Shoes
4148,Sports Shoes
10851,Tshirts
4974,Shirts
38607,Tshirts
24258,Casual Shoes
1608,Track Pants
9465,Shirts
17846,Sports Shoes
12508,Casual Shoes
3963,Tops
40977,Tshirts
20892,Casual Shoes
26359,Tops
19584,Tshirts
9001,Casual Shoes
6875,Dresses
12950,Shirts
13882,Shirts
6049,Tshirts
3709,Tshirts
9233,Shirts
29123,Sports Shoes
26957,Shirts
27885,Shirts
1862,Tshirts
10409,Tshirts
32759,Shirts
2046,Tshirts
27624,Shorts
13411,Shirts
34233,Tshirts
7534,Tshirts
16163,Formal Shoes
22356,Shirts
41436,Sports Shoes
11346,Jeans
10294,Formal Shoes
4183,Casual Shoes
11948,Casual Shoes
58729,Tshirts
11174,Sweaters
33224,Tops
2274,Tshirts
22958,Sports Shoes
49469,Casual Shoes
34001,Tops
17283,Tshirts
16351,Shirts
22164,Casual Shoes
7706,Tops
14062,Tshirts
20257,Tshirts
5435,Tshirts
21385,Track Pants
31117,Tops
13247,Jeans
28806,Shirts
43537,Tops
22500,Casual Shoes
7362,Tops
13075,Casual Shoes
7150,Tops
46277,Dresses
16507,Jeans
22732,Sports Shoes
6082,Tshirts
13849,Shirts
39974,Casual Shoes
59891,Shirts
11722,Shirts
14096,Tshirts
53751,Track Pants
4513,Sports Shoes
15144,Shirts
10436,Tshirts
32766,Shirts
12361,Shirts
19789,Tshirts
7396,Casual Shoes
26968,Tops
6244,Tshirts
17613,Tshirts
26366,Shirts
13081,Casual Shoes
9802,Tops
6076,Tshirts
20091,Sweaters
40948,Tshirts
21143,Tops
15376,Sports Shoes
39980,Casual Shoes
4721,Tshirts
33486,Dresses
32554,Casual Shoes
12537,Track Pants
26702,Sports Shoes
8588,Shirts
3160,Sports Shoes
42247,Tops
6412,Casual Shoes
16197,Tshirts
36590,Shirts
4345,Sports Shoes
24055,Tshirts
1637,Sports Shoes
21715,Casual Shoes
15520,Casual Shoes
38638,Tshirts
10052,Shorts
5899,Casual Shoes
24267,Shirts
2280,Tshirts
3352,Tshirts
31587,Tshirts
12705,Sports Shoes
26530,Casual Shoes
6620,Sports Shoes
17277,Tshirts
51462,Tops
22190,Casual Shoes
26950,Tshirts
46089,Sports Shoes
29124,Sports Shoes
27882,Shirts
1865,Tshirts
58381,Tshirts
40970,Casual Shoes
4719,Tshirts
20895,Casual Shoes
24409,Sports Shoes
19583,Tshirts
6872,Dresses
12957,Sports Shoes
13885,Shirts
59405,Tops
45866,Casual Shoes
9462,Shirts
17841,Sports Shoes
23248,Formal Shoes
3964,Tops
29772,Shirts
23846,Sports Shoes
9650,Shirts
8782,Shirts
28492,Shirts
54914,Tshirts
6618,Shirts
15518,Casual Shoes
10856,Tshirts
4973,Shirts
38600,Tshirts
4389,Tshirts
44940,Formal Shoes
13429,Tshirts
43359,Sports Shoes
19113,Tshirts
2842,Tshirts
3990,Tshirts
29786,Tshirts
19321,Sweatshirts
8776,Shirts
34039,Shirts
11970,Tshirts
39726,Shirts
4987,Dresses
19745,Tshirts
46841,Casual Shoes
27876,Shirts
58375,Tshirts
1891,Tshirts
38290,Tops
39342,Casual Shoes
40984,Tshirts
57933,Tshirts
36138,Sports Shoes
32598,Tops
7954,Tshirts
19577,Tops
6886,Jackets
7168,Shirts
13871,Shirts
15527,Tshirts
4170,Sports Shoes
10869,Tshirts
24260,Casual Shoes
2287,Tshirts
18238,Tshirts
26537,Casual Shoes
12702,Casual Shoes
3355,Tshirts
31580,Tshirts
17270,Tshirts
6627,Sports Shoes
22197,Casual Shoes
51465,Dresses
42240,Tops
3167,Sports Shoes
12530,Tshirts
6415,Casual Shoes
17042,Sports Shoes
16190,Jackets
4342,Sports Shoes
15715,Casual Shoes
5290,Formal Shoes
24052,Tshirts
10267,Casual Shoes
26361,Tops
54741,Casual Shoes
13086,Casual Shoes
9039,Formal Shoes
46284,Tops
12968,Sports Shoes
6071,Tshirts
9805,Shirts
4726,Tshirts
39987,Casual Shoes
15371,Sweatshirts
21144,Tops
32553,Casual Shoes
14091,Sweaters
21376,Tshirts
4514,Sports Shoes
10431,Shirts
3731,Tshirts
7391,Formal Shoes
17614,Tshirts
34496,Shirts
6243,Tshirts
19548,Sweatshirts
13072,Casual Shoes
43702,Tops
22735,Sports Shoes
46270,Tops
6085,Tshirts
34650,Sports Shoes
5600,Sports Shoes
39973,Casual Shoes
57130,Tops
11725,Tshirts
59896,Dresses
5432,Tshirts
20250,Tshirts
14065,Tshirts
59298,Shirts
21382,Shorts
31110,Jeans
2617,Tshirts
43530,Tops
13240,Jackets
7365,Casual Shoes
47190,Formal Shoes
27849,Tshirts
4184,Casual Shoes
36751,Tops
44371,Tshirts
39719,Tops
41603,Shirts
11173,Sweaters
2273,Tshirts
42086,Sports Shoes
31574,Tshirts
8749,Shirts
17284,Tshirts
28459,Shorts
34006,Tops
7701,Tshirts
22163,Casual Shoes
13416,Shirts
27623,Shorts
2041,Tshirts
3193,Tshirts
34234,Tshirts
22351,Shirts
7533,Shorts
36563,Tshirts
14633,Tops
11341,Jeans
8586,Shirts
12539,Tshirts
18003,Tshirts
9454,Shirts
3952,Tops
16199,Tshirts
4179,Formal Shoes
5897,Casual Shoes
24269,Tshirts
38636,Tshirts
4945,Tshirts
31589,Tshirts
49493,Casual Shoes
23870,Track Pants
9666,Shirts
18231,Tshirts
29576,Casual Shoes
17279,Tshirts
1853,Tshirts
14098,Tshirts
15976,Shirts
32768,Tshirts
39380,Jeans
10438,Jeans
9202,Casual Shoes
19787,Tshirts
46883,Casual Shoes
3738,Tshirts
30803,Shirts
7398,Formal Shoes
26966,Shirts
9030,Casual Shoes
7996,Tshirts
26368,Shirts
29320,Tshirts
15378,Sports Shoes
40946,Tops
33488,Shirts
20259,Tshirts
15982,Shirts
28808,Shirts
43539,Tops
31119,Tops
8324,Tshirts
47199,Formal Shoes
26992,Jeans
7962,Tshirts
13847,Tops
16509,Jeans
12995,Casual Shoes
49655,Skirts
2048,Tshirts
22358,Shirts
28662,Casual Shoes
50778,Casual Shoes
33824,Sports Shoes
58515,Tops
11348,Jeans
41438,Sports Shoes
58727,Tshirts
5863,Tshirts
8740,Shirts
23884,Sports Shoes
9692,Tshirts
7708,Jeans
51498,Jeans
28450,Track Pants
15347,Tshirts
40979,Tshirts
38863,Tops
14295,Tshirts
32565,Tops
10635,Casual Shoes
3535,Tshirts
26357,Tshirts
9833,Tshirts
17410,Sports Shoes
23625,Tops
7195,Tops
12350,Shirts
3707,Tshirts
6275,Tshirts
26959,Shirts
46080,Sports Shoes
4522,Sports Shoes
45605,Formal Shoes
53760,Tshirts
32757,Casual Shoes
10407,Shirts
33685,Formal Shoes
42044,Casual Shoes
3363,Tshirts
9659,Shirts
16394,Shirts
51453,Tops
17246,Tshirts
6611,Shirts
5094,Tshirts
4146,Sports Shoes
24256,Casual Shoes
10063,Tshirts
38609,Tshirts
24858,Shirts
4374,Tshirts
15723,Sports Shoes
11383,Tops
42276,Casual Shoes
3151,Sports Shoes
31784,Tops
12506,Casual Shoes
17848,Tshirts
22393,Tshirts
19328,Sweatshirts
2245,Tshirts
46410,Tshirts
16360,Shirts
34030,Shirts
11979,Casual Shoes
10097,Sports Shoes
33215,Tops
11145,Shirts
4380,Tshirts
24090,Sweatshirts
11377,Shirts
41407,Tops
13420,Tshirts
43350,Sports Shoes
22367,Tshirts
16152,Formal Shoes
7505,Tshirts
34202,Track Pants
50747,Casual Shoes
36131,Casual Shoes
39945,Casual Shoes
25526,Tops
32591,Skirts
20868,Casual Shoes
57106,Tops
12196,Tshirts
13878,Shirts
22703,Casual Shoes
2621,Tshirts
43506,Tshirts
31126,Dresses
7353,Tshirts
16704,Tshirts
36303,Tshirts
5404,Sports Shoes
14053,Shirts
53794,Tshirts
11521,Tshirts
40383,Tops
58720,Tshirts
5864,Casual Shoes
39717,Tops
49460,Casual Shoes
42088,Sports Shoes
19310,Sports Shoes
34834,Sports Shoes
9695,Tshirts
16358,Shirts
34008,Tops
49652,Tops
13418,Shirts
58512,Tops
33823,Sports Shoes
18494,Sports Shoes
7965,Tshirts
19546,Sweatshirts
12992,Sports Shoes
59898,Tops
59296,Shirts
15985,Shirts
2619,Tshirts
8323,Tshirts
27847,Tshirts
26995,Jeans
9037,Formal Shoes
13088,Tshirts
12966,Sports Shoes
39989,Casual Shoes
4728,Tshirts
40941,Tops
37813,Shirts
1854,Tshirts
39387,Jeans
15971,Shirts
9205,Casual Shoes
42418,Tops
46884,Casual Shoes
12368,Shirts
34498,Tops
30804,Shirts
10867,Tshirts
15529,Tshirts
38631,Tshirts
5890,Tshirts
4942,Tshirts
49494,Casual Shoes
26539,Casual Shoes
18236,Tshirts
2289,Tshirts
9661,Shirts
23877,Sports Shoes
29571,Casual Shoes
22199,Casual Shoes
54925,Shorts
6629,Sports Shoes
9453,Shirts
18004,Tshirts
3955,Tops
43501,Tshirts
31121,Tops
27878,Shirts
6286,Tshirts
22536,Casual Shoes
36304,Tshirts
14054,Shirts
53793,Tshirts
20261,Tshirts
5403,Sports Shoes
11526,Tops
39942,Casual Shoes
36136,Sports Shoes
32596,Tops
11714,Shirts
57101,Tops
6888,Tops
19579,Tops
12191,Shirts
7166,Shirts
8912,Sports Shoes
22704,Casual Shoes
4387,Tshirts
41400,Tshirts
11370,Sweatshirts
43357,Sports Shoes
9498,Shirts
13427,Tshirts
16155,Formal Shoes
29788,Tshirts
22360,Shirts
50740,Formal Shoes
34205,Track Pants
31545,Tshirts
8778,Shirts
2242,Tshirts
16367,Shirts
34037,Shirts
28468,Tshirts
14430,Casual Shoes
33212,Tops
4989,Shorts
39728,Shirts
15724,Sports Shoes
4373,Tshirts
10256,Shirts
11384,Shirts
12501,Tshirts
31783,Tops
42271,Casual Shoes
30651,Track Pants
22394,Track Pants
23246,Formal Shoes
3364,Tshirts
42043,Casual Shoes
23848,Sports Shoes
16393,Shirts
51454,Tops
6616,Shirts
17241,Tshirts
53303,Tshirts
10858,Tshirts
5093,Tshirts
4141,Casual Shoes
10064,Tshirts
24251,Casual Shoes
13285,Shorts
54542,Sports Shoes
3700,Tshirts
12357,Shirts
6272,Tshirts
17625,Track Pants
46087,Casual Shoes
45602,Formal Shoes
4525,Sports Shoes
15172,Tshirts
53767,Tshirts
20295,Tshirts
37222,Shirts
21175,Sports Shoes
15340,Shorts
4717,Tshirts
38864,Tops
10632,Casual Shoes
40142,Tshirts
3532,Tshirts
9834,Tshirts
6040,Tshirts
12959,Sports Shoes
7192,Jeans
34635,Casual Shoes
23682,Casual Shoes
7132,Tshirts
46215,Sports Shoes
30295,Tshirts
3592,Casual Shoes
25575,Sports Shoes
11740,Tshirts
10692,Tshirts
57155,Tops
20007,Tshirts
39318,Tshirts
37282,Tshirts
5457,Track Pants
44770,Casual Shoes
14000,Jackets
20235,Tshirts
7300,Tshirts
31949,Sports Shoes
13225,Sweatshirts
8348,Tshirts
31175,Tops
33246,Shirts
41666,Shirts
32394,Shirts
11116,Shirts
36734,Tshirts
7764,Tshirts
16333,Shirts
34063,Dresses
12793,Tshirts
22334,Tshirts
19975,Tshirts
35383,Casual Shoes
7556,Tshirts
34251,Shorts
6484,Tshirts
50714,Tshirts
49639,Tops
19149,Tshirts
26794,Shirts
27646,Tshirts
43303,Dresses
2024,Tshirts
33074,Tshirts
57531,Casual Shoes
41454,Casual Shoes
14656,Tshirts
33848,Casual Shoes
5201,Tshirts
10030,Tshirts
39788,Shirts
4929,Skirts
14490,Casual Shoes
7790,Tshirts
51400,Shirts
6642,Sports Shoes
34097,Tshirts
26552,Casual Shoes
3330,Tshirts
42017,Sports Shoes
19981,Tshirts
6470,Casual Shoes
3102,Tshirts
42225,Tops
13487,Shirts
30605,Track Pants
33080,Tshirts
24037,Tshirts
4327,Tshirts
6014,Shirts
9860,Tshirts
35713,Sports Shoes
30261,Formal Shoes
3566,Sports Shoes
24453,Sports Shoes
4743,Casual Shoes
21121,Shirts
15314,Sports Shoes
38830,Dresses
5691,Casual Shoes
10454,Tshirts
4571,Sports Shoes
44784,Sports Shoes
6226,Tshirts
22596,Tshirts
2686,Tshirts
18639,Tshirts
54516,Sports Shoes
12303,Shirts
31181,Tshirts
3754,Tshirts
14669,Shirts
7569,Tshirts
18898,Shirts
2827,Formal Shoes
28631,Track Pants
16902,Tshirts
19176,Shirts
22139,Formal Shoes
26599,Sports Shoes
49434,Casual Shoes
2229,Tshirts
34860,Casual Shoes
5830,Tshirts
33279,Jeans
39743,Tops
11129,Track Pants
34438,Tshirts
31976,Sports Shoes
30098,Jeans
19720,Shirts
5468,Sports Shoes
20804,Sports Shoes
4788,Tshirts
41833,Casual Shoes
13814,Tshirts
8979,Sports Shoes
9097,Casual Shoes
7931,Track Pants
6219,Tshirts
26935,Dresses
9251,Shirts
54529,Casual Shoes
8383,Tshirts
37249,Casual Shoes
59838,Shirts
32509,Formal Shoes
40129,Shirts
56870,Casual Shoes
23649,Tshirts
12932,Tshirts
9063,Shirts
3559,Casual Shoes
4318,Tshirts
32951,Casual Shoes
52088,Tshirts
3901,Skirts
19182,Shirts
9407,Sports Shoes
54971,Dresses
12758,Jeans
42028,Sports Shoes
9635,Shirts
48512,Tops
38665,Sports Shoes
4916,Tops
10833,Tshirts
21748,Casual Shoes
40323,Sports Shoes
24666,Casual Shoes
10453,Tshirts
4576,Sports Shoes
53734,Casual Shoes
44783,Sports Shoes
22591,Sweatshirts
2681,Tshirts
9269,Shirts
3753,Tshirts
12304,Shirts
9867,Tshirts
23671,Tshirts
6013,Shirts
35714,Sports Shoes
26303,Tshirts
3561,Casual Shoes
8189,Shirts
24454,Casual Shoes
10661,Shorts
15313,Sports Shoes
21126,Shirts
4744,Tshirts
5696,Casual Shoes
38837,Dresses
3939,Tshirts
6477,Jackets
18854,Tshirts
3105,Tshirts
30602,Shorts
56410,Casual Shoes
32969,Tshirts
4320,Tshirts
24202,Jeans
10037,Sports Shoes
41695,Shorts
14497,Casual Shoes
51407,Shirts
7797,Casual Shoes
6645,Sports Shoes
34090,Casual Shoes
54949,Sweatshirts
23027,Shirts
3337,Tshirts
26555,Casual Shoes
19388,Tshirts
12760,Jeans
35384,Casual Shoes
7551,Tshirts
50713,Tshirts
6483,Formal Shoes
26793,Shirts
2023,Tshirts
43304,Shirts
33073,Tshirts
41453,Casual Shoes
11323,Jeans
14651,Tshirts
33241,Shirts
5808,Tops
11111,Shirts
32393,Shirts
41661,Shirts
36733,Tshirts
22101,Casual Shoes
16334,Shirts
7763,Tshirts
34064,Dresses
12794,Tshirts
13646,Casual Shoes
34858,Casual Shoes
24692,Jeans
20232,Sweaters
14007,Tshirts
44777,Casual Shoes
37285,Tshirts
5450,Shorts
34400,Tshirts
17682,Casual Shoes
7307,Tops
13222,Shorts
27017,Jeans
2675,Tshirts
28863,Tshirts
31172,Tops
19718,Shirts
50377,Casual Shoes
34632,Sports Shoes
7135,Tshirts
8941,Shirts
30292,Tshirts
48388,Jeans
27225,Dresses
7909,Tshirts
3595,Casual Shoes
31340,Jeans
25572,Sports Shoes
57152,Tshirts
5662,Tshirts
20000,Tshirts
51438,Tops
54976,Dresses
3308,Sports Shoes
48515,Tops
9632,Shirts
38662,Sports Shoes
10008,Tshirts
4911,Tops
10834,Tshirts
3906,Track Pants
6448,Casual Shoes
19185,Shirts
17823,Casual Shoes
9400,Sports Shoes
21119,Sweaters
38808,Tshirts
9858,Tshirts
12935,Tshirts
30259,Casual Shoes
9064,Shirts
6810,Casual Shoes
31985,Casual Shoes
26932,Tops
9256,Shirts
51860,Shirts
8384,Tshirts
4549,Sports Shoes
1807,Tshirts
41008,Jeans
11778,Tshirts
41834,Casual Shoes
13813,Tshirts
2478,Tshirts
9090,Casual Shoes
19515,Sweaters
7936,Tshirts
31971,Sports Shoes
50946,Jeans
3798,Casual Shoes
19727,Shirts
39320,Shorts
10498,Tops
14038,Shirts
44748,Casual Shoes
49433,Casual Shoes
13679,Sports Shoes
5837,Tshirts
39744,Tops
20669,Tshirts
57509,Casual Shoes
44922,Shorts
5239,Sports Shoes
16139,Tops
28636,Sports Shoes
19171,Sweatshirts
12599,Tshirts
8526,Sports Shoes
16905,Sweatshirts
24006,Shirts
15741,Sports Shoes
52086,Tshirts
4316,Tshirts
6441,Casual Shoes
18862,Tshirts
7593,Sports Shoes
30634,Shorts
42214,Tops
6673,Sports Shoes
51431,Shirts
13684,Casual Shoes
42026,Sports Shoes
3301,Sports Shoes
26563,Casual Shoes
4918,Tops
33283,Jeans
10001,Skirts
4124,Tshirts
15573,Tshirts
37623,Tshirts
16792,Shirts
6217,Tops
3765,Tshirts
26107,Shirts
54527,Casual Shoes
43590,Tshirts
40315,Sports Shoes
10465,Tshirts
5492,Tshirts
37247,Casual Shoes
4540,Tshirts
40127,Dresses
11785,Tshirts
44587,Jeans
15325,Tshirts
21110,Sweaters
4772,Tshirts
22795,Tshirts
8983,Casual Shoes
23647,Tshirts
6025,Tshirts
31382,Tshirts
3557,Casual Shoes
2485,Tshirts
31978,Sports Shoes
7331,Formal Shoes
34436,Tshirts
8379,Tshirts
3791,Tshirts
31144,Tshirts
13214,Sports Shoes
27021,Jeans
28855,Tshirts
10491,Tshirts
39329,Shorts
41233,Sports Shoes
20204,Sweatshirts
14031,Tshirts
44741,Casual Shoes
5466,Sports Shoes
57164,Tshirts
41001,Shorts
11771,Tshirts
25544,Tshirts
5654,Sports Shoes
4786,Shorts
8977,Casual Shoes
16554,Tshirts
9099,Shorts
27213,Shirts
11315,Jeans
52072,Tshirts
21580,Tshirts
5230,Tshirts
14667,Shirts
50725,Formal Shoes
34260,Tshirts
18896,Dresses
7567,Tshirts
16130,Tops
2015,Tshirts
13442,Tops
12590,Tshirts
49608,Casual Shoes
6687,Tshirts
22137,Formal Shoes
7755,Tshirts
27445,Tshirts
26597,Sports Shoes
33277,Jeans
15587,Shirts
5002,Shorts
12903,Casual Shoes
8180,Shirts
3568,Tshirts
48375,Shirts
9052,Sports Shoes
18405,Casual Shoes
40118,Tshirts
57993,Dresses
40924,Jeans
15914,Shirts
1831,Sports Shoes
37278,Tshirts
22598,Tshirts
29170,Tshirts
26904,Tops
6228,Tshirts
18637,Tshirts
54518,Sports Shoes
9260,Shirts
2688,Tshirts
4927,Tops
39786,Shirts
38654,Sports Shoes
10802,Shirts
34099,Tshirts
54940,Tshirts
9604,Shirts
42019,Casual Shoes
12769,Tops
3930,Tshirts
13489,Tshirts
24039,Tshirts
59451,Shirts
4329,Tshirts
24805,Sports Shoes
11118,Shirts
33248,Shirts
5801,Tshirts
11924,Formal Shoes
34851,Casual Shoes
8722,Shirts
35983,Tshirts
28600,Sports Shoes
7558,Tshirts
27648,Tshirts
19147,Tshirts
16933,Tshirts
49637,Tops
44914,Track Pants
38492,Tshirts
25923,Tshirts
33846,Casual Shoes
58577,Tshirts
19523,Sweaters
20009,Tshirts
39316,Tshirts
5459,Sports Shoes
31947,Sports Shoes
29184,Shirts
34409,Tshirts
8346,Sports Shoes
49061,Casual Shoes
19711,Shirts
46815,Tops
6680,Sports Shoes
7752,Tshirts
22130,Formal Shoes
27442,Tshirts
13677,Sports Shoes
5839,Tshirts
33270,Skirts
5005,Skirts
20667,Tshirts
32190,Sports Shoes
21587,Jeans
52075,Tshirts
14660,Shirts
18891,Shirts
28638,Sports Shoes
50722,Dresses
16137,Tops
7560,Track Pants
13445,Tops
43335,Sports Shoes
2012,Tshirts
8528,Sports Shoes
12597,Tshirts
57163,Tshirts
25543,Tops
11776,Tshirts
41006,Shorts
20031,Shirts
4781,Tshirts
8970,Sports Shoes
16553,Tshirts
17481,Formal Shoes
31371,Tshirts
7938,Tshirts
27214,Shorts
3796,Tshirts
31143,Tshirts
49059,Casual Shoes
28852,Tshirts
50948,Jeans
27026,Shorts
13213,Sports Shoes
10496,Tshirts
41234,Shorts
5461,Sports Shoes
44746,Casual Shoes
14036,Shirts
20203,Sweatshirts
40120,Tshirts
10650,Shirts
38806,Tshirts
44580,Jeans
4775,Track Pants
21117,Shirts
15322,Jackets
8984,Casual Shoes
22792,Tshirts
35725,Sports Shoes
6022,Tshirts
9856,Tshirts
31385,Tshirts
3550,Casual Shoes
30257,Casual Shoes
2482,Tops
3762,Tshirts
9258,Shirts
54520,Casual Shoes
10462,Tshirts
5495,Tshirts
37240,Casual Shoes
1809,Tshirts
4547,Sports Shoes
6674,Sports Shoes
51436,Tops
13683,Sports Shoes
12751,Jeans
3306,Sports Shoes
42021,Casual Shoes
10006,Tshirts
33284,Tshirts
21741,Casual Shoes
15574,Tshirts
4123,Casual Shoes
37624,Tshirts
4311,Tshirts
15746,Sports Shoes
32958,Tshirts
52081,Tshirts
6446,Casual Shoes
18865,Sweatshirts
51604,Jeans
3908,Track Pants
7594,Sports Shoes
30633,Tshirts
42213,Tops
44779,Casual Shoes
14009,Tshirts
7309,Tops
19716,Shirts
8341,Tshirts
27019,Jeans
19524,Sweaters
7907,Tshirts
48386,Jeans
36957,Sports Shoes
28607,Sports Shoes
49630,Dresses
44913,Track Pants
25924,Tshirts
58570,Tshirts
33841,Casual Shoes
5208,Tshirts
39775,Shirts
5806,Tshirts
11923,Formal Shoes
58742,Tshirts
43904,Shirts
13648,Sports Shoes
34856,Casual Shoes
35984,Tops
19372,Formal Shoes
8725,Shirts
6479,Tshirts
29721,Shirts
3937,Tshirts
19988,Tops
17812,Tshirts
9431,Sports Shoes
32967,Tshirts
39781,Shirts
4920,Tops
10039,Sports Shoes
38653,Casual Shoes
10805,Shirts
14499,Casual Shoes
23029,Shirts
54947,Tshirts
7799,Casual Shoes
51409,Shirts
9603,Shirts
48524,Dresses
23815,Casual Shoes
35970,Tshirts
3339,Tshirts
24668,Casual Shoes
15913,Shirts
1836,Sports Shoes
4578,Sports Shoes
26903,Tops
29177,Shorts
9267,Shirts
18630,Tshirts
29345,Tshirts
12904,Sports Shoes
9869,Tshirts
8187,Shirts
18402,Casual Shoes
9055,Sports Shoes
48372,Shirts
40923,Jeans
38839,Dresses
5698,Casual Shoes
57994,Dresses
56846,Jeans
21128,Tops
1944,Tshirts
38345,Tshirts
19690,Shirts
12278,Shirts
18742,Tops
26871,Tops
34588,Dresses
7881,Formal Shoes
9127,Sports Shoes
18570,Tshirts
13198,Sports Shoes
6953,Tops
12876,Formal Shoes
17538,Shirts
47248,Casual Shoes
20188,Shirts
41983,Tshirts
4638,Sports Shoes
24528,Shirts
9543,Tshirts
3079,Tshirts
8491,Tops
29653,Shirts
3845,Tshirts
45947,Tops
44895,Tshirts
10379,Tshirts
40409,Tops
37769,Shirts
4852,Casual Shoes
5980,Shirts
18326,Shirts
2399,Casual Shoes
9771,Jackets
48456,Tshirts
23967,Tshirts
17994,Track Pants
13508,Tshirts
31658,Shirts
8465,Tshirts
2963,Sports Shoes
52138,Tshirts
24984,Tshirts
44861,Tshirts
5148,Tshirts
5974,Shirts
9785,Track Pants
22841,Casual Shoes
19200,Shirts
34118,Shorts
28547,Tshirts
43876,Casual Shoes
33759,Tops
11409,Tshirts
39263,Formal Shoes
41379,Tops
19664,Tshirts
26885,Tops
7875,Shorts
19456,Tshirts
27359,Tshirts
7049,Shirts
12882,Sports Shoes
13950,Tops
41977,Shorts
40099,Tshirts
59988,Dresses
18319,Shirts
48469,Dresses
43081,Track Pants
3274,Tshirts
42153,Tshirts
12623,Tshirts
6706,Tshirts
23164,Tshirts
16283,Tshirts
4051,Tshirts
15406,Sports Shoes
5183,Tshirts
10174,Casual Shoes
24341,Tshirts
21401,Tshirts
15634,Tshirts
4263,Tshirts
11294,Jeans
57481,Casual Shoes
10346,Tshirts
40436,Tops
2194,Tshirts
26624,Sports Shoes
3046,Tshirts
31693,Formal Shoes
17163,Shirts
18917,Shirts
6534,Tshirts
35233,Formal Shoes
38974,Shirts
15250,Casual Shoes
10722,Tshirts
41180,Tshirts
59943,Casual Shoes
26240,Shorts
3422,Tshirts
9118,Sports Shoes
30325,Tshirts
27392,Tshirts
12849,Dresses
35657,Formal Shoes
17507,Tshirts
6150,Sports Shoes
3610,Casual Shoes
12247,Shirts
26072,Shirts
13395,Shirts
30117,Tshirts
35465,Casual Shoes
6362,Casual Shoes
23500,Sports Shoes
4435,Tshirts
40260,Shirts
10510,Tshirts
32640,Tshirts
5721,Tshirts
44406,Sports Shoes
38980,Shirts
20143,Shirts
21091,Casual Shoes
39852,Tops
33554,Shirts
19469,Shirts
43623,Tops
2504,Casual Shoes
6998,Tshirts
13153,Tshirts
46351,Shirts
16421,Tshirts
8802,Shirts
22614,Tshirts
47283,Tshirts
26086,Shirts
27154,Shirts
13361,Casual Shoes
7244,Formal Shoes
35491,Formal Shoes
34543,Formal Shoes
5513,Tshirts
44634,Tshirts
33766,Casual Shoes
11436,Tshirts
41346,Jeans
13705,Tshirts
30587,Tshirts
31455,Tshirts
3280,Tshirts
14520,Shirts
20715,Casual Shoes
5177,Tshirts
4899,Tshirts
56795,Jeans
11052,Shirts
39638,Sports Shoes
33302,Tshirts
4297,Tshirts
36442,Casual Shoes
5345,Sports Shoes
14712,Shirts
11260,Skirts
24187,Casual Shoes
2160,Tshirts
9588,Shirts
13537,Casual Shoes
42395,Tshirts
17197,Sweaters
34315,Tshirts
19831,Shirts
16045,Shirts
16419,Tshirts
12885,Sports Shoes
13957,Tops
34749,Casual Shoes
28316,Casual Shoes
5719,Tshirts
57815,Tops
41970,Tshirts
57029,Tops
14940,Shorts
39264,Formal Shoes
15892,Casual Shoes
19663,Tops
13359,Casual Shoes
26882,Tshirts
14518,Shirts
5973,Shirts
9782,Shorts
22846,Casual Shoes
43871,Casual Shoes
28540,Jackets
17993,Track Pants
2158,Tshirts
8462,Tops
2964,Casual Shoes
19809,Sweaters
33934,Tshirts
11258,Tops
44866,Tshirts
4069,Casual Shoes
4855,Casual Shoes
5987,Shirts
48451,Tshirts
9776,Track Pants
18321,Shirts
43885,Casual Shoes
8496,Skirts
12429,Casual Shoes
28786,Shirts
5389,Sports Shoes
24977,Tshirts
1729,Casual Shoes
44892,Tshirts
26278,Tshirts
18577,Tshirts
6954,Tops
9120,Sports Shoes
12871,Formal Shoes
6168,Tshirts
41984,Tshirts
15268,Casual Shoes
38342,Tops
40258,Shirts
15866,Casual Shoes
39290,Casual Shoes
19697,Shirts
27198,Dresses
18745,Tops
7288,Tshirts
26876,Tops
4290,Tshirts
36445,Sports Shoes
14715,Shirts
5342,Casual Shoes
37597,Tshirts
24180,Casual Shoes
44859,Tshirts
2167,Shirts
43240,Sports Shoes
42392,Tshirts
31660,Shirts
17190,Shirts
16042,Shirts
3889,Tshirts
46732,Shorts
19836,Shirts
13702,Sports Shoes
27537,Shirts
31452,Tshirts
3287,Tshirts
23197,Shirts
11869,Formal Shoes
5170,Tshirts
14527,Shirts
11055,Shirts
10187,Shirts
33305,Tshirts
31036,Tshirts
28927,Tshirts
13366,Casual Shoes
27153,Shirts
7243,Formal Shoes
44633,Tshirts
5514,Tshirts
20376,Jackets
1988,Tshirts
36213,Tops
33761,Tshirts
38389,Tshirts
11431,Tshirts
20144,Shirts
38987,Tshirts
44401,Sports Shoes
5726,Sports Shoes
39855,Tshirts
33553,Shirts
13154,Tshirts
27361,Tshirts
2503,Casual Shoes
43624,Tops
22613,Tshirts
16426,Tshirts
8805,Shirts
13968,Casual Shoes
47284,Tshirts
26075,Shirts
3617,Tshirts
13392,Shirts
35462,Casual Shoes
17732,Sports Shoes
15065,Formal Shoes
4432,Tshirts
24722,Sports Shoes
10517,Sports Shoes
40267,Tshirts
32647,Tshirts
38973,Shirts
15257,Casual Shoes
59178,Casual Shoes
40055,Tshirts
59944,Casual Shoes
32475,Tshirts
3425,Tshirts
18548,Casual Shoes
30322,Tshirts
48238,Tshirts
35650,Formal Shoes
6157,Tshirts
17500,Tshirts
4264,Tshirts
15633,Tshirts
21406,Tshirts
24948,Tshirts
11293,Jeans
40431,Dresses
10341,Tshirts
2193,Shorts
42366,Shirts
26623,Sports Shoes
17164,Shirts
35234,Formal Shoes
26411,Shirts
12624,Tshirts
3273,Tshirts
23163,Tshirts
6701,Tshirts
16284,Tshirts
15401,Casual Shoes
4056,Tshirts
37751,Shirts
5184,Tshirts
22870,Casual Shoes
48493,Skirts
30589,Tshirts
42995,Sports Shoes
5179,Tshirts
5945,Shirts
39636,Sports Shoes
4897,Tops
4299,Tshirts
24189,Casual Shoes
44850,Tshirts
45982,Tops
8454,Tops
19003,Sweatshirts
43249,Jeans
3880,Tshirts
29696,Shirts
17199,Sweaters
57823,Tshirts
44408,Sports Shoes
27368,Tshirts
6996,Tshirts
8030,Track Pants
7844,Sports Shoes
13961,Sweaters
2738,Tshirts
19655,Tshirts
26088,Shirts
8202,Tshirts
1981,Shorts
41348,Jeans
39252,Casual Shoes
11438,Tops
33768,Casual Shoes
6962,Shirts
9116,Casual Shoes
47279,Formal Shoes
13995,Jackets
17509,Tshirts
12847,Tshirts
35659,Casual Shoes
30119,Tshirts
12249,Shirts
29808,Shirts
30925,Skirts
26418,Shirts
48467,Dresses
23956,Shirts
18317,Shirts
6708,Shirts
37758,Shirts
15408,Sports Shoes
4863,Tshirts
24941,Tops
25893,Tops
38522,Casual Shoes
10348,Tshirts
45976,Tops
3048,Tshirts
3874,Tshirts
18919,Shirts
36225,Casual Shoes
20340,Tshirts
41377,Tops
11407,Shirts
14949,Tshirts
33757,Tops
2707,Dresses
43420,Jeans
13350,Jeans
27165,Shirts
12282,Shirts
34572,Dresses
7275,Tshirts
27357,Tshirts
26285,Tshirts
6195,Tshirts
22625,Sweaters
8833,Sweaters
46360,Shirts
7047,Casual Shoes
35692,Casual Shoes
39863,Tshirts
41979,Tshirts
20172,Shirts
14347,Sports Shoes
44437,Casual Shoes
5710,Sports Shoes
59986,Dresses
40097,Tshirts
33565,Tshirts
31656,Shirts
13506,Tshirts
2151,Tshirts
22241,Casual Shoes
19800,Tshirts
34324,Tshirts
14723,Shirts
5374,Sports Shoes
52136,Tshirts
57444,Tshirts
5146,Tshirts
37793,Shirts
14511,Shirts
4094,Tshirts
11063,Shirts
42196,Tops
43044,Shorts
13734,Shirts
28549,Tshirts
43878,Casual Shoes
3077,Tshirts
26615,Sports Shoes
12420,Casual Shoes
18926,Tshirts
6505,Formal Shoes
17152,Jackets
5380,Sports Shoes
36487,Casual Shoes
4252,Tshirts
15605,Tshirts
40407,Tops
10377,Tshirts
45949,Tops
37767,Shirts
21602,Sweaters
4060,Tshirts
10145,Formal Shoes
11097,Tops
12612,Tshirts
3245,Casual Shoes
2397,Casual Shoes
48458,Shorts
23969,Tshirts
23155,Tshirts
15053,Formal Shoes
4404,Tshirts
41383,Tops
24714,Casual Shoes
26043,Shirts
29837,Shirts
17704,Casual Shoes
34586,Dresses
35454,Tshirts
7281,Tshirts
13196,Casual Shoes
9129,Sports Shoes
30314,Tshirts
3413,Tshirts
26271,Tshirts
55783,Casual Shoes
12044,Jeans
6161,Tshirts
47246,Casual Shoes
17536,Shirts
46394,Shirts
12878,Formal Shoes
4636,Sports Shoes
15261,Casual Shoes
20186,Shirts
38945,Tops
37131,Shirts
59972,Dresses
21868,Tops
24526,Shirts
24946,Tops
21408,Tshirts
25894,Tops
57488,Casual Shoes
38525,Casual Shoes
29665,Shirts
3873,Tshirts
18310,Tshirts
23951,Sweaters
48460,Shorts
4058,Tshirts
4864,Tshirts
9323,Sports Shoes
30922,Skirts
1972,Tshirts
32649,Shorts
40269,Tshirts
14985,Sweatshirts
15259,Casual Shoes
59176,Casual Shoes
37935,Tops
9111,Sports Shoes
6965,Tshirts
13992,Sports Shoes
6159,Tshirts
12840,Tshirts
13368,Casual Shoes
28929,Tshirts
31038,Tshirts
8205,Tshirts
19652,Tops
20378,Sweatshirts
1986,Tshirts
39255,Formal Shoes
5728,Sports Shoes
38989,Tshirts
39067,Tshirts
6991,Tshirts
7843,Sports Shoes
13966,Tshirts
16428,Tshirts
37599,Tshirts
44857,Tshirts
33139,Tshirts
11269,Tshirts
19004,Jackets
8453,Tops
2169,Shirts
19838,Shirts
3887,Tshirts
22877,Casual Shoes
3289,Tshirts
27539,Shirts
48494,Jeans
42992,Sports Shoes
7629,Tshirts
23199,Shirts
28571,Tshirts
14529,Tshirts
5942,Casual Shoes
10189,Shirts
4890,Tshirts
39631,Sports Shoes
30313,Tshirts
13191,Casual Shoes
55784,Casual Shoes
12043,Shirts
7888,Tshirts
26276,Tshirts
3414,Tshirts
47241,Casual Shoes
6166,Tshirts
46393,Shirts
15266,Casual Shoes
59149,Formal Shoes
39890,Sports Shoes
38942,Shirts
20181,Shirts
59975,Dresses
32444,Shorts
10714,Track Pants
40064,Tshirts
4403,Tshirts
15054,Formal Shoes
41384,Shirts
40256,Shirts
27196,Dresses
30121,Tshirts
12271,Shirts
19699,Shirts
26044,Shirts
34581,Dresses
35453,Tshirts
7286,Tshirts
26878,Tops
37760,Shirts
44292,Shirts
10142,Casual Shoes
11090,Shirts
3242,Sports Shoes
42165,Tshirts
12615,Tshirts
9778,Tshirts
2390,Casual Shoes
23152,Shirts
12427,Casual Shoes
26612,Sports Shoes
8498,Skirts
3070,Tshirts
17155,Shirts
18921,Shirts
6502,Formal Shoes
5387,Sports Shoes
15602,Sweatshirts
36480,Casual Shoes
10370,Tshirts
1727,Casual Shoes
40400,Tops
14516,Shirts
5141,Tshirts
37794,Shirts
4093,Tshirts
11064,Shirts
31463,Tshirts
22848,Casual Shoes
13733,Shirts
43043,Shirts
51586,Jeans
34111,Tops
3084,Tshirts
2156,Tshirts
13501,Tshirts
19807,Tshirts
22246,Casual Shoes
34323,Tshirts
5373,Sports Shoes
52131,Dresses
57443,Tshirts
44868,Tshirts
11256,Tshirts
27350,Tshirts
13165,Sports Shoes
26282,Tshirts
31235,Tshirts
28318,Casual Shoes
6192,Tshirts
13959,Tops
34747,Casual Shoes
7040,Casual Shoes
35695,Casual Shoes
46367,Shirts
16417,Tshirts
22622,Tshirts
39864,Tshirts
52555,Jeans
5717,Tshirts
20175,Shirts
59981,Dresses
11632,Shirts
33562,Tshirts
36222,Sports Shoes
20347,Sweaters
5525,Sports Shoes
57215,Shorts
13357,Casual Shoes
2700,Tops
34575,Tops
16625,Tshirts
7272,Tshirts
17757,Casual Shoes
30949,Tops
6300,Tshirts
35407,Formal Shoes
43487,Shirts
9348,Shorts
12225,Tshirts
3672,Sports Shoes
32622,Tshirts
10572,Sweaters
21235,Shirts
15000,Tshirts
4457,Tshirts
5585,Sports Shoes
1919,Casual Shoes
11692,Shirts
40030,Tshirts
57087,Skirts
15232,Casual Shoes
6132,Tshirts
17565,Shirts
9946,Sweaters
51370,Tshirts
30347,Tshirts
31295,Tshirts
3440,Tshirts
12017,Shirts
40454,Formal Shoes
10324,Tops
41586,Shirts
14784,Shirts
4201,Tshirts
3818,Tshirts
7484,Tshirts
6556,Tshirts
18975,Tshirts
12473,Formal Shoes
26646,Casual Shoes
6764,Tshirts
12641,Tshirts
26474,Tshirts
42131,Sports Shoes
13793,Tshirts
1541,Sports Shoes
40666,Tops
37734,Shirts
15464,Jackets
4033,Tshirts
1787,Sports Shoes
33152,Tops
14770,Shirts
5327,Casual Shoes
16027,Shirts
22212,Tshirts
19853,Shirts
7470,Tshirts
18981,Tshirts
34377,Tshirts
8438,Tops
31605,Skirts
12487,Formal Shoes
13555,Casual Shoes
2102,Shirts
7642,Tshirts
16215,Tshirts
6790,Tshirts
26480,Tshirts
2330,Tshirts
27552,Shirts
13767,Shirts
5929,Casual Shoes
33360,Formal Shoes
40692,Casual Shoes
11030,Shirts
5115,Tops
44232,Sports Shoes
7226,Formal Shoes
43473,Casual Shoes
13303,Shorts
19639,Sweatshirts
3686,Tshirts
11454,Tshirts
33704,Formal Shoes
5571,Sports Shoes
44656,Shirts
14126,Jeans
20313,Shirts
25453,Casual Shoes
58807,Shirts
57073,Jeans
39830,Shorts
14314,Tshirts
20121,Tops
5743,Tshirts
8860,Shirts
16443,Sweatshirts
46333,Sports Shoes
13131,Formal Shoes
43641,Tops
31261,Tshirts
7828,Casual Shoes
10129,Formal Shoes
4830,Track Pants
7689,Tshirts
23139,Sweatshirts
3229,Sports Shoes
9713,Tshirts
48434,Tshirts
23905,Casual Shoes
6569,Tshirts
18176,Sweatshirts
17902,Track Pants
9521,Shirts
33199,Dresses
58494,Dresses
24912,Tshirts
29255,Sports Shoes
16488,Tshirts
12814,Casual Shoes
6931,Tshirts
18512,Jackets
9145,Jeans
12028,Shirts
59122,Jackets
5788,Shorts
38327,Tops
4468,Casual Shoes
1926,Tshirts
17768,Casual Shoes
26813,Shirts
35438,Shirts
18720,Tops
31098,Shirts
13932,Shirts
2559,Tshirts
8063,Formal Shoes
7817,Tshirts
11659,Tshirts
33509,Shorts
45589,Formal Shoes
58004,Tops
14925,Tshirts
44669,Shirts
14119,Tshirts
27935,Jeans
7219,Formal Shoes
9383,Casual Shoes
19606,Tops
5916,Casual Shoes
39665,Casual Shoes
11833,Casual Shoes
28525,Tshirts
47488,Casual Shoes
35894,Tshirts
22823,Casual Shoes
13758,Shirts
34348,Tshirts
8407,Tshirts
16824,Tshirts
38585,Tshirts
44803,Tops
57428,Tshirts
58460,Tshirts
33951,Tshirts
57074,Jeans
58800,Shirts
33531,Casual Shoes
39837,Tshirts
37191,Tshirts
5744,Sports Shoes
20126,Tops
14313,Tshirts
46334,Sports Shoes
7013,Tshirts
29299,Tshirts
8867,Shirts
16444,Sweatshirts
9189,Jeans
43646,Dresses
13136,Casual Shoes
31266,Tshirts
7221,Formal Shoes
13304,Skirts
2753,Tshirts
43474,Casual Shoes
8269,Tshirts
3681,Tshirts
33703,Formal Shoes
20314,Shirts
14121,Jeans
5576,Sports Shoes
16212,Tshirts
7645,Tshirts
26487,Tshirts
13760,Shirts
27555,Shirts
2337,Tshirts
11037,Tops
41747,Tshirts
53282,Tshirts
44235,Sports Shoes
5112,Tshirts
33155,Tshirts
25030,Shorts
5320,Casual Shoes
14777,Shirts
33969,Dresses
58458,Tshirts
52162,Dresses
36427,Sports Shoes
19854,Shirts
22215,Tshirts
2939,Tshirts
34370,Tshirts
18986,Tshirts
47682,Casual Shoes
12480,Formal Shoes
31602,Tshirts
2105,Track Pants
43222,Casual Shoes
6763,Tshirts
42136,Sports Shoes
3211,Tshirts
26473,Tshirts
12646,Tshirts
1546,Casual Shoes
10111,Sports Shoes
4808,Shorts
37733,Shirts
4034,Tshirts
40453,Casual Shoes
38549,Casual Shoes
14783,Shirts
21464,Sweaters
4206,Tshirts
7483,Tshirts
29609,Shirts
6551,Tshirts
47676,Dresses
26641,Casual Shoes
3023,Tshirts
9519,Shirts
32417,Tshirts
11695,Shirts
24572,Tshirts
57080,Shirts
40037,Tshirts
15235,Casual Shoes
4662,Sports Shoes
44497,Casual Shoes
37165,Tops
17562,Shirts
9941,Tshirts
6135,Tshirts
47212,Formal Shoes
51377,Shorts
30340,Tshirts
6909,Tshirts
12010,Shirts
31292,Tops
3447,Tshirts
6307,Tops
17750,Shirts
18718,Tops
43480,Casual Shoes
48068,Tshirts
3675,Casual Shoes
32625,Tshirts
10575,Tshirts
45777,Dresses
15007,Jackets
5582,Sports Shoes
8400,Tshirts
16823,Tshirts
18185,Jeans
44804,Tops
38582,Shorts
14748,Shirts
33956,Tshirts
36418,Sports Shoes
33358,Formal Shoes
5911,Casual Shoes
11008,Tshirts
41778,Tops
39662,Sports Shoes
11834,Casual Shoes
22824,Casual Shoes
35893,Tshirts
14922,Tshirts
27932,Shirts
16649,Tshirts
9384,Sports Shoes
8256,Sports Shoes
19601,Tops
46905,Jeans
13935,Tshirts
8858,Shirts
13109,Track Pants
7810,Casual Shoes
31259,Tshirts
52539,Jeans
58003,Dresses
20119,Tops
15038,Sweaters
22488,Sports Shoes
26814,Shirts
18727,Sweaters
12813,Casual Shoes
29252,Sports Shoes
9142,Jeans
6936,Tshirts
3478,Tshirts
32428,Tshirts
10778,Shorts
35269,Tshirts
3820,Tops
29636,Shirts
47649,Casual Shoes
17905,Sweatshirts
18171,Tops
24129,Sweatshirts
38576,Track Pants
58493,Dresses
4239,Tshirts
1579,Jackets
4837,Tshirts
34189,Tshirts
42109,Tshirts
48433,Tshirts
9714,Tshirts
41771,Tops
1584,Jackets
33351,Formal Shoes
14573,Casual Shoes
5124,Tshirts
34174,Tshirts
13756,Shirts
27563,Shirts
2301,Tshirts
6593,Tops
19862,Sports Shoes
7441,Tshirts
22223,Tshirts
2133,Shirts
26683,Sports Shoes
8409,Tshirts
31634,Shirts
11233,Jeans
25006,Shirts
57426,Tshirts
33163,Tops
52154,Tops
15693,Shirts
5316,Formal Shoes
14741,Shirts
7025,Tshirts
8851,Shirts
16472,Shirts
9983,Tshirts
7819,Tshirts
3485,Tshirts
31250,Tshirts
2557,Tshirts
43670,Tops
13100,Tshirts
57042,Dresses
11657,Tshirts
25462,Sports Shoes
5772,Tops
14325,Tshirts
39801,Shirts
45587,Formal Shoes
11465,Shirts
20322,Shirts
14117,Jeans
5540,Sports Shoes
36247,Tshirts
4492,Sports Shoes
22475,Tshirts
16640,Tshirts
7217,Formal Shoes
42590,Tshirts
19608,Tops
13332,Shirts
17554,Shirts
6103,Tshirts
12026,Shirts
24544,Tops
10771,Casual Shoes
32421,Tshirts
37153,Tshirts
38329,Tops
24776,Sports Shoes
57284,Shirts
1928,Tshirts
44693,Tops
4466,Sports Shoes
15031,Sweaters
22481,Tshirts
35436,Shorts
6331,Shirts
17766,Casual Shoes
42564,Tops
31096,Shirts
3643,Casual Shoes
30144,Tshirts
32277,Sports Shoes
41785,Tops
1570,Tshirts
24312,Shorts
10127,Casual Shoes
6755,Sports Shoes
34180,Tshirts
23137,Sweatshirts
7687,Shorts
54065,Casual Shoes
3227,Sports Shoes
12670,Shorts
6567,Tshirts
47640,Casual Shoes
35260,Tops
18178,Tops
3015,Tshirts
4230,Tshirts
7228,Formal Shoes
3688,Sports Shoes
19637,Tops
48095,Tops
14914,Tshirts
39230,Tops
14128,Jeans
44658,Casual Shoes
33538,Jeans
58809,Shirts
20913,Jeans
39002,Tshirts
11668,Tshirts
37198,Dresses
29290,Shirts
13903,Casual Shoes
19405,Tshirts
7826,Sports Shoes
49375,Casual Shoes
9180,Tshirts
25039,Shorts
44832,Tshirts
1789,Sports Shoes
5329,Sports Shoes
34379,Tshirts
16029,Shirts
8436,Tops
16815,Shirts
28514,Shorts
13769,Shirts
22812,Tshirts
39654,Sports Shoes
5927,Casual Shoes
41588,Shirts
38540,Casual Shoes
24923,Tops
33994,Shirts
6558,Tshirts
3816,Tshirts
17933,Tshirts
9510,Shorts
26648,Casual Shoes
48405,Tshirts
23934,Casual Shoes
9722,Tshirts
3218,Casual Shoes
4801,Tshirts
38772,Casual Shoes
40668,Shirts
29056,Track Pants
35409,Formal Shoes
17759,Casual Shoes
30947,Tops
18711,Skirts
43489,Jeans
9346,Shorts
24749,Sports Shoes
1917,Casual Shoes
4459,Tshirts
57089,Skirts
29264,Sports Shoes
9948,Tshirts
12019,Shirts
49381,Casual Shoes
48253,Tshirts
30349,Tshirts
9174,Jeans
6900,Casual Shoes
18523,Jackets
47647,Formal Shoes
35267,Tops
46795,Formal Shoes
9528,Tshirts
3012,Shirts
26670,Casual Shoes
38578,Tshirts
24127,Tshirts
4237,Tshirts
21455,Tshirts
39698,Shirts
4839,Tshirts
14580,Shirts
23130,Tshirts
6752,Sports Shoes
34187,Tshirts
35055,Formal Shoes
27590,Tshirts
3220,Sports Shoes
42107,Tshirts
57283,Shirts
44694,Dresses
15036,Sweaters
4461,Jackets
22486,Sports Shoes
17761,Formal Shoes
31091,Shirts
3644,Casual Shoes
30143,Tshirts
18729,Sweaters
6104,Tshirts
17553,Shirts
9970,Sweatshirts
3476,Tshirts
6938,Tshirts
43683,Tops
10776,Tshirts
24543,Tops
32426,Shorts
37154,Tshirts
45574,Formal Shoes
57277,Shirts
11462,Tshirts
5547,Tshirts
44660,Casual Shoes
14110,Sweatshirts
36240,Tops
4495,Sports Shoes
7210,Tshirts
16647,Tshirts
22472,Shirts
8258,Sports Shoes
2762,Tshirts
13335,Tops
8856,Shirts
16475,Shirts
22640,Tshirts
9984,Tshirts
3482,Track Pants
31257,Tshirts
13107,Tshirts
43677,Dresses
57045,Dresses
25465,Sports Shoes
14322,Jackets
5775,Tops
34341,Tshirts
6594,Tops
22224,Tshirts
7446,Tshirts
13563,Casual Shoes
2134,Shirts
26684,Casual Shoes
11234,Jeans
40496,Tops
57421,Tshirts
36416,Casual Shoes
52153,Tops
14746,Shirts
41776,Tops
33356,Formal Shoes
5123,Tshirts
34173,Tshirts
7674,Tshirts
16223,Tshirts
13751,Shirts
12683,Sports Shoes
40039,Tshirts
37957,Casual Shoes
32419,Shorts
29263,Sports Shoes
51379,Shorts
6907,Tshirts
18524,Jackets
9173,Jeans
48254,Tshirts
29051,Tshirts
8293,Tshirts
9341,Tshirts
48066,Jeans
18716,Tops
1910,Tshirts
59326,Casual Shoes
15009,Jackets
45779,Tops
48402,Tshirts
42138,Sports Shoes
4806,Tshirts
38775,Casual Shoes
1548,Sports Shoes
53278,Shirts
38547,Casual Shoes
4208,Tshirts
33993,Shirts
24924,Tops
47678,Tops
29607,Shirts
3811,Tshirts
35258,Shirts
17934,Shorts
9517,Shirts
28513,Shorts
6799,Casual Shoes
2339,Tshirts
26489,Tshirts
22815,Casual Shoes
39653,Sports Shoes
11039,Shirts
5920,Casual Shoes
38781,Casual Shoes
44835,Tshirts
36429,Casual Shoes
14779,Shirts
33967,Shirts
18988,Tshirts
2937,Tshirts
7479,Tshirts
16812,Shirts
39005,Tops
20128,Shirts
39839,Tshirts
29297,Tshirts
8869,Shirts
49372,Casual Shoes
19402,Tshirts
13138,Casual Shoes
9187,Jeans
43648,Dresses
19630,Tshirts
48092,Tops
14913,Tshirts
39237,Tops
5578,Sports Shoes
58200,Sports Shoes
21099,Formal Shoes
38988,Tshirts
5729,Casual Shoes
13967,Tshirts
16429,Tshirts
46359,Shirts
6990,Tshirts
7842,Sports Shoes
28928,Tshirts
13369,Casual Shoes
19653,Tops
8204,Tshirts
31039,Shirts
39254,Casual Shoes
20379,Sweatshirts
42993,Sports Shoes
28570,Tshirts
23198,Shirts
22876,Casual Shoes
3288,Tshirts
27538,Shirts
10188,Shirts
5943,Shirts
39630,Sports Shoes
4891,Tshirts
14528,Shirts
33138,Shirts
44856,Tshirts
37598,Tshirts
29690,Shorts
3886,Tshirts
19839,Shirts
28742,Tops
8452,Tops
19005,Sweatshirts
2168,Shirts
18311,Sweaters
4865,Tshirts
56769,Shirts
4059,Tshirts
11892,Formal Shoes
38524,Casual Shoes
57489,Casual Shoes
45970,Tops
24947,Tops
21409,Tshirts
29664,Shirts
3872,Tshirts
39092,Shirts
37934,Tops
59177,Casual Shoes
15258,Casual Shoes
6158,Tshirts
13993,Casual Shoes
12841,Tshirts
9110,Sports Shoes
26248,Tshirts
30923,Skirts
32648,Shorts
14984,Sweatshirts
1973,Tshirts
19806,Tshirts
7425,Tops
34322,Tshirts
3085,Tshirts
13500,Tshirts
2157,Tshirts
57442,Tshirts
44869,Tshirts
11257,Tshirts
5372,Sports Shoes
52130,Dresses
33335,Formal Shoes
37795,Shirts
5140,Tshirts
14517,Shirts
4092,Tshirts
51587,Jeans
34110,Tops
31462,Tshirts
22849,Casual Shoes
43042,Tops
13732,Shirts
11401,Shirts
57214,Shorts
33751,Tops
36223,Sports Shoes
20346,Sweaters
34574,Tops
7273,Tshirts
2701,Tops
13356,Casual Shoes
12284,Shirts
13958,Tops
34746,Casual Shoes
16416,Tshirts
22623,Tshirts
35694,Casual Shoes
7041,Casual Shoes
13164,Sports Shoes
31234,Tshirts
26283,Tshirts
25406,Tshirts
59980,Dresses
33563,Tshirts
40091,Tshirts
52554,Jeans
39865,Tshirts
20174,Shirts
5716,Tshirts
41385,Shirts
24712,Casual Shoes
15055,Formal Shoes
4402,Tshirts
53640,Casual Shoes
17702,Casual Shoes
34580,Tops
7287,Tshirts
35452,Tshirts
26879,Tops
27197,Dresses
26045,Shirts
29831,Shirts
47240,Casual Shoes
35660,Casual Shoes
46392,Tshirts
18578,Sweatshirts
13190,Sports Shoes
30312,Tshirts
3415,Tshirts
7889,Track Pants
55785,Casual Shoes
12042,Shirts
26277,Tshirts
32445,Shorts
59974,Dresses
40065,Tshirts
10715,Tops
39891,Casual Shoes
15267,Casual Shoes
38943,Shirts
20180,Shirts
51741,Sports Shoes
6503,Formal Shoes
18920,Shirts
28789,Shirts
17154,Jackets
3071,Tshirts
8499,Skirts
12426,Casual Shoes
26613,Sports Shoes
10371,Sweatshirts
24144,Tshirts
5386,Sports Shoes
4254,Tshirts
36481,Casual Shoes
15603,Jackets
5988,Shirts
10143,Formal Shoes
11091,Shirts
37761,Shirts
44293,Shirts
4066,Casual Shoes
23153,Tshirts
6731,Sports Shoes
12614,Tshirts
3243,Sports Shoes
42164,Tshirts
2391,Formal Shoes
9779,Track Pants
30924,Skirts
29035,Tshirts
30118,Tshirts
14983,Shirts
59342,Casual Shoes
37933,Tops
17508,Tshirts
47278,Formal Shoes
13994,Jackets
12846,Tshirts
35658,Casual Shoes
9117,Sports Shoes
6963,Tshirts
38523,Casual Shoes
45977,Tops
24940,Tshirts
25892,Tops
3875,Tshirts
18918,Shirts
3049,Tshirts
6709,Casual Shoes
26419,Shirts
18316,Shirts
23957,Shirts
48466,Dresses
4862,Tshirts
37759,Shirts
11895,Formal Shoes
24188,Casual Shoes
44851,Tshirts
39405,Shirts
45983,Tops
4298,Tshirts
3881,Tshirts
17198,Sweaters
8455,Tops
31668,Jeans
13538,Casual Shoes
16278,Sweatshirts
42994,Sports Shoes
22871,Casual Shoes
48492,Tops
30588,Tshirts
5944,Casual Shoes
4896,Tops
39637,Sports Shoes
5178,Tshirts
19654,Tshirts
11439,Tops
41349,Jeans
39253,Casual Shoes
33769,Casual Shoes
13960,Tops
27369,Tshirts
6997,Tshirts
19466,Shirts
7845,Sports Shoes
10144,Casual Shoes
11096,Sweaters
37766,Shirts
4061,Tshirts
23154,Tshirts
12613,Tshirts
2396,Casual Shoes
23968,Tshirts
48459,Shorts
17153,Jackets
6504,Jackets
18927,Tshirts
26614,Sports Shoes
12421,Casual Shoes
24143,Tshirts
10376,Tshirts
40406,Tops
5381,Sports Shoes
15604,Tshirts
21431,Shorts
4253,Tshirts
36486,Casual Shoes
17537,Shirts
6160,Tshirts
47247,Casual Shoes
46395,Shirts
12879,Formal Shoes
29238,Sports Shoes
30315,Tshirts
9128,Sports Shoes
13197,Sports Shoes
12045,Shirts
3412,Tshirts
59973,Dresses
24527,Shirts
10712,Tshirts
33590,Tshirts
15260,Casual Shoes
39896,Sports Shoes
4637,Sports Shoes
20187,Shirts
38944,Tops
41382,Tops
4405,Tshirts
15052,Formal Shoes
34587,Tops
17705,Casual Shoes
35455,Tshirts
30127,Tshirts
26042,Shirts
12277,Shirts
6194,Tshirts
46361,Shirts
35693,Casual Shoes
7046,Casual Shoes
22624,Tshirts
8832,Sweaters
16411,Shirts
43613,Tshirts
13163,Sports Shoes
27356,Tshirts
26284,Tshirts
19459,Tshirts
31233,Tshirts
59987,Dresses
41144,Tops
40096,Tshirts
33564,Tshirts
39862,Tshirts
52553,Jeans
44436,Casual Shoes
20173,Shirts
14346,Sports Shoes
11406,Tshirts
41376,Tops
14948,Tshirts
33756,Tops
36224,Casual Shoes
20341,Sweatshirts
34573,Tops
13351,Jeans
27164,Shirts
2706,Tops
43421,Jeans
11062,Shirts
14510,Shirts
37792,Shirts
5147,Shirts
4095,Tshirts
34117,Shorts
43879,Casual Shoes
28548,Tshirts
31465,Tshirts
13735,Shirts
43045,Shorts
19801,Tshirts
7422,Tops
22240,Casual Shoes
34325,Tshirts
3082,Tshirts
31657,Shirts
2150,Tshirts
13507,Tshirts
57445,Tshirts
10382,Tops
11250,Shirts
5375,Sports Shoes
14722,Shirts
52137,Tshirts
29655,Shirts
17966,Casual Shoes
9545,Tshirts
12428,Casual Shoes
8497,Skirts
45941,Tops
44893,Tshirts
1728,Sports Shoes
5388,Sports Shoes
24976,Tops
4854,Casual Shoes
5986,Shirts
4068,Casual Shoes
43884,Casual Shoes
18320,Shirts
48450,Tshirts
23961,Shirts
9777,Track Pants
38343,Tops
39291,Casual Shoes
15867,Casual Shoes
1942,Tshirts
7289,Tshirts
26877,Tops
23539,Sweatshirts
19696,Shirts
27199,Skirts
18744,Shirts
12870,Casual Shoes
7887,Track Pants
26279,Tshirts
9121,Sports Shoes
18576,Tshirts
37139,Shirts
41985,Tshirts
15269,Casual Shoes
14941,Shorts
15893,Casual Shoes
39265,Formal Shoes
26883,Tshirts
19662,Sweatshirts
13358,Casual Shoes
12884,Tshirts
16418,Tshirts
28317,Formal Shoes
13956,Tops
34748,Casual Shoes
19450,Tshirts
7873,Tshirts
57028,Tops
5718,Tshirts
41971,Tops
2965,Casual Shoes
2159,Tshirts
8463,Tops
44867,Tshirts
33935,Tshirts
5972,Shirts
14519,Shirts
28541,Tshirts
9783,Tshirts
22847,Casual Shoes
59945,Casual Shoes
15256,Casual Shoes
21063,Casual Shoes
35651,Formal Shoes
17501,Tshirts
6156,Tshirts
26246,Tshirts
3424,Tshirts
30323,Tshirts
48239,Tshirts
35463,Casual Shoes
29800,Shirts
3616,Shirts
12241,Shirts
13393,Shirts
30111,Shirts
40266,Tshirts
32646,Tshirts
20383,Sweaters
4433,Tshirts
15064,Formal Shoes
23162,Tshirts
16285,Tshirts
9748,Shirts
3272,Tshirts
12625,Tshirts
24347,Tshirts
10172,Casual Shoes
4057,Tshirts
15400,Sports Shoes
53215,Shirts
5185,Tshirts
37750,Shirts
11292,Jeans
57487,Casual Shoes
10340,Tshirts
40430,Dresses
15632,Track Pants
21407,Tshirts
4265,Tshirts
24949,Tshirts
17165,Shirts
6532,Skirts
18911,Sports Shoes
17959,Casual Shoes
2192,Shorts
54202,Shirts
26622,Sports Shoes
23196,Shirts
16271,Tops
13703,Casual Shoes
22878,Casual Shoes
3286,Tshirts
31453,Tshirts
19239,Casual Shoes
11054,Shirts
33304,Tshirts
10186,Shirts
20713,Casual Shoes
14526,Shirts
5171,Tops
24181,Casual Shoes
44858,Tshirts
36444,Casual Shoes
37596,Tshirts
5343,Casual Shoes
17191,Shirts
19837,Shirts
3888,Tshirts
16043,Shirts
2166,Shirts
43241,Sports Shoes
42393,Tshirts
31661,Shirts
33552,Shirts
32480,Tshirts
41172,Shirts
44400,Sports Shoes
5727,Casual Shoes
20145,Shirts
38986,Tshirts
39854,Tshirts
7070,Track Pants
22612,Tshirts
8804,Shirts
16427,Tshirts
13969,Casual Shoes
47285,Tshirts
2502,Casual Shoes
43625,Dresses
13155,Tshirts
27360,Tshirts
7242,Formal Shoes
31037,Tshirts
13367,Casual Shoes
27152,Shirts
2730,Tops
28926,Tshirts
33760,Tops
11430,Tshirts
20377,Jackets
1989,Tshirts
44632,Track Pants
5515,Tshirts
36212,Tops
15090,Shirts
5975,Shirts
5149,Tshirts
43877,Casual Shoes
28546,Tshirts
9784,Formal Shoes
19201,Shirts
22840,Casual Shoes
42199,Tops
13509,Tshirts
17995,Track Pants
44860,Tshirts
25857,Casual Shoes
52139,Tshirts
24985,Tops
12883,Casual Shoes
7048,Casual Shoes
13951,Tshirts
19457,Tshirts
7874,Formal Shoes
27358,Tshirts
40098,Tshirts
59989,Dresses
14946,Tshirts
33758,Tops
39262,Formal Shoes
41378,Tops
11408,Sweatshirts
19665,Tshirts
2708,Dresses
12877,Formal Shoes
17539,Shirts
7880,Formal Shoes
6952,Tshirts
13199,Sports Shoes
18571,Sweaters
9126,Sports Shoes
24529,Shirts
20189,Shirts
4639,Sports Shoes
41982,Tshirts
38344,Tshirts
15860,Casual Shoes
1945,Tshirts
26870,Tshirts
34589,Tops
12279,Shirts
29838,Shirts
18743,Tops
4853,Casual Shoes
5981,Shirts
37768,Shirts
2398,Casual Shoes
23966,Tshirts
48457,Shorts
18327,Shirts
18929,Tshirts
2996,Tshirts
29652,Shirts
3844,Tshirts
9542,Tshirts
8490,Tops
3078,Tshirts
45946,Tshirts
40408,Tops
44894,Tshirts
10378,Tshirts
35490,Formal Shoes
34542,Casual Shoes
26087,Shirts
43410,Shirts
2737,Tops
27155,Shirts
13360,Casual Shoes
18788,Shirts
33767,Casual Shoes
41347,Jeans
11437,Tops
44635,Tshirts
20370,Shirts
36215,Shorts
33555,Tshirts
32487,Shorts
38981,Shirts
20142,Shirts
5720,Tshirts
44407,Sports Shoes
39853,Tshirts
8803,Shirts
16420,Tshirts
22615,Tshirts
47282,Tshirts
13152,Tshirts
6999,Tshirts
43622,Tops
2505,Casual Shoes
11261,Dresses
24186,Casual Shoes
36443,Casual Shoes
4296,Tshirts
5344,Casual Shoes
34314,Tshirts
17196,Sweaters
16044,Shirts
29699,Shirts
19830,Shirts
43246,Jeans
9589,Shirts
2161,Tshirts
42394,Tshirts
23191,Shirts
16276,Sweatshirts
2353,Sports Shoes
30586,Tshirts
3281,Tshirts
31454,Skirts
39639,Casual Shoes
11053,Shirts
4898,Tops
33303,Tshirts
5176,Tshirts
14521,Shirts
20714,Casual Shoes
45979,Tops
11295,Jeans
57480,Casual Shoes
10347,Tshirts
4262,Tshirts
21400,Tshirts
15635,Tshirts
18916,Shirts
17162,Shirts
31692,Casual Shoes
3047,Tshirts
23165,Tshirts
6707,Tshirts
16282,Sweatshirts
43080,Tops
23959,Shirts
48468,Dresses
18318,Shirts
12622,Tshirts
3275,Tshirts
42152,Tshirts
10175,Casual Shoes
24340,Tshirts
15407,Casual Shoes
4050,Tshirts
5182,Tshirts
37757,Shirts
35464,Casual Shoes
6363,Casual Shoes
12246,Shirts
26073,Shirts
13394,Shirts
10511,Tops
24724,Tshirts
40261,Shirts
32641,Tshirts
20384,Tshirts
15063,Formal Shoes
38149,Tshirts
10723,Tshirts
21858,Tshirts
59942,Casual Shoes
15251,Casual Shoes
12848,Skirts
35656,Casual Shoes
6151,Casual Shoes
17506,Tshirts
3423,Tshirts
30324,Tshirts
9119,Sports Shoes
43676,Dresses
13106,Sweatshirts
7023,Tshirts
8857,Shirts
22641,Tshirts
23793,Casual Shoes
9985,Tshirts
5774,Tops
14323,Sweaters
52536,Jeans
57044,Dresses
10783,Sports Shoes
25464,Sports Shoes
14111,Sweatshirts
5546,Tshirts
4494,Sports Shoes
57276,Shirts
11463,Tshirts
39209,Formal Shoes
13334,Shirts
16646,Tshirts
49942,Tshirts
14575,Casual Shoes
5122,Tshirts
41777,Tops
13750,Shirts
2307,Tshirts
34172,Tshirts
16222,Track Pants
2135,Shirts
6595,Tops
34340,Tshirts
7447,Tshirts
19864,Sports Shoes
16010,Tshirts
22225,Tshirts
36417,Sports Shoes
14747,Shirts
11235,Jeans
57420,Tshirts
33165,Tops
14581,Sweatshirts
56734,Tshirts
4838,Tshirts
24314,Tshirts
3221,Sports Shoes
42106,Tshirts
34186,Tshirts
23131,Tshirts
9529,Shorts
26671,Casual Shoes
3013,Shirts
47646,Formal Shoes
18942,Tshirts
35266,Tops
29639,Shirts
21454,Tshirts
4236,Tshirts
37531,Tshirts
24126,Tshirts
38579,Tshirts
3477,Tshirts
43682,Tshirts
6939,Tshirts
9971,Sweatshirts
17552,Shirts
6105,Tshirts
37155,Tshirts
5780,Tops
45575,Formal Shoes
10777,Jackets
24542,Tops
32427,Shorts
25490,Casual Shoes
4460,Tshirts
15037,Sweaters
57282,Shirts
3645,Casual Shoes
31090,Shirts
42562,Tops
18728,Sweaters
30142,Tshirts
35430,Sports Shoes
17760,Formal Shoes
36428,Sports Shoes
14778,Shirts
33966,Tops
44834,Tshirts
16813,Shirts
2936,Tshirts
18989,Tshirts
2338,Tshirts
22814,Shorts
26488,Tshirts
28512,Shorts
11038,Tops
39652,Sports Shoes
41748,Tshirts
38780,Casual Shoes
5921,Casual Shoes
19631,Tshirts
48093,Shirts
34529,Casual Shoes
5579,Sports Shoes
14912,Tshirts
39236,Tops
20129,Shirts
39838,Tshirts
20915,Jeans
7820,Tshirts
19403,Tshirts
49373,Casual Shoes
31269,Tshirts
9186,Jeans
13139,Casual Shoes
29296,Tshirts
8868,Shirts
13905,Sports Shoes
8292,Tshirts
18717,Tops
9340,Tops
48067,Tshirts
29050,Tshirts
1911,Tshirts
15008,Jackets
59115,Jackets
37956,Casual Shoes
21833,Tshirts
3448,Tshirts
6906,Tshirts
12823,Casual Shoes
29262,Sports Shoes
51378,Shorts
4209,Tshirts
24925,Tops
38546,Casual Shoes
17935,Tshirts
35259,Shirts
29606,Tshirts
3810,Tshirts
48403,Tshirts
23932,Sports Shoes
42139,Casual Shoes
12649,Tshirts
4807,Tshirts
1549,Sports Shoes
38774,Casual Shoes
1929,Sports Shoes
15030,Sweaters
4467,Sports Shoes
57285,Shirts
38328,Tops
42565,Tops
3642,Casual Shoes
31097,Shirts
30145,Tshirts
35437,Shorts
22480,Tshirts
17767,Casual Shoes
43685,Tshirts
16487,Tshirts
6102,Tshirts
47225,Formal Shoes
9976,Sweatshirts
17555,Shirts
37152,Tshirts
5787,Tshirts
4655,Sports Shoes
15202,Tshirts
24545,Tops
10770,Casual Shoes
32420,Shorts
18179,Tops
3014,Tshirts
6566,Shorts
47641,Casual Shoes
35261,Tops
4231,Tshirts
32878,Tops
21453,Tshirts
40464,Sports Shoes
24121,Casual Shoes
41784,Dresses
56733,Tshirts
10126,Sports Shoes
1571,Sports Shoes
27596,Tshirts
12671,Shorts
3226,Sports Shoes
23136,Sweatshirts
34181,Tshirts
6754,Sports Shoes
35053,Casual Shoes
7686,Jackets
2132,Shirts
31635,Shirts
8408,Tshirts
26682,Sports Shoes
6592,Tshirts
34347,Tshirts
22222,Tshirts
7440,Tshirts
19863,Sports Shoes
52155,Dresses
15692,Shirts
14740,Shirts
5317,Formal Shoes
25007,Shirts
57427,Tshirts
5125,Shirts
14572,Casual Shoes
41770,Dresses
5919,Casual Shoes
33350,Formal Shoes
2300,Tshirts
13757,Shirts
27562,Shirts
12685,Casual Shoes
34175,Tshirts
7672,Tshirts
5541,Sports Shoes
14116,Jeans
4493,Sports Shoes
11464,Tshirts
19609,Tops
42591,Dresses
2764,Tshirts
13333,Shirts
7216,Formal Shoes
16641,Tshirts
31251,Tshirts
7818,Tshirts
13101,Tshirts
2556,Tshirts
9982,Tshirts
14324,Sweaters
5773,Shorts
45586,Formal Shoes
39800,Shirts
57043,Dresses
11656,Tshirts
23935,Casual Shoes
48404,Tshirts
3219,Sports Shoes
4800,Tshirts
40669,Shirts
33995,Tops
24922,Tops
41589,Shirts
38541,Casual Shoes
9511,Tshirts
17932,Tshirts
26649,Sports Shoes
3817,Tshirts
59112,Jackets
57088,Skirts
12018,Shirts
18522,Jackets
6901,Tshirts
48252,Tshirts
9175,Jeans
30348,Tshirts
29265,Sports Shoes
12824,Casual Shoes
9949,Tshirts
8295,Tshirts
43488,Shirts
9347,Shirts
18710,Skirts
17758,Casual Shoes
30946,Tops
1916,Sports Shoes
4458,Tshirts
37199,Shorts
58808,Shirts
33539,Tops
39003,Tshirts
7827,Tshirts
19404,Tshirts
9181,Tshirts
29291,Shirts
13902,Sports Shoes
19636,Tops
3689,Sports Shoes
48094,Tops
44659,Casual Shoes
14129,Jeans
14915,Tshirts
39231,Tops
13768,Shirts
8605,Tshirts
22813,Tshirts
28515,Shorts
39655,Sports Shoes
5926,Casual Shoes
25038,Tshirts
1788,Sports Shoes
44833,Tshirts
16814,Shirts
8437,Tops
34378,Tshirts
2931,Tshirts
16028,Shirts
14782,Shirts
4207,Tshirts
15650,Tshirts
21465,Sweaters
40452,Formal Shoes
38548,Casual Shoes
26640,Casual Shoes
29608,Shirts
7482,Tshirts
34385,Tshirts
18973,Shirts
26472,Tshirts
42137,Sports Shoes
3210,Tshirts
6762,Tshirts
37732,Shirts
20785,Sweatshirts
15462,Jackets
4035,Tshirts
10110,Sports Shoes
1547,Casual Shoes
4809,Shorts
48069,Tshirts
43481,Shirts
18719,Tops
3674,Casual Shoes
17751,Shirts
6306,Tshirts
35401,Casual Shoes
15006,Jackets
59329,Casual Shoes
45776,Tops
5583,Sports Shoes
32624,Tshirts
10574,Tshirts
4663,Sports Shoes
15234,Casual Shoes
37164,Tops
11694,Shirts
32416,Tshirts
40036,Tshirts
6908,Tshirts
30341,Tshirts
3446,Tshirts
31293,Tops
12011,Shirts
6134,Casual Shoes
47213,Formal Shoes
9940,Tshirts
17563,Shirts
51376,Casual Shoes
43475,Casual Shoes
13305,Skirts
3680,Tshirts
8268,Tshirts
7220,Formal Shoes
45782,Tshirts
5577,Sports Shoes
20315,Tshirts
14120,Tops
33702,Formal Shoes
39836,Tops
20127,Tops
14312,Tshirts
5745,Tshirts
37190,Tops
33530,Casual Shoes
58801,Shirts
57075,Jeans
13137,Casual Shoes
43647,Tops
31267,Tshirts
29298,Tshirts
16445,Sweatshirts
51382,Shorts
8866,Shirts
46335,Sports Shoes
7012,Tshirts
58459,Tshirts
14776,Shirts
33968,Shirts
5321,Casual Shoes
36426,Sports Shoes
52163,Tops
33154,Tshirts
25031,Jackets
31603,Tshirts
12481,Formal Shoes
2104,Shirts
7476,Tshirts
19855,Jackets
18987,Tshirts
34371,Tshirts
2938,Tops
26486,Tshirts
2336,Tshirts
13761,Shirts
27554,Shirts
16213,Tshirts
6796,Tshirts
44234,Sports Shoes
5113,Tshirts
15496,Casual Shoes
40694,Casual Shoes
11036,Tops
6937,Tshirts
9143,Jeans
3479,Tshirts
8091,Sports Shoes
51349,Casual Shoes
29253,Sports Shoes
12812,Shorts
59124,Jackets
32429,Shorts
15039,Jackets
1920,Casual Shoes
18726,Sweaters
6339,Casual Shoes
26815,Shirts
29061,Tshirts
22489,Sports Shoes
1578,Tshirts
39697,Shirts
4836,Tshirts
42108,Tshirts
48432,Tshirts
9715,Formal Shoes
34188,Tshirts
18170,Sweatshirts
17904,Jackets
35268,Tops
47648,Formal Shoes
58492,Dresses
24914,Tshirts
4238,Tshirts
38577,Track Pants
11835,Casual Shoes
5910,Casual Shoes
41779,Tops
39663,Casual Shoes
11009,Tshirts
35892,Tshirts
22825,Casual Shoes
2309,Tshirts
28523,Tshirts
16822,Tshirts
8401,Tshirts
7449,Tshirts
14749,Shirts
36419,Sports Shoes
38583,Tshirts
44805,Tshirts
13108,Track Pants
43678,Dresses
31258,Tshirts
7811,Tshirts
13934,Shirts
8859,Shirts
58002,Dresses
36841,Jeans
9385,Sports Shoes
19600,Tops
42598,Shirts
27933,Shirts
34518,Casual Shoes
16648,Tshirts
26481,Tshirts
27553,Shirts
2331,Tshirts
16214,Track Pants
7643,Tshirts
6791,Tshirts
5114,Tshirts
44233,Casual Shoes
33361,Formal Shoes
38789,Tshirts
40693,Casual Shoes
5928,Casual Shoes
11031,Tops
5326,Casual Shoes
14771,Shirts
52164,Tops
33153,Tops
1786,Sports Shoes
12486,Formal Shoes
31604,Tshirts
8439,Tops
2103,Shirts
7471,Tshirts
19852,Shirts
16026,Shirts
34376,Tshirts
18980,Tshirts
39831,Shorts
5742,Tshirts
37197,Jeans
14315,Tshirts
20120,Tops
25452,Casual Shoes
57072,Jeans
43640,Tops
13130,Casual Shoes
7829,Tshirts
31260,Tshirts
7015,Tshirts
46332,Casual Shoes
16442,Sweatshirts
8861,Shirts
13302,Shorts
2755,Tshirts
3687,Tshirts
19638,Sweatshirts
7227,Formal Shoes
46100,Casual Shoes
14127,Jeans
20312,Tshirts
5570,Dresses
44657,Casual Shoes
11455,Shirts
33705,Formal Shoes
15233,Casual Shoes
32411,Tshirts
11693,Shirts
57086,Skirts
24574,Tshirts
30346,Tshirts
12016,Shirts
3441,Tshirts
31294,Tshirts
9947,Jackets
17564,Shirts
47214,Formal Shoes
6133,Casual Shoes
8895,Shirts
43486,Shirts
3673,Sports Shoes
17756,Casual Shoes
30948,Tops
4456,Tshirts
21234,Tshirts
15001,Tshirts
5584,Sports Shoes
32623,Tshirts
10573,Tshirts
3217,Tshirts
42130,Sports Shoes
12640,Tshirts
26475,Tshirts
13792,Tshirts
6765,Tshirts
37735,Shirts
4032,Tshirts
15465,Jackets
1540,Tshirts
40667,Tops
10117,Sports Shoes
14785,Shirts
4200,Tshirts
40455,Casual Shoes
41587,Shirts
12472,Formal Shoes
26647,Casual Shoes
3819,Tshirts
18974,Shirts
34382,Tshirts
36248,Tshirts
14118,Jeans
44668,Shirts
14924,Sweatshirts
9382,Casual Shoes
46903,Jeans
19607,Tops
27934,Shirts
28140,Shorts
7218,Formal Shoes
2558,Track Pants
7816,Casual Shoes
13933,Tshirts
45588,Formal Shoes
58005,Tops
11658,Tshirts
33508,Skirts
16825,Tshirts
8406,Shorts
34349,Tshirts
5319,Sports Shoes
33950,Tshirts
44802,Tshirts
57429,Tshirts
38584,Tshirts
11832,Casual Shoes
5917,Casual Shoes
39664,Casual Shoes
22822,Casual Shoes
13759,Shirts
28524,Tshirts
9520,Shirts
17903,Track Pants
6568,Tshirts
24913,Tshirts
58495,Tops
10128,Formal Shoes
4831,Track Pants
32278,Sports Shoes
3228,Casual Shoes
9712,Shirts
23904,Casual Shoes
48435,Tshirts
7688,Shorts
23138,Sweatshirts
4469,Sports Shoes
38326,Tops
18721,Tops
31099,Shirts
17769,Casual Shoes
26812,Shirts
35439,Shirts
9144,Jeans
6930,Tshirts
12029,Shirts
29254,Sports Shoes
16489,Tshirts
59123,Jackets
5789,Shorts
5109,Tops
39646,Casual Shoes
5935,Tshirts
38794,Tshirts
19241,Jackets
22800,Shirts
28506,Shorts
34159,Tops
16209,Tshirts
13549,Casual Shoes
43239,Sports Shoes
16807,Shirts
31619,Shirts
2922,Tshirts
33972,Shirts
8040,Tshirts
7834,Tshirts
51398,Shorts
29282,Shirts
7008,Tshirts
13911,Sports Shoes
14308,Jackets
39010,Tops
39222,Tops
11448,Tops
19625,Tops
8272,Tshirts
2748,Tshirts
31289,Tshirts
48241,Tshirts
9166,Jeans
8888,Shirts
29276,Tops
12837,Dresses
47209,Formal Shoes
1905,Tshirts
12239,Shirts
48073,Tshirts
29044,Tshirts
30955,Tops
15478,Tshirts
37728,Shirts
4813,Tshirts
48417,Tshirts
23926,Sports Shoes
9730,Shirts
26468,Tshirts
6778,Tshirts
9502,Shirts
17921,Tshirts
18969,Sweaters
3804,Casual Shoes
29612,Shirts
7498,Tshirts
33986,Shirts
40448,Casual Shoes
10338,Tshirts
13320,Shirts
7205,Tops
22467,Shirts
49956,Shorts
44675,Shirts
20330,Tshirts
14105,Tshirts
4480,Sports Shoes
14939,Shorts
41307,Tops
14337,Casual Shoes
5760,Tops
45595,Formal Shoes
52522,Jeans
57050,Dresses
10797,Shirts
25470,Sports Shoes
31242,Tshirts
3497,Casual Shoes
19428,Shirts
13112,Shorts
43662,Tops
16460,Shirts
7037,Casual Shoes
9991,Tshirts
52146,Tshirts
14753,Shirts
41551,Casual Shoes
40483,Sports Shoes
33171,Tops
38599,Tshirts
57434,Tshirts
2121,Shirts
26691,Casual Shoes
6581,Tshirts
34354,Tshirts
22231,Formal Shoes
16004,Sweaters
7453,Tshirts
2313,Tshirts
43034,Shirts
13744,Shirts
12696,Sports Shoes
50423,Casual Shoes
28539,Tshirts
34166,Tops
5136,Tops
41763,Tops
11013,Tops
33343,Formal Shoes
4222,Tshirts
15675,Jeans
33185,Tops
24132,Tshirts
26665,Casual Shoes
6575,Tshirts
35272,Tops
48428,Tshirts
23919,Casual Shoes
12662,Shirts
42112,Tshirts
3235,Casual Shoes
34192,Tshirts
6747,Sports Shoes
7695,Track Pants
51505,Jeans
37717,Tshirts
53252,Jeans
56720,Casual Shoes
24300,Casual Shoes
1562,Tshirts
12206,Tshirts
3651,Sports Shoes
2783,Tshirts
35424,Sports Shoes
22493,Casual Shoes
44681,Dresses
53636,Casual Shoes
15023,Tshirts
4474,Sports Shoes
57296,Shirts
32601,Tops
57898,Tops
37141,Shirts
5794,Tops
45561,Tops
15211,Tshirts
21024,Shirts
24556,Tshirts
10763,Tshirts
32433,Tshirts
3463,Sports Shoes
12034,Shirts
43696,Tshirts
29249,Sports Shoes
16494,Tshirts
51353,Jeans
12808,Jackets
6111,Tshirts
47236,Casual Shoes
17546,Shirts
12468,Tshirts
34398,Tshirts
4028,Casual Shoes
4814,Tshirts
38767,Shorts
24338,Tshirts
23921,Casual Shoes
48410,Tshirts
1902,Tshirts
10569,Tops
32639,Tshirts
3669,Casual Shoes
8281,Tshirts
48074,Tshirts
30952,Tops
26239,Tshirts
9161,Jeans
48246,Tshirts
18536,Sports Shoes
6915,Tshirts
12830,Dresses
22699,Sports Shoes
15229,Casual Shoes
59106,Jackets
11689,Shirts
20308,Sweaters
31048,Shirts
8275,Tshirts
19622,Tops
13318,Shirts
48080,Tshirts
7833,Casual Shoes
19410,Tshirts
8047,Tshirts
9195,Jeans
46328,Sports Shoes
16458,Shirts
13916,Sports Shoes
5758,Tops
57068,Jackets
2119,Shirts
19848,Shirts
22209,Tshirts
33975,Tops
11817,Casual Shoes
14559,Casual Shoes
44229,Sports Shoes
39641,Casual Shoes
40689,Formal Shoes
38793,Tshirts
5932,Casual Shoes
22807,Tshirts
8611,Tshirts
19246,Jackets
28501,Track Pants
37146,Shirts
5793,Tshirts
21023,Shirts
4641,Sports Shoes
10764,Tshirts
32434,Tshirts
12033,Shirts
43691,Tops
18509,Jackets
16493,Tshirts
51354,Jeans
9962,Tshirts
17541,Shirts
6116,Tshirts
3656,Sports Shoes
29840,Shirts
28992,Tshirts
2784,Tshirts
22494,Sports Shoes
35423,Sports Shoes
4473,Sports Shoes
57291,Shirts
27582,Tshirts
54070,Sports Shoes
9708,Shirts
3232,Sports Shoes
42115,Shorts
12665,Shirts
26450,Sports Shoes
34195,Tshirts
6740,Sports Shoes
51502,Jeans
7692,Tshirts
4017,Casual Shoes
37710,Tshirts
41790,Tops
24307,Sweatshirts
15672,Jeans
4225,Tshirts
37522,Shorts
24909,Tshirts
24135,Jackets
1757,Tshirts
33182,Tops
17919,Tshirts
26662,Casual Shoes
47655,Dresses
6572,Tshirts
54084,Tops
13743,Shirts
43033,Shirts
2314,Tshirts
22838,Casual Shoes
49509,Casual Shoes
12691,Sports Shoes
34161,Tops
16231,Sweatshirts
7666,Tshirts
11828,Casual Shoes
14566,Casual Shoes
5131,Shirts
11014,Shirts
41764,Tops
33344,Formal Shoes
1591,Shorts
52141,Tshirts
14754,Shirts
57433,Tshirts
2126,Shirts
18199,Sweaters
26696,Sports Shoes
6586,Tshirts
34353,Tshirts
7454,Tshirts
16003,Sweaters
22236,Casual Shoes
5767,Tops
14330,Sports Shoes
45592,Formal Shoes
57057,Dresses
10790,Shirts
33512,Casual Shoes
25477,Sports Shoes
31245,Tshirts
13115,Casual Shoes
7030,Tshirts
16467,Shirts
9996,Tops
13929,Shirts
34737,Sports Shoes
42585,Tshirts
13327,Shirts
9398,Sports Shoes
29088,Casual Shoes
7202,Tops
14102,Tops
20337,Sweatshirts
44672,Shirts
4487,Sports Shoes
41300,Tshirts
18732,Tops
12208,Tshirts
26801,Shirts
59302,Shirts
53638,Casual Shoes
38335,Tops
59130,Jackets
57896,Shorts
37973,Casual Shoes
9157,Shirts
43698,Tshirts
18500,Tshirts
8085,Sports Shoes
17548,Shirts
47238,Casual Shoes
12806,Sweatshirts
29247,Tshirts
38563,Shorts
3009,Shirts
9533,Tshirts
17910,Sweatshirts
29623,Shirts
18958,Sweaters
26459,Casual Shoes
9701,Formal Shoes
48426,Tshirts
23917,Casual Shoes
37719,Tshirts
39683,Sports Shoes
41799,Tops
33943,Tshirts
52148,Tshirts
44811,Tops
38597,Tshirts
8415,Tshirts
22831,Casual Shoes
12698,Sports Shoes
35886,Tshirts
34168,Tshirts
28537,Tshirts
5138,Tshirts
11821,Casual Shoes
5904,Casual Shoes
39677,Casual Shoes
9391,Sports Shoes
2779,Tshirts
46910,Jeans
19614,Tshirts
49958,Shorts
11479,Tops
39213,Formal Shoes
41309,Tops
14937,Shorts
10799,Shirts
7805,Casual Shoes
19426,Shirts
49356,Casual Shoes
8071,Sports Shoes
13920,Casual Shoes
7039,Casual Shoes
20791,Jackets
37726,Shirts
4021,Casual Shoes
15476,Tshirts
40674,Tops
10104,Sports Shoes
24331,Track Pants
3204,Tshirts
42123,Tshirts
12653,Tshirts
26466,Tshirts
48419,Tshirts
6776,Tshirts
26654,Sports Shoes
7496,Tshirts
34391,Tshirts
21471,Casual Shoes
15644,Shorts
4213,Tshirts
10336,Tops
41594,Shirts
9168,Jeans
30355,Tshirts
12005,Shirts
3452,Sports Shoes
31287,Shorts
9954,Tshirts
47207,Formal Shoes
12839,Skirts
51362,Jeans
22690,Sports Shoes
29278,Shirts
15220,Casual Shoes
44482,Casual Shoes
53435,Jackets
32402,Tops
11680,Shirts
57095,Shorts
10752,Tshirts
24567,Tshirts
40022,Tshirts
4445,Sports Shoes
21227,Tshirts
15012,Jackets
37342,Tshirts
32630,Tshirts
24755,Jeans
43495,Tshirts
8288,Tshirts
3660,Sports Shoes
12237,Shirts
6312,Tops
17745,Sports Shoes
43653,Dresses
2574,Shorts
13123,Formal Shoes
19419,Shorts
31273,Tshirts
49369,Casual Shoes
7006,Tshirts
51396,Shorts
8872,Shirts
5751,Tshirts
37184,Tshirts
14306,Sweatshirts
20133,Tops
25441,Casual Shoes
11674,Shirts
57061,Dresses
24593,Tshirts
33524,Casual Shoes
58815,Casual Shoes
14134,Track Pants
20301,Sweaters
44644,Tops
11446,Tops
13311,Shirts
48089,Tops
2746,Tshirts
3694,Casual Shoes
34533,Formal Shoes
7234,Formal Shoes
46113,Casual Shoes
5107,Shirts
44220,Tshirts
40680,Tshirts
11022,Tshirts
41752,Tshirts
26492,Tshirts
2322,Tshirts
16207,Sweatshirts
7650,Tshirts
6782,Shirts
34157,Tops
28508,Tshirts
12495,Tshirts
43237,Casual Shoes
2110,Track Pants
13547,Casual Shoes
54280,Shirts
7462,Tshirts
19841,Shirts
46745,Track Pants
16035,Shirts
22200,Tshirts
18993,Tshirts
34365,Tshirts
14762,Shirts
36432,Casual Shoes
33140,Tshirts
25025,Jackets
58011,Tops
5769,Tops
25479,Sports Shoes
36852,Shirts
57059,Dresses
8076,Sports Shoes
7802,Casual Shoes
13927,Casual Shoes
9998,Tops
16469,Shirts
9396,Sports Shoes
13329,Shirts
19613,Tops
4489,Sports Shoes
39214,Formal Shoes
14930,Tshirts
35881,Tshirts
22836,Casual Shoes
28530,Tshirts
14568,Casual Shoes
59795,Dresses
11826,Casual Shoes
5903,Casual Shoes
39670,Sports Shoes
33944,Tshirts
38590,Tshirts
33178,Tops
44816,Jeans
41558,Tshirts
16831,Tshirts
8412,Tshirts
2128,Shirts
6588,Track Pants
35875,Tshirts
48421,Tshirts
4019,Casual Shoes
24309,Shorts
39684,Sports Shoes
4825,Track Pants
24907,Tshirts
21449,Tops
1759,Tshirts
9534,Tshirts
17917,Sweatshirts
45568,Tops
37148,Tshirts
37974,Casual Shoes
6924,Tshirts
9150,Jeans
8082,Sports Shoes
6118,Tshirts
29240,Sports Shoes
12801,Tshirts
18735,Dresses
3658,Casual Shoes
59305,Shirts
44688,Dresses
38332,Tops
12492,Shirts
13540,Casual Shoes
2117,Shorts
22207,Shirts
16032,Shirts
46742,Track Pants
7465,Tshirts
19846,Shirts
34362,Tshirts
18994,Tshirts
14765,Shirts
5332,Casual Shoes
36435,Casual Shoes
33147,Jeans
44829,Tshirts
44227,Sports Shoes
5100,Tshirts
14557,Casual Shoes
15485,Track Pants
11819,Casual Shoes
40687,Casual Shoes
41755,Tops
11025,Tshirts
26495,Tshirts
31422,Shorts
2325,Tshirts
43002,Sports Shoes
16200,Tshirts
6785,Jackets
54889,Sweatshirts
44643,Dresses
20306,Sweaters
14133,Tshirts
11441,Tops
2741,Tops
13316,Shirts
31046,Shirts
3693,Sports Shoes
34534,Formal Shoes
46114,Casual Shoes
7233,Formal Shoes
16664,Sweatshirts
13124,Formal Shoes
43654,Tops
31274,Tshirts
13918,Casual Shoes
16456,Shirts
46326,Sports Shoes
7001,Tops
20134,Shirts
14301,Tshirts
37183,Tshirts
11673,Shirts
25446,Casual Shoes
33523,Casual Shoes
24594,Tshirts
57066,Jackets
15015,Sweatshirts
37345,Tshirts
5590,Sports Shoes
10567,Tshirts
43492,Tshirts
12230,Shirts
3667,Sports Shoes
17742,Sports Shoes
35412,Casual Shoes
18538,Casual Shoes
2587,Tshirts
30352,Tshirts
48248,Tshirts
3455,Sports Shoes
31280,Tshirts
26237,Tshirts
6127,Sports Shoes
47200,Formal Shoes
9953,Tshirts
17570,Shirts
22697,Sports Shoes
51365,Jeans
15227,Casual Shoes
53432,Tshirts
40025,Track Pants
57092,Skirts
10755,Casual Shoes
26653,Casual Shoes
17928,Track Pants
7491,Shorts
18960,Sweatshirts
6543,Tshirts
4214,Tshirts
15643,Track Pants
21476,Sweatshirts
1766,Tshirts
41593,Shirts
37721,Tshirts
53264,Shirts
15471,Tshirts
4026,Casual Shoes
24336,Tshirts
38769,Tshirts
12654,Tshirts
42124,Casual Shoes
3203,Tshirts
13786,Sweaters
6771,Shirts
7603,Sports Shoes
34104,Shirts
13726,Casual Shoes
9799,Tops
2371,Casual Shoes
43056,Tshirts
11071,Shirts
41701,Shorts
14503,Casual Shoes
37781,Shirts
5154,Tshirts
4086,Tshirts
11243,Jeans
5366,Sports Shoes
14731,Shirts
52124,Dresses
36461,Sports Shoes
19812,Sweatshirts
22253,Casual Shoes
34336,Tshirts
8479,Dresses
31644,Shirts
2143,Tshirts
30796,Shirts
13514,Skirts
59994,Dresses
25412,Sports Shoes
57032,Tops
40085,Shorts
15287,Sports Shoes
5702,Casual Shoes
20160,Shirts
34752,Casual Shoes
35680,Casual Shoes
7055,Tshirts
22637,Tshirts
8821,Shirts
16402,Shirts
13170,Casual Shoes
26297,Tshirts
7869,Formal Shoes
47092,Casual Shoes
22405,Shirts
16630,Tshirts
7267,Casual Shoes
2715,Tops
19678,Tops
11415,Tops
33745,Tops
20352,Tshirts
32451,Tshirts
24534,Tops
33583,Tshirts
4624,Tops
20194,Sweatshirts
38957,Tshirts
46386,Tshirts
35674,Casual Shoes
30306,Tshirts
13184,Sports Shoes
26263,Tshirts
6341,Casual Shoes
34594,Tops
30908,Tops
29019,Tshirts
7293,Tshirts
35446,Tops
30134,Tshirts
9309,Tshirts
12264,Shirts
41391,Shirts
1164,Tshirts
10533,Sports Shoes
4416,Tshirts
15041,Sweatshirts
22095,Casual Shoes
6725,Casual Shoes
23147,Sweatshirts
3257,Sports Shoes
12600,Tshirts
30550,Tshirts
2385,Casual Shoes
11085,Shirts
44287,Tshirts
37775,Shirts
4072,Casual Shoes
24150,Tshirts
44889,Tshirts
10365,Dresses
40415,Tops
5392,Sports Shoes
37547,Tshirts
15617,Tshirts
21422,Tops
4240,Tshirts
51755,Casual Shoes
3859,Tshirts
18934,Tshirts
26607,Sports Shoes
3065,Tshirts
38392,Tshirts
36208,Jackets
1993,Tshirts
44628,Tshirts
27148,Shirts
8210,Casual Shoes
19647,Tops
22608,Jackets
6984,Tshirts
19475,Sweatshirts
7856,Tshirts
8022,Track Pants
33548,Shirts
3892,Tshirts
2940,Tops
19011,Track Pants
8446,Tops
9594,Shirts
57469,Casual Shoes
44842,Tshirts
5359,Sports Shoes
5957,Shirts
4885,Tops
39624,Casual Shoes
20709,Casual Shoes
11872,Formal Shoes
42987,Sports Shoes
28564,Tshirts
31449,Shorts
22862,Casual Shoes
43069,Tshirts
48481,Dresses
3866,Tshirts
29670,Shirts
6528,Tshirts
26638,Casual Shoes
17943,Tshirts
9560,Tshirts
38530,Sports Shoes
53801,Tshirts
45964,Tshirts
11288,Jeans
24953,Tshirts
15628,Sweatshirts
10168,Casual Shoes
4871,Tshirts
11886,Formal Shoes
23178,Tshirts
3268,Tshirts
22896,Formal Shoes
18305,Shirts
48475,Dresses
9752,Shirts
14990,Sweaters
4429,Tshirts
17729,Shirts
29026,Tshirts
35479,Formal Shoes
13389,Shirts
18761,Shirts
9336,Tshirts
9938,Tshirts
13987,Casual Shoes
12855,Formal Shoes
30339,Tshirts
9104,Casual Shoes
19481,Shorts
38154,Jackets
21079,Casual Shoes
40412,Dresses
10362,Tshirts
5395,Sports Shoes
4247,Tshirts
21425,Tops
15610,Shorts
51752,Casual Shoes
29648,Shirts
18933,Tshirts
3062,Tshirts
26600,Sports Shoes
43297,Casual Shoes
9558,Tshirts
22092,Casual Shoes
23140,Sweatshirts
6722,Tshirts
12607,Tops
3250,Casual Shoes
42177,Sports Shoes
2382,Formal Shoes
10150,Formal Shoes
11082,Shirts
37772,Shirts
4075,Casual Shoes
17711,Casual Shoes
34593,Tops
7294,Tshirts
35441,Tops
18759,Shirts
12263,Shirts
26056,Shirts
41396,Shirts
24701,Casual Shoes
1163,Tshirts
15046,Sweatshirts
4411,Tshirts
59967,Dresses
32456,Track Pants
37918,Tops
4623,Tops
41998,Tops
38950,Tops
20193,Sweatshirts
6174,Tshirts
9900,Jeans
35673,Casual Shoes
46381,Tshirts
6948,Tshirts
13183,Sports Shoes
30301,Tshirts
26264,Tshirts
28138,Shorts
34567,Dresses
16637,Tshirts
22402,Shirts
43435,Tops
2712,Dresses
27170,Shirts
12297,Shirts
31015,Shirts
39278,Casual Shoes
33742,Tops
36230,Sports Shoes
5537,Sports Shoes
44610,Sports Shoes
20355,Shirts
25415,Sports Shoes
59993,Dresses
33570,Tshirts
40082,Shorts
57035,Dresses
36002,Tshirts
52547,Jeans
15280,Casual Shoes
20167,Shirts
5705,Casual Shoes
44422,Casual Shoes
34755,Casual Shoes
8826,Shirts
16405,Shirts
22630,Tshirts
35687,Casual Shoes
11244,Jeans
14736,Shirts
5361,Sports Shoes
36466,Casual Shoes
52123,Dresses
19815,Sweatshirts
7436,Tshirts
34331,Tshirts
2978,Tshirts
3096,Tshirts
31643,Shirts
13513,Tshirts
2144,Tshirts
7604,Sports Shoes
34103,Tshirts
43051,Shorts
2376,Casual Shoes
33326,Shirts
11076,Sweaters
37786,Shirts
5153,Tshirts
14504,Casual Shoes
4081,Tshirts
12852,Shirts
6977,Shorts
3439,Tshirts
38153,Tshirts
14997,Sweaters
30930,Tops
6379,Casual Shoes
29021,Tshirts
9331,Shorts
1538,Tshirts
4876,Tshirts
5198,Tshirts
11881,Formal Shoes
16298,Shirts
12638,Tshirts
35826,Sports Shoes
42148,Sports Shoes
9755,Tshirts
23943,Sports Shoes
48472,Dresses
3861,Tshirts
17178,Shirts
31688,Sports Shoes
17944,Tshirts
9567,Shirts
38537,Casual Shoes
45963,Tops
24954,Tshirts
39623,Sports Shoes
11049,Shirts
4882,Tshirts
11875,Formal Shoes
28563,Tshirts
22865,Casual Shoes
2349,Tshirts
48486,Dresses
3895,Tshirts
2947,Tops
8441,Tops
19016,Tshirts
9593,Shirts
44845,Tshirts
36459,Sports Shoes
8819,Shirts
6983,Tshirts
43638,Tops
31218,Casual Shoes
19472,Sweatshirts
7851,Tshirts
39849,Tops
20158,Shirts
39247,Casual Shoes
1994,Tshirts
16608,Tops
19640,Sweatshirts
10502,Tshirts
40272,Tshirts
32652,Tshirts
4427,Tshirts
35477,Formal Shoes
29028,Tshirts
17727,Shirts
6370,Casual Shoes
12255,Shirts
3602,Tshirts
9338,Tshirts
13387,Casual Shoes
13989,Casual Shoes
17515,Sweaters
26252,Track Pants
30337,Tshirts
40040,Tshirts
32460,Tshirts
15242,Casual Shoes
6526,Track Pants
18905,Sports Shoes
17171,Shirts
3868,Tshirts
3054,Tshirts
26636,Casual Shoes
11286,Jeans
40424,Tops
57493,Casual Shoes
10354,Tops
15626,Jackets
1531,Tshirts
15414,Sports Shoes
4043,Sports Shoes
11888,Formal Shoes
37744,Shirts
23176,Tshirts
6714,Tshirts
16291,Tshirts
12631,Tshirts
26404,Shirts
3266,Tshirts
22898,Shirts
42141,Sports Shoes
17185,Shirts
19823,Shirts
7400,Formal Shoes
2172,Tshirts
8448,Tops
11272,Tshirts
57467,Casual Shoes
36450,Sports Shoes
52115,Tops
37582,Shorts
5357,Sports Shoes
56787,Shirts
11040,Shirts
5959,Shirts
33310,Tshirts
5165,Tshirts
14532,Tshirts
20707,Casual Shoes
23182,Shirts
42989,Sports Shoes
43067,Tshirts
2340,Tshirts
30595,Shorts
3292,Tshirts
31447,Shorts
41354,Jeans
11424,Shirts
5501,Tshirts
44626,Tshirts
36206,Shirts
35483,Formal Shoes
19649,Tops
31023,Shirts
28932,Tshirts
2724,Tshirts
13373,Casual Shoes
8810,Shirts
16433,Tshirts
31211,Sports Shoes
7858,Formal Shoes
27374,Tshirts
43631,Shirts
33546,Shirts
25423,Sports Shoes
32494,Casual Shoes
38992,Jackets
20151,Shirts
44414,Casual Shoes
21083,Formal Shoes
39840,Tshirts
23149,Jackets
9763,Tshirts
48444,Tshirts
23975,Shirts
3259,Casual Shoes
4840,Tshirts
5992,Shirts
10159,Casual Shoes
45955,Tops
38501,Jeans
44887,Tshirts
15619,Sweatshirts
6519,Track Pants
2985,Tshirts
3857,Tshirts
17972,Sports Shoes
9551,Tshirts
8483,Dresses
26609,Sports Shoes
37911,Dresses
38959,Tshirts
41991,Shirts
46388,Tshirts
12864,Casual Shoes
6941,Tshirts
30308,Tshirts
9135,Sports Shoes
26863,Skirts
35448,Tops
29017,Tshirts
17718,Shirts
30906,Jackets
19682,Sweatshirts
18750,Shirts
24708,Tshirts
4418,Tshirts
36837,Sports Shoes
41159,Shorts
15289,Sports Shoes
41965,Tshirts
22639,Tshirts
12890,Casual Shoes
13942,Shirts
6189,Tshirts
7867,Tshirts
26897,Tops
7269,Tshirts
19676,Tops
14955,Tshirts
36239,Tops
28555,Tshirts
13728,Shirts
22853,Casual Shoes
5966,Shirts
11843,Casual Shoes
4088,Tshirts
10991,Tshirts
44873,Tshirts
24996,Jeans
5368,Sports Shoes
34338,Tshirts
2971,Tshirts
30798,Shirts
8477,Jackets
46344,Jeans
22601,Tshirts
8817,Shirts
16434,Tshirts
31216,Casual Shoes
2511,Casual Shoes
43636,Tops
27373,Tshirts
33541,Tops
25424,Casual Shoes
44413,Casual Shoes
5734,Sports Shoes
20156,Tshirts
38995,Jeans
39847,Tops
11423,Tshirts
39249,Casual Shoes
41353,Jeans
20364,Tops
5506,Tshirts
16606,Tops
35484,Formal Shoes
7251,Casual Shoes
6383,Casual Shoes
31024,Shirts
26093,Shirts
13374,Casual Shoes
28935,Tshirts
11047,Shirts
20700,Casual Shoes
5162,Tshirts
7635,Track Pants
27525,Jackets
2347,Tshirts
48488,Tops
43060,Tshirts
3295,Sports Shoes
17182,Shirts
19824,Shirts
7407,Casual Shoes
16050,Shirts
13522,Tops
42380,Tshirts
31672,Jeans
11275,Track Pants
25040,Tshirts
24192,Casual Shoes
36457,Sports Shoes
4282,Casual Shoes
5350,Sports Shoes
4878,Tshirts
1536,Tshirts
10161,Sports Shoes
4044,Sports Shoes
5196,Tshirts
37743,Shirts
6713,Tshirts
28599,Sports Shoes
23171,Tshirts
16296,Tshirts
42146,Casual Shoes
3261,Tshirts
26403,Shirts
12636,Tshirts
17176,Shirts
6521,Shorts
2181,Tshirts
9569,Shirts
26631,Casual Shoes
31686,Casual Shoes
11281,Jeans
57494,Casual Shoes
40423,Tops
38539,Casual Shoes
15621,Sweatshirts
4276,Casual Shoes
37571,Tops
17512,Tshirts
9931,Tshirts
34790,Casual Shoes
26255,Track Pants
30330,Tshirts
6979,Tops
37929,Dresses
40047,Tshirts
32467,Tshirts
38961,Tshirts
15245,Casual Shoes
45535,Tshirts
14999,Tshirts
33787,Shirts
24730,Tshirts
10505,Tshirts
4420,Tshirts
6377,Casual Shoes
17720,Shirts
29813,Shirts
3605,Casual Shoes
26067,Shirts
55595,Shirts
30102,Jeans
44874,Tshirts
36468,Casual Shoes
14738,Shirts
2976,Tshirts
7438,Tshirts
17981,Casual Shoes
19027,Casual Shoes
3098,Tshirts
28552,Tshirts
2378,Formal Shoes
9790,Tshirts
22854,Casual Shoes
11078,Sweaters
33328,Shirts
11844,Casual Shoes
10996,Tshirts
37788,Shirts
16639,Tshirts
26890,Tops
34569,Tops
19671,Tshirts
14952,Tshirts
57209,Jeans
39276,Casual Shoes
5539,Sports Shoes
20169,Shirts
41962,Jeans
12897,Casual Shoes
35689,Casual Shoes
8828,Shirts
13945,Tshirts
7860,Formal Shoes
8014,Tshirts
13179,Sports Shoes
26864,Tops
19685,Tops
26058,Shirts
18757,Shirts
41398,Shirts
1951,Sports Shoes
15048,Sweaters
10708,Tshirts
37916,Tops
40078,Tshirts
21873,Tshirts
59969,Dresses
32458,Tshirts
41996,Dresses
12863,Formal Shoes
9132,Sports Shoes
6946,Tshirts
44880,Tshirts
4249,Tshirts
28794,Jeans
2982,Tops
35219,Casual Shoes
3850,Tshirts
9556,Tshirts
8484,Dresses
43897,Tshirts
23972,Tshirts
48443,Tshirts
9764,Tshirts
12609,Sweaters
35817,Casual Shoes
4847,Jackets
5995,Shirts
1758,Jackets
24906,Tshirts
29625,Shirts
17916,Sweatshirts
9535,Tshirts
35874,Tshirts
48420,Tshirts
23911,Casual Shoes
24308,Shorts
39685,Casual Shoes
4018,Casual Shoes
18734,Tops
3659,Casual Shoes
38333,Tops
59304,Shirts
1932,Casual Shoes
44689,Tshirts
37975,Casual Shoes
15219,Casual Shoes
12800,Tshirts
29241,Sports Shoes
9151,Tops
8083,Sports Shoes
13328,Shirts
9397,Sports Shoes
19612,Tshirts
39215,Tops
14931,Shorts
4488,Sports Shoes
58222,Jeans
25478,Sports Shoes
36853,Shirts
57058,Dresses
37981,Tshirts
5768,Jeans
58010,Tops
9999,Tops
16468,Shirts
19420,Shorts
7803,Tshirts
44817,Casual Shoes
33179,Tops
38591,Tshirts
33945,Tshirts
22239,Casual Shoes
2915,Tops
6589,Tshirts
8413,Tshirts
16830,Tshirts
2129,Shirts
7669,Tshirts
28531,Tshirts
49506,Casual Shoes
22837,Casual Shoes
35880,Tshirts
27579,Tshirts
5902,Casual Shoes
39671,Sports Shoes
14569,Casual Shoes
44219,Tshirts
11827,Casual Shoes
17571,Shirts
9952,Tshirts
6126,Sports Shoes
47201,Formal Shoes
51364,Jeans
30353,Tshirts
2586,Tshirts
18539,Casual Shoes
26236,Tshirts
12003,Shirts
31281,Tshirts
3454,Sports Shoes
59935,Casual Shoes
11686,Shirts
24561,Shirts
57093,Shorts
40024,Tshirts
15226,Casual Shoes
53433,Tshirts
24753,Jeans
10566,Tshirts
4443,Casual Shoes
15014,Jackets
37344,Tshirts
6314,Tshirts
17743,Sports Shoes
16691,Sweaters
43493,Tshirts
3666,Sports Shoes
40672,Shirts
38768,Tshirts
24337,Tshirts
10102,Sports Shoes
32252,Skirts
37720,Tshirts
4027,Casual Shoes
15470,Tshirts
6770,Tshirts
42125,Casual Shoes
3202,Tshirts
26460,Casual Shoes
12655,Tshirts
9738,Shirts
6542,Tshirts
34397,Tshirts
18961,Jackets
26652,Casual Shoes
17929,Track Pants
41592,Shirts
15642,Track Pants
4215,Tshirts
40686,Casual Shoes
11024,Tshirts
41754,Tshirts
14556,Casual Shoes
44226,Tshirts
5101,Tshirts
11818,Casual Shoes
16201,Tshirts
6784,Shirts
26494,Tshirts
27546,Shirts
2324,Tshirts
43003,Sports Shoes
46743,Track Pants
19847,Shirts
22206,Shirts
16033,Shirts
34363,Tshirts
31611,Shirts
2116,Track Pants
43231,Sports Shoes
33146,Shorts
25023,Tshirts
14764,Shirts
36434,Casual Shoes
13919,Sports Shoes
46327,Sports Shoes
7000,Tshirts
16457,Shirts
2572,Track Pants
13125,Formal Shoes
31275,Tshirts
11672,Shirts
25447,Casual Shoes
24595,Tshirts
57067,Jackets
5757,Tops
20135,Shirts
14300,Tshirts
11440,Tops
33710,Casual Shoes
20307,Sweaters
14132,Tshirts
44642,Tops
5565,Tshirts
34535,Formal Shoes
49961,Tshirts
46115,Casual Shoes
7232,Formal Shoes
13317,Sweatshirts
2740,Tops
3692,Sports Shoes
31047,Shirts
28536,Tshirts
12699,Sports Shoes
35887,Tshirts
22830,Casual Shoes
49501,Casual Shoes
5905,Casual Shoes
39676,Casual Shoes
5139,Tshirts
11820,Casual Shoes
38596,Tshirts
44810,Tops
39444,Tshirts
33942,Tshirts
52149,Tshirts
8414,Tshirts
37986,Tshirts
14338,Sports Shoes
13921,Sports Shoes
7038,Casual Shoes
49357,Casual Shoes
3498,Casual Shoes
19427,Shirts
7804,Casual Shoes
27926,Jeans
49959,Shorts
22468,Shirts
2778,Tshirts
9390,Casual Shoes
19615,Tops
8242,Sports Shoes
39212,Formal Shoes
11478,Tshirts
14936,Shorts
58225,Tshirts
59131,Jackets
47239,Casual Shoes
17549,Shirts
29246,Tshirts
12807,Jackets
18501,Tshirts
9156,Tops
43699,Tops
8084,Sports Shoes
26800,Shirts
18733,Tops
12209,Tshirts
38334,Tops
59303,Shirts
21219,Tshirts
53639,Casual Shoes
6748,Sports Shoes
26458,Casual Shoes
35873,Tshirts
9700,Formal Shoes
48427,Tshirts
54078,Sports Shoes
39682,Sports Shoes
41798,Dresses
37718,Tshirts
38562,Shorts
10308,Casual Shoes
18959,Sweaters
17911,Jackets
9532,Jackets
11447,Sweaters
44645,Tops
20300,Sweaters
34532,Formal Shoes
7235,Formal Shoes
46112,Casual Shoes
48088,Tops
2747,Tshirts
13310,Dresses
3695,Casual Shoes
31040,Shirts
16450,Shirts
51397,Shorts
7007,Tshirts
43652,Dresses
31272,Tshirts
25440,Casual Shoes
11675,Shirts
57060,Dresses
24592,Tshirts
14307,Sweatshirts
20132,Tops
37185,Tops
5750,Tops
16034,Shirts
19840,Shirts
7463,Tshirts
34364,Tshirts
18992,Tshirts
16808,Shirts
12494,Tops
43236,Casual Shoes
2111,Track Pants
33141,Tshirts
25024,Shorts
14763,Shirts
36433,Casual Shoes
41753,Tshirts
11023,Tshirts
44221,Tshirts
53296,Jeans
15483,Tshirts
16206,Tshirts
28509,Tshirts
34156,Tops
6783,Jackets
26493,Tshirts
2323,Tshirts
13774,Tshirts
7497,Shorts
47662,Shirts
18966,Sweaters
34390,Tshirts
12460,Shirts
26655,Sports Shoes
1760,Tshirts
40447,Formal Shoes
41595,Shirts
4212,Tshirts
15645,Shorts
40675,Tshirts
37727,Shirts
20790,Jackets
15477,Tshirts
4020,Casual Shoes
6777,Shirts
12652,Tshirts
26467,Tshirts
3205,Tshirts
42122,Shorts
23929,Sports Shoes
48418,Tshirts
32631,Tshirts
24754,Jeans
21226,Tshirts
15013,Jackets
4444,Casual Shoes
37343,Tshirts
17744,Sports Shoes
35414,Formal Shoes
43494,Tshirts
12236,Shirts
3661,Sports Shoes
47206,Formal Shoes
17576,Shirts
9955,Tshirts
51363,Jeans
8887,Shirts
29279,Shirts
22691,Sports Shoes
12838,Tshirts
30354,Tshirts
9169,Jeans
31286,Tshirts
3453,Sports Shoes
12004,Shirts
26231,Tshirts
11681,Shirts
32403,Tops
40023,Tshirts
57094,Shorts
24566,Tshirts
15221,Casual Shoes
38905,Shorts
53434,Tshirts
16459,Shirts
13917,Casual Shoes
7832,Tshirts
57069,Jackets
36862,Tshirts
5759,Tops
39224,Shirts
20309,Sweaters
19623,Tops
8274,Tshirts
31049,Shirts
48081,Tshirts
13319,Shirts
39640,Casual Shoes
5933,Casual Shoes
40688,Formal Shoes
38792,Tshirts
11816,Casual Shoes
44228,Sports Shoes
14558,Casual Shoes
28500,Track Pants
7658,Tshirts
27548,Shirts
8610,Tshirts
22208,Shirts
19849,Shirts
2118,Track Pants
33974,Shirts
4815,Shorts
24339,Tshirts
38766,Shorts
4029,Tshirts
20799,Sports Shoes
48411,Tshirts
13789,Sweaters
35845,Casual Shoes
34399,Tshirts
3802,Casual Shoes
17927,Track Pants
9504,Shirts
12469,Shirts
24937,Tshirts
22698,Sports Shoes
12831,Tops
6128,Tshirts
26238,Tshirts
18537,Casual Shoes
9160,Jeans
2588,Tshirts
48247,Tshirts
37944,Tops
37178,Tops
15228,Casual Shoes
10568,Sweaters
32638,Tshirts
1903,Tshirts
29042,Track Pants
30953,Tops
8280,Tshirts
3668,Casual Shoes
48075,Tshirts
25012,Tops
40485,Sports Shoes
57432,Tshirts
52140,Tshirts
14755,Shirts
6587,Tshirts
16002,Sweaters
22237,Casual Shoes
7455,Tshirts
2127,Shirts
31620,Shirts
26697,Casual Shoes
47492,Casual Shoes
43032,Shirts
2315,Tshirts
1590,Sports Shoes
11829,Casual Shoes
5130,Tops
7203,Tops
29089,Casual Shoes
42584,Tshirts
9399,Sports Shoes
13326,Shirts
41301,Tshirts
11471,Tops
14103,Tshirts
20336,Tshirts
4486,Sports Shoes
57056,Dresses
10791,Shirts
25476,Casual Shoes
14331,Sports Shoes
5766,Jeans
45593,Formal Shoes
16466,Shirts
7031,Tshirts
13928,Tops
34736,Casual Shoes
9997,Tops
31244,Tshirts
13114,Casual Shoes
22495,Sports Shoes
6325,Shirts
12200,Tshirts
3657,Casual Shoes
29841,Shirts
28993,Tshirts
2785,Tshirts
57290,Shirts
44687,Dresses
21210,Casual Shoes
4472,Sports Shoes
24550,Tops
32435,Tshirts
5792,Tops
4640,Sports Shoes
21022,Shirts
16492,Tshirts
51355,Jeans
17540,Shirts
9963,Tshirts
12032,Shirts
43690,Tshirts
1756,Tshirts
10301,Casual Shoes
24134,Tshirts
4224,Tshirts
21446,Tshirts
15673,Jeans
24908,Tshirts
47654,Tops
17918,Tshirts
26663,Casual Shoes
6741,Sports Shoes
7693,Tshirts
51503,Jeans
9709,Shirts
27583,Tshirts
54071,Sports Shoes
12664,Shirts
42114,Shorts
41791,Tops
4016,Casual Shoes
1904,Tshirts
29045,Tshirts
30954,Tops
12238,Shirts
48072,Tshirts
12836,Tshirts
8889,Shirts
29277,Shirts
47208,Formal Shoes
31288,Tshirts
48240,Tshirts
9167,Jeans
18968,Sweaters
7499,Tshirts
17920,Tshirts
9503,Shirts
10339,Tshirts
40449,Formal Shoes
4812,Tshirts
38761,Sports Shoes
15479,Tshirts
37729,Shirts
6779,Shirts
23927,Sports Shoes
48416,Tshirts
26469,Tshirts
2923,Tshirts
16806,Shorts
44821,Casual Shoes
39647,Casual Shoes
38795,Tshirts
5934,Casual Shoes
5108,Tops
34158,Tops
28507,Tshirts
16208,Sweatshirts
22801,Shirts
19240,Shorts
11449,Tops
39223,Tops
8273,Tshirts
19624,Tops
48086,Dresses
2749,Tshirts
7009,Tshirts
51399,Shirts
29283,Shirts
13910,Sports Shoes
7835,Sports Shoes
14309,Jackets
6746,Sports Shoes
34193,Tshirts
51504,Jeans
7694,Tshirts
54076,Casual Shoes
27584,Tshirts
48429,Tshirts
42113,Track Pants
26456,Casual Shoes
12663,Shirts
56721,Casual Shoes
1563,Tshirts
24301,Casual Shoes
37716,Tshirts
24133,Tshirts
10306,Casual Shoes
33184,Tops
15674,Jeans
4223,Tshirts
58489,Dresses
6574,Shorts
18957,Jackets
26664,Casual Shoes
32432,Tshirts
5795,Tshirts
15210,Tshirts
12809,Jackets
29248,Sports Shoes
16495,Tshirts
51352,Jeans
17547,Shirts
9964,Tshirts
6110,Tshirts
47237,Casual Shoes
12035,Shirts
3462,Sports Shoes
9158,Jeans
43697,Tshirts
22492,Sports Shoes
35425,Sports Shoes
23540,Sweatshirts
3650,Sports Shoes
12207,Tshirts
2782,Tshirts
57297,Shirts
11482,Shirts
32600,Tops
53637,Casual Shoes
44680,Tops
4475,Sports Shoes
15022,Track Pants
57051,Dresses
10796,Shirts
25471,Casual Shoes
5761,Shorts
14336,Casual Shoes
52523,Jeans
45594,Casual Shoes
7036,Casual Shoes
16461,Shirts
9990,Tshirts
19429,Shirts
49359,Casual Shoes
3496,Sports Shoes
31243,Tshirts
13113,Shorts
49957,Shorts
7204,Tops
13321,Shirts
14938,Shorts
20331,Tshirts
14104,Tshirts
44674,Shirts
34167,Dresses
50422,Casual Shoes
28538,Tshirts
7660,Tshirts
13745,Shirts
2312,Tshirts
12697,Sports Shoes
35889,Tshirts
11012,Tops
39678,Casual Shoes
41762,Tops
33342,Formal Shoes
20755,Casual Shoes
14560,Casual Shoes
5137,Tops
57435,Tshirts
40482,Casual Shoes
38598,Tshirts
33170,Tops
52147,Tshirts
14752,Shirts
34355,Tshirts
7452,Tshirts
16005,Sweaters
2120,Tops
31627,Shirts
2180,Tshirts
3052,Tshirts
16899,Tshirts
31687,Casual Shoes
17177,Shirts
15620,Jackets
37570,Tops
11280,Jeans
40422,Tops
38538,Casual Shoes
57495,Casual Shoes
10352,Shirts
15412,Sports Shoes
4045,Sports Shoes
37742,Shirts
5197,Tshirts
4879,Tshirts
10160,Casual Shoes
1537,Tshirts
26402,Shirts
12637,Tshirts
42147,Casual Shoes
3260,Tshirts
23170,Tshirts
28598,Sports Shoes
6712,Tshirts
4421,Tshirts
10504,Tshirts
14998,Tshirts
32654,Tshirts
26066,Shirts
12253,Shirts
3604,Casual Shoes
13381,Casual Shoes
17721,Shirts
6376,Casual Shoes
26254,Track Pants
30331,Tshirts
17513,Tshirts
38960,Tshirts
45534,Tshirts
15244,Casual Shoes
21071,Formal Shoes
40046,Shorts
32466,Tshirts
41194,Shirts
5507,Tshirts
36200,Jackets
39248,Casual Shoes
41352,Jeans
11422,Tshirts
26092,Shirts
8218,Sports Shoes
2722,Shorts
28934,Tshirts
7250,Formal Shoes
16607,Tops
31217,Casual Shoes
27372,Tshirts
2510,Casual Shoes
43637,Dresses
22600,Tshirts
16435,Tshirts
8816,Shirts
20157,Shirts
38994,Jeans
44412,Casual Shoes
5735,Sports Shoes
39846,Tops
33540,Tops
32492,Tshirts
13523,Tops
31673,Jeans
17183,Shirts
16051,Shirts
7406,Formal Shoes
19825,Shirts
4283,Formal Shoes
36456,Casual Shoes
14706,Shirts
5351,Sports Shoes
11274,Track Pants
25041,Tshirts
5163,Tshirts
14534,Tshirts
11046,Shirts
33316,Shirts
2346,Tshirts
43061,Tshirts
48489,Tops
13711,Tshirts
3294,Sports Shoes
7634,Tshirts
41997,Tops
10709,Tshirts
32459,Tshirts
59968,Dresses
3409,Tshirts
7895,Shorts
6947,Tshirts
9133,Sports Shoes
12862,Formal Shoes
19684,Tops
26059,Shirts
18756,Shirts
26865,Tops
29011,Tshirts
1950,Tshirts
48442,Tshirts
23973,Tshirts
9765,Tshirts
12608,Tops
35816,Casual Shoes
42178,Sports Shoes
4846,Tshirts
5994,Shirts
4248,Tshirts
24964,Tshirts
44881,Track Pants
9557,Tshirts
8485,Dresses
28795,Jeans
2983,Tshirts
3851,Tshirts
9791,Tshirts
2379,Formal Shoes
22855,Casual Shoes
28553,Tshirts
37789,Shirts
11079,Shirts
5960,Shirts
33329,Shirts
36469,Casual Shoes
14739,Shirts
44875,Tshirts
17980,Casual Shoes
8471,Shirts
2977,Tshirts
7439,Tshirts
20168,Shirts
41963,Tops
52548,Jeans
7861,Tshirts
13178,Sports Shoes
8829,Shirts
12896,Casual Shoes
35688,Casual Shoes
12298,Shirts
19670,Tshirts
26891,Tops
16638,Tshirts
34568,Tops
5538,Sports Shoes
14953,Tshirts
15881,Casual Shoes
39277,Casual Shoes
14533,Tshirts
20706,Casual Shoes
5164,Tshirts
11041,Shirts
33311,Tshirts
5958,Shirts
43066,Tshirts
2341,Tshirts
31446,Tshirts
3293,Sports Shoes
42988,Sports Shoes
7633,Shorts
13524,Tops
8449,Tops
17184,Shirts
7401,Casual Shoes
19822,Sweaters
52114,Tops
4284,Formal Shoes
36451,Sports Shoes
5356,Sports Shoes
11273,Jackets
24194,Jeans
7859,Tshirts
31210,Sports Shoes
43630,Shirts
27375,Tshirts
46342,Jeans
16432,Tshirts
8811,Shirts
22607,Shorts
44415,Casual Shoes
38993,Jeans
20150,Shirts
39841,Tops
33547,Shirts
32495,Casual Shoes
25422,Sports Shoes
20362,Tshirts
5500,Tshirts
44627,Shorts
36207,Tops
11425,Tshirts
41355,Jeans
19648,Tops
13372,Casual Shoes
28933,Tshirts
7257,Formal Shoes
35482,Formal Shoes
6385,Sports Shoes
3431,Tshirts
30336,Tshirts
9937,Tshirts
17514,Sweaters
13988,Casual Shoes
15243,Casual Shoes
45533,Tshirts
32461,Tshirts
4426,Tshirts
10503,Tshirts
32653,Tshirts
12254,Shirts
13386,Casual Shoes
9339,Tshirts
35476,Formal Shoes
6371,Sports Shoes
17726,Shirts
11889,Formal Shoes
4042,Tshirts
15415,Sports Shoes
37745,Shirts
5190,Tshirts
1530,Jackets
10167,Casual Shoes
3267,Tshirts
42140,Sports Shoes
12630,Tshirts
6715,Tshirts
23177,Tshirts
16290,Tshirts
2187,Shorts
26637,Casual Shoes
3055,Tshirts
31680,Tshirts
17170,Shirts
6527,Shorts
3869,Tshirts
15627,Sweatshirts
4270,Casual Shoes
11287,Jeans
57492,Casual Shoes
10355,Shirts
8220,Sports Shoes
19677,Tops
27178,Shirts
26896,Tshirts
7268,Tshirts
14954,Tshirts
39270,Casual Shoes
15886,Casual Shoes
15288,Casual Shoes
33578,Tshirts
36836,Sports Shoes
7866,Formal Shoes
19445,Tshirts
8012,Tshirts
18597,Sports Shoes
12891,Casual Shoes
22638,Tshirts
6188,Tshirts
13943,Shirts
5369,Sports Shoes
58411,Jeans
44872,Shorts
30799,Shirts
8476,Tops
2970,Tshirts
34339,Tshirts
13729,Shirts
43059,Tshirts
22852,Casual Shoes
28554,Tshirts
29486,Tshirts
4089,Tshirts
11842,Casual Shoes
10990,Tshirts
5967,Shirts
15618,Tshirts
45954,Tops
44886,Tshirts
38500,Jeans
9550,Tshirts
26608,Sports Shoes
8482,Dresses
2984,Tshirts
29640,Shirts
3856,Tshirts
9762,Formal Shoes
48445,Tshirts
3258,Casual Shoes
23148,Sweatshirts
4841,Tshirts
10158,Casual Shoes
5993,Shirts
19683,Tshirts
18751,Tops
29016,Tshirts
35449,Tops
17719,Shirts
4419,Tshirts
15872,Casual Shoes
38958,Tshirts
41990,Shirts
7892,Shorts
9134,Sports Shoes
30309,Tshirts
6940,Tshirts
46389,Tshirts
29224,Sports Shoes
36003,Tshirts
5704,Casual Shoes
20166,Shirts
59992,Dresses
25414,Sports Shoes
33571,Tshirts
40083,Tshirts
6181,Tshirts
34754,Casual Shoes
7053,Shirts
35686,Casual Shoes
16404,Shirts
8827,Shirts
22631,Tshirts
27171,Shirts
13344,Shorts
12296,Shirts
34566,Dresses
16636,Tshirts
22403,Shirts
7261,Casual Shoes
36231,Sports Shoes
20354,Shirts
5536,Sports Shoes
44611,Sports Shoes
11413,Shirts
33743,Tops
43050,Tshirts
23989,Shirts
2377,Formal Shoes
51595,Jeans
7605,Sports Shoes
34102,Tshirts
14505,Casual Shoes
5152,Tshirts
37787,Shirts
4080,Tshirts
11077,Sweaters
5360,Sports Shoes
58418,Jeans
14737,Shirts
52122,Tshirts
36467,Casual Shoes
57450,Tshirts
33115,Casual Shoes
19028,Casual Shoes
31642,Shirts
2145,Tshirts
7437,Tshirts
19814,Sweatshirts
2979,Tshirts
34330,Tshirts
3251,Sports Shoes
42176,Tshirts
12606,Tops
35818,Casual Shoes
2383,Casual Shoes
22093,Casual Shoes
23141,Sweatshirts
37773,Shirts
4074,Casual Shoes
10151,Formal Shoes
11083,Shirts
4848,Jackets
5394,Sports Shoes
21424,Tops
15611,Track Pants
4246,Tshirts
10363,Tops
40413,Dresses
26601,Sports Shoes
3063,Tshirts
9559,Tshirts
51753,Casual Shoes
29649,Shirts
18932,Tshirts
41999,Tops
4622,Tshirts
20192,Tshirts
32457,Shorts
59966,Dresses
37919,Tops
33585,Tshirts
30300,Tshirts
13182,Sports Shoes
6949,Tshirts
26265,Tshirts
9901,Jeans
46380,Shirts
18758,Dresses
3635,Sports Shoes
29823,Shirts
26057,Shirts
34592,Dresses
6347,Casual Shoes
17710,Casual Shoes
35440,Shirts
7295,Tshirts
4410,Tshirts
15047,Jackets
41397,Shirts
24700,Casual Shoes
19017,Tshirts
8440,Tshirts
9592,Shirts
7408,Casual Shoes
3894,Tshirts
14708,Shirts
36458,Sports Shoes
44844,Tshirts
11874,Formal Shoes
5951,Shirts
4883,Tshirts
11048,Shirts
39622,Sports Shoes
22864,Casual Shoes
2348,Tshirts
48487,Tops
28562,Tshirts
1995,Tshirts
19641,Sweatshirts
43639,Tops
6982,Track Pants
7850,Tshirts
19473,Sweatshirts
31219,Casual Shoes
8818,Shirts
20159,Shirts
39074,Shirts
14996,Sweaters
9330,Sports Shoes
26068,Shirts
6378,Sports Shoes
29020,Track Pants
27388,Tshirts
13981,Sports Shoes
12853,Formal Shoes
14398,Casual Shoes
32468,Tshirts
39080,Shorts
21843,Tshirts
37926,Tops
38152,Tshirts
31689,Sports Shoes
9566,Shirts
17945,Track Pants
35229,Formal Shoes
3860,Tshirts
17179,Shirts
24955,Tshirts
4279,Formal Shoes
38536,Casual Shoes
45962,Tops
5199,Tshirts
11880,Formal Shoes
1539,Tshirts
4877,Tshirts
12639,Tshirts
35827,Sports Shoes
9754,Track Pants
48473,Dresses
23942,Sports Shoes
16299,Shirts
26050,Shirts
12265,Shirts
17717,Shirts
30909,Tops
34595,Tops
35447,Tops
7292,Tshirts
29018,Tshirts
15040,Sweatshirts
4417,Tshirts
24707,Tshirts
1165,Tshirts
4625,Sports Shoes
20195,Tshirts
38956,Tshirts
32450,Tshirts
33582,Tshirts
30307,Tshirts
26262,Tshirts
6172,Tshirts
46387,Shorts
35675,Casual Shoes
5393,Sports Shoes
4241,Tshirts
15616,Sweatshirts
21423,Tops
44888,Tshirts
10364,Tshirts
3064,Tshirts
26606,Sports Shoes
3858,Tshirts
51754,Casual Shoes
18935,Tshirts
12601,Tshirts
42171,Tshirts
3256,Casual Shoes
2384,Formal Shoes
30551,Tshirts
22094,Casual Shoes
23146,Sweatshirts
6724,Tshirts
37774,Shirts
4073,Casual Shoes
10156,Casual Shoes
11084,Shirts
14730,Tshirts
5367,Sports Shoes
36460,Sports Shoes
52125,Dresses
33112,Casual Shoes
11242,Jeans
31645,Shirts
8478,Jackets
13515,Skirts
30797,Shirts
2142,Tshirts
22252,Casual Shoes
19813,Sweatshirts
34337,Tshirts
2370,Formal Shoes
9798,Shirts
13727,Sports Shoes
7602,Sports Shoes
34105,Shorts
5155,Tshirts
37780,Shirts
14502,Casual Shoes
4087,Tshirts
5969,Shirts
41700,Shorts
11070,Shirts
2714,Tshirts
13343,Shorts
27176,Shirts
19679,Tops
26898,Tops
7266,Track Pants
22404,Shirts
16631,Tshirts
5531,Sports Shoes
20353,Jeans
11414,Shirts
33744,Tops
36004,Tshirts
15286,Casual Shoes
20161,Shirts
44424,Casual Shoes
5703,Casual Shoes
25413,Sports Shoes
59995,Dresses
40084,Shorts
33576,Tshirts
57033,Shirts
13171,Sports Shoes
7868,Tshirts
34753,Casual Shoes
16403,Shirts
8820,Shirts
7054,Shirts
35681,Casual Shoes
11887,Formal Shoes
10169,Casual Shoes
4870,Tshirts
3269,Tshirts
23945,Tshirts
48474,Dresses
23179,Tshirts
26639,Casual Shoes
2189,Tshirts
17942,Tshirts
3867,Tshirts
6529,Tshirts
24952,Tshirts
15629,Sweatshirts
53800,Tshirts
38531,Sports Shoes
45965,Tops
11289,Jeans
6971,Tshirts
9105,Sports Shoes
30338,Tshirts
13986,Casual Shoes
12854,Formal Shoes
38155,Jackets
4428,Tshirts
1966,Tshirts
14991,Sweaters
9337,Tshirts
18760,Shirts
13388,Casual Shoes
35478,Formal Shoes
29027,Tshirts
6985,Tshirts
7857,Tshirts
13972,Casual Shoes
22609,Sweatshirts
33549,Shirts
36209,Jackets
44629,Track Pants
1992,Tshirts
27149,Shirts
19646,Tops
7259,Sports Shoes
11873,Formal Shoes
5956,Shirts
39625,Casual Shoes
4884,Tops
31448,Shorts
22863,Casual Shoes
48480,Dresses
43068,Tshirts
28565,Tshirts
8447,Tops
19010,Tshirts
9595,Shirts
3893,Tshirts
5358,Sports Shoes
44843,Tshirts
5824,Tshirts
5018,Shorts
11901,Formal Shoes
16318,Tshirts
34048,Shirts
54991,Tops
22911,Casual Shoes
49420,Casual Shoes
19350,Casual Shoes
28625,Tshirts
2833,Casual Shoes
19162,Tshirts
16916,Sweaters
43328,Tshirts
13458,Shirts
44931,Jeans
52068,Tshirts
13800,Sweatshirts
9083,Track Pants
27209,Shirts
55629,Casual Shoes
7925,Tshirts
8151,Shirts
41827,Sports Shoes
57942,Casual Shoes
39333,Tshirts
50955,Jeans
19734,Shirts
12926,Casual Shoes
8999,Casual Shoes
9077,Track Pants
6803,Casual Shoes
18420,Sports Shoes
59010,Sports Shoes
4768,Tshirts
15931,Tshirts
1814,Tshirts
5488,Tshirts
26921,Tops
18612,Tshirts
9245,Shirts
8397,Shorts
12328,Shirts
38671,Sports Shoes
4902,Tops
58794,Shirts
10827,Tshirts
6669,Sports Shoes
54965,Tshirts
23837,Sports Shoes
48506,Tops
9621,Shirts
7589,Sports Shoes
3915,Tshirts
18878,Shirts
3129,Tshirts
17830,Sports Shoes
32179,Sports Shoes
24820,Casual Shoes
32945,Casual Shoes
34413,Tshirts
17691,Casual Shoes
22576,Shirts
7314,Tops
13231,Shorts
20221,Sweaters
14014,Tshirts
44764,Casual Shoes
5443,Tshirts
11754,Shirts
5671,Tshirts
9880,Shirts
7126,Track Pants
55616,Casual Shoes
19539,Sweaters
3586,Casual Shoes
57525,Casual Shoes
33060,Shirts
41440,Sports Shoes
11330,Jeans
5215,Tshirts
14642,Shirts
52057,Tshirts
19961,Sweaters
35397,Formal Shoes
7542,Shorts
22320,Tshirts
34245,Tshirts
6490,Casual Shoes
16929,Sweatshirts
2030,Tshirts
13467,Tshirts
22112,Sports Shoes
16327,Shirts
34077,Formal Shoes
43919,Dresses
8738,Shirts
35999,Tshirts
2202,Tshirts
33252,Tshirts
11102,Shirts
32380,Tops
5027,Track Pants
36720,Tshirts
24023,Tshirts
1641,Sports Shoes
19995,Tshirts
17033,Casual Shoes
23206,Shirts
18847,Tshirts
12541,Tshirts
42231,Tops
30611,Jackets
51414,Shirts
7784,Tshirts
6656,Sports Shoes
17201,Sweaters
23034,Shirts
3324,Tshirts
18249,Tshirts
23808,Casual Shoes
10024,Tshirts
14484,Casual Shoes
10818,Shirts
6232,Tshirts
17665,Casual Shoes
23450,Jeans
22582,Tshirts
26122,Shirts
10440,Shirts
4565,Sports Shoes
53727,Casual Shoes
10672,Tops
15300,Sports Shoes
21135,Sweaters
4757,Tshirts
5685,Casual Shoes
57989,Dresses
9874,Sweaters
23662,Tshirts
12919,Casual Shoes
35707,Casual Shoes
9048,Sports Shoes
54730,Casual Shoes
26310,Shorts
3572,Tshirts
42209,Dresses
12579,Tshirts
19191,Shirts
32942,Casual Shoes
21569,Casual Shoes
4905,Tops
10820,Shirts
20689,Casual Shoes
58793,Shirts
4139,Casual Shoes
17239,Tshirts
48501,Tops
13699,Sports Shoes
32728,Sports Shoes
10478,Shirts
1813,Tshirts
9242,Shirts
18615,Tshirts
51874,Tshirts
8390,Tshirts
3778,Tshirts
6038,Tshirts
12921,Casual Shoes
6804,Casual Shoes
9070,Shirts
2498,Casual Shoes
39334,Tshirts
20219,Sweaters
50952,Jeans
43579,Tops
28848,Tshirts
13209,Sports Shoes
19733,Shirts
8364,Tshirts
31159,Tshirts
16549,Shirts
46239,Shirts
9084,Track Pants
8156,Shirts
7922,Tshirts
22318,Tshirts
19959,Sweaters
2834,Formal Shoes
50738,Casual Shoes
28622,Tshirts
8532,Sports Shoes
16911,Sweatshirts
19165,Tshirts
2008,Tshirts
33058,Shirts
44936,Casual Shoes
11308,Jeans
41478,Formal Shoes
58555,Formal Shoes
5823,Tshirts
39750,Shorts
44338,Tshirts
11906,Formal Shoes
36718,Tshirts
7748,Sports Shoes
43921,Tops
22916,Casual Shoes
40105,Tshirts
10675,Tops
4750,Tshirts
36185,Tshirts
21132,Tops
15307,Casual Shoes
38823,Shirts
5682,Casual Shoes
6007,Shirts
23665,Jeans
35700,Sports Shoes
18418,Sports Shoes
54737,Casual Shoes
48368,Shirts
26317,Track Pants
23457,Jeans
6235,Tshirts
35532,Casual Shoes
26919,Tops
22585,Track Pants
2695,Tshirts
26125,Shirts
3747,Tshirts
10447,Tshirts
4562,Sports Shoes
37265,Tops
7783,Track Pants
51413,Shirts
23033,Shirts
34084,Casual Shoes
26541,Casual Shoes
3323,Jackets
9619,Shirts
10023,Track Pants
38649,Casual Shoes
37601,Tshirts
14483,Casual Shoes
33093,Casual Shoes
24024,Tshirts
24818,Tshirts
19992,Tshirts
23201,Shirts
17034,Casual Shoes
42236,Tops
12546,Tshirts
13494,Tshirts
17808,Tshirts
30616,Track Pants
7777,Casual Shoes
16320,Tshirts
19368,Casual Shoes
2205,Tshirts
13652,Sports Shoes
33255,Tshirts
32387,Sweaters
11105,Shirts
5020,Shirts
36727,Tops
33067,Shirts
57522,Casual Shoes
44909,Tshirts
41447,Casual Shoes
14645,Shirts
5212,Tshirts
52050,Tshirts
22327,Tshirts
7545,Tshirts
34242,Tshirts
6497,Casual Shoes
26787,Shirts
27655,Tshirts
13460,Shirts
43310,Shorts
2037,Tshirts
25566,Sports Shoes
11753,Tops
10681,Tshirts
57146,Tops
20014,Tops
5676,Casual Shoes
27231,Skirts
17696,Casual Shoes
7313,Tops
22571,Shirts
9289,Tshirts
27003,Jeans
13236,Shorts
46808,Sports Shoes
31166,Shorts
41211,Casual Shoes
5444,Tops
44763,Casual Shoes
14013,Tshirts
20226,Sweaters
26910,Tops
29164,Tshirts
12319,Shirts
9274,Sports Shoes
18623,Sweaters
53729,Casual Shoes
4759,Tshirts
56855,Shirts
12917,Sweaters
35709,Sports Shoes
8194,Shirts
6832,Sports Shoes
18411,Sports Shoes
9046,Sports Shoes
48361,Shirts
59445,Shirts
18849,Tshirts
23208,Tshirts
17801,Tshirts
9422,Shirts
6658,Casual Shoes
54954,Tshirts
9610,Shirts
23806,Sports Shoes
26548,Casual Shoes
19395,Tshirts
4933,Dresses
38640,Tshirts
15558,Shirts
10816,Shirts
37608,Tshirts
44900,Tshirts
52059,Tshirts
33852,Casual Shoes
58563,Shirts
28614,Sports Shoes
35399,Formal Shoes
13469,Tshirts
43319,Tshirts
16927,Sweaters
19153,Tshirts
34079,Casual Shoes
35997,Tshirts
8736,Shirts
5815,Tshirts
11930,Sports Shoes
22578,Shirts
31953,Sports Shoes
46801,Sports Shoes
19705,Shirts
39302,Casual Shoes
36944,Sports Shoes
7128,Track Pants
13831,Sweaters
3588,Casual Shoes
8160,Shirts
55618,Casual Shoes
19537,Sweaters
7914,Tshirts
10015,Tshirts
33297,Shirts
4130,Casual Shoes
10829,Tshirts
37637,Tshirts
20680,Casual Shoes
23005,Tshirts
6667,Sports Shoes
51425,Shirts
23839,Casual Shoes
48508,Tops
30412,Jeans
13690,Sports Shoes
3315,Tshirts
18876,Formal Shoes
7587,Sports Shoes
30620,Tshirts
3127,Tshirts
42200,Tops
19198,Shirts
1670,Tshirts
4302,Tshirts
52092,Tshirts
8997,Casual Shoes
29369,Shirts
12928,Tshirts
6031,Tshirts
23653,Tshirts
3543,Tshirts
2491,Tshirts
9079,Shorts
40133,Shirts
10643,Tshirts
38815,Tops
45441,Tshirts
4766,Tshirts
15331,Shorts
10471,Tshirts
5486,Tshirts
37253,Casual Shoes
4554,Sports Shoes
47124,Casual Shoes
6203,Tshirts
12326,Shirts
26113,Shirts
3771,Tshirts
8399,Tshirts
43584,Tops
54533,Sports Shoes
8963,Sports Shoes
16540,Shirts
55627,Casual Shoes
27207,Shorts
57170,Tops
24482,Casual Shoes
11765,Tshirts
20022,Shirts
4792,Tshirts
10485,Jeans
5472,Sports Shoes
44755,Sports Shoes
14025,Shorts
20210,Sweatshirts
7325,Formal Shoes
34422,Tshirts
3785,Tshirts
31150,Tshirts
39759,Shorts
33263,Tshirts
40791,Casual Shoes
5016,Tshirts
53386,Casual Shoes
20674,Casual Shoes
34046,Shirts
6693,Tshirts
7741,Sports Shoes
16316,Tshirts
18882,Shirts
16124,Tshirts
19950,Sweatshirts
7573,Tshirts
27663,Tshirts
13456,Tops
43326,Tshirts
2001,Tshirts
16918,Jeans
12584,Tshirts
11301,Jeans
33051,Tops
57514,Casual Shoes
25908,Dresses
21594,Tshirts
52066,Tshirts
14673,Shirts
36943,Sports Shoes
5678,Casual Shoes
13836,Shorts
34628,Casual Shoes
19530,Sweaters
7913,Tshirts
8167,Shirts
31954,Sports Shoes
17698,Casual Shoes
8355,Tshirts
31168,Dresses
19702,Shirts
46806,Sports Shoes
13238,Tshirts
50963,Jeans
39305,Casual Shoes
20228,Sweaters
43910,Shirts
7779,Casual Shoes
34842,Sports Shoes
8731,Shirts
35990,Dresses
19366,Formal Shoes
32389,Tops
5812,Tshirts
36729,Tops
14479,Casual Shoes
44309,Shorts
41449,Casual Shoes
11339,Jeans
44907,Tshirts
33069,Tshirts
38481,Tops
25930,Skirts
33855,Casual Shoes
28613,Sports Shoes
6499,Formal Shoes
22329,Sweaters
2039,Tshirts
19154,Tshirts
26789,Shirts
16920,Jeans
54953,Tshirts
18240,Tshirts
23801,Casual Shoes
9617,Shirts
19392,Tshirts
4934,Dresses
38647,Casual Shoes
24218,Sports Shoes
10811,Shirts
59442,Shirts
32973,Tshirts
24816,Tops
3923,Track Pants
17806,Tshirts
30618,Tshirts
9425,Shirts
57980,Tops
15309,Sports Shoes
56852,Jeans
12910,Shirts
6009,Shirts
26319,Track Pants
8193,Shirts
9041,Formal Shoes
18416,Casual Shoes
54739,Casual Shoes
26917,Tops
3749,Tshirts
18624,Sweaters
9273,Sports Shoes
10449,Tshirts
15907,Shirts
44799,Tops
18885,Shirts
19957,Sweaters
7574,Tshirts
22316,Jackets
16123,Tshirts
2006,Tshirts
43321,Tshirts
13451,Shirts
12583,Tshirts
41476,Formal Shoes
11306,Jeans
44938,Casual Shoes
57513,Casual Shoes
33056,Shirts
52061,Tshirts
20441,Casual Shoes
14674,Shirts
33264,Shorts
36716,Tshirts
5011,Tops
34041,Shirts
22124,Formal Shoes
7746,Sports Shoes
2234,Tshirts
10482,Shirts
20217,Sweaters
14022,Shorts
44752,Casual Shoes
7322,Formal Shoes
34425,Tshirts
3782,Tshirts
31157,Tshirts
13207,Sports Shoes
27032,Jeans
43577,Tops
28846,Tshirts
8964,Sports Shoes
16547,Shirts
55620,Casual Shoes
31365,Tshirts
41012,Tshirts
11762,Tshirts
20025,Shirts
36140,Sports Shoes
4795,Tshirts
10476,Shirts
5481,Sports Shoes
37254,Casual Shoes
4553,Sports Shoes
26928,Dresses
6204,Tshirts
47123,Casual Shoes
50194,Tshirts
3776,Tshirts
26114,Shirts
12321,Shirts
54534,Sports Shoes
22786,Jeans
8990,Casual Shoes
9842,Tshirts
6036,Tshirts
26326,Sports Shoes
3544,Tshirts
2496,Casual Shoes
10644,Tshirts
40134,Shirts
38812,Tops
15336,Shorts
21103,Formal Shoes
4761,Tshirts
18871,Formal Shoes
7580,Tshirts
17839,Sports Shoes
30627,Tshirts
12577,Tshirts
42207,Tops
3120,Tshirts
24015,Tshirts
52095,Tops
21567,Casual Shoes
4305,Tshirts
14680,Tshirts
33290,Shirts
10012,Track Pants
4137,Casual Shoes
15560,Jeans
20687,Casual Shoes
37630,Tshirts
6660,Casual Shoes
17237,Tshirts
51422,Shirts
30415,Jeans
9628,Shirts
42035,Casual Shoes
3312,Sports Shoes
2260,Tshirts
9688,Tshirts
34829,Sports Shoes
34015,Dresses
7712,Sports Shoes
29598,Tshirts
16345,Shirts
51482,Jeans
4197,Tshirts
36742,Jeans
5045,Casual Shoes
41610,Shirts
24287,Sweatshirts
5879,Tshirts
14620,Shirts
13405,Shirts
17899,Jackets
2052,Tshirts
34227,Tshirts
28678,Track Pants
22342,Tshirts
7520,Tshirts
19903,Casual Shoes
57123,Tops
11736,Tshirts
25503,Dresses
59885,Tops
31331,Formal Shoes
22726,Sports Shoes
16513,Jeans
7144,Tops
34643,Sports Shoes
12381,Shirts
31103,Tshirts
2604,Tshirts
13253,Tshirts
7376,Casual Shoes
47183,Casual Shoes
44706,Tops
5421,Tshirts
20243,Tshirts
14076,Shirts
21391,Tshirts
36326,Tshirts
15998,Shirts
38846,Dresses
4735,Casual Shoes
21157,Shirts
40160,Jeans
33492,Shirts
24425,Sports Shoes
10610,Tshirts
13095,Sweatshirts
6062,Tshirts
9816,Casual Shoes
3722,Tshirts
9218,Casual Shoes
7382,Formal Shoes
37200,Jeans
1849,Tshirts
14082,Sweaters
15150,Shirts
4507,Sports Shoes
45620,Casual Shoes
40352,Jeans
38248,Tshirts
2294,Tops
26524,Casual Shoes
12711,Sports Shoes
49489,Casual Shoes
3346,Tshirts
31593,Tshirts
17263,Tshirts
23056,Tshirts
54938,Tshirts
6634,Sports Shoes
22184,Casual Shoes
51476,Jeans
4163,Sports Shoes
44396,Sports Shoes
56653,Casual Shoes
24273,Tshirts
10046,Tshirts
4351,Tshirts
32918,Tshirts
53113,Tshirts
5283,Tshirts
24041,Tshirts
10274,Formal Shoes
26716,Tshirts
6406,Casual Shoes
3948,Tops
16183,Formal Shoes
44739,Casual Shoes
14049,Shirts
1882,Tshirts
36319,Tshirts
38283,Tshirts
7349,Tshirts
27865,Shirts
7947,Tshirts
19564,Tshirts
6895,Tops
22719,Sports Shoes
13862,Shirts
40997,Jeans
20872,Formal Shoes
8557,Tshirts
34218,Tshirts
28647,Tshirts
2851,Tshirts
16148,Tops
3983,Tshirts
29795,Shirts
5248,Sports Shoes
39735,Casual Shoes
4994,Sports Shoes
5846,Tops
19332,Jackets
2099,Shirts
9471,Shirts
17852,Tshirts
16980,Sports Shoes
26729,Tshirts
3977,Tops
22389,Shirts
15739,Sports Shoes
11399,Sweatshirts
11997,Tshirts
10845,Tshirts
4960,Tshirts
38613,Tshirts
23855,Casual Shoes
9643,Shirts
35930,Sports Shoes
8791,Shirts
22987,Shorts
23069,Sweaters
54907,Tshirts
51449,Tops
29553,Tshirts
1876,Tshirts
20288,Tshirts
4538,Tshirts
24628,Formal Shoes
48100,Tops
9227,Shirts
13298,Shorts
35568,Formal Shoes
26943,Tshirts
27891,Shirts
19590,Tops
12178,Shirts
6861,Tops
30228,Shirts
12944,Shirts
13896,Sports Shoes
9829,Tshirts
21168,Tops
20886,Sports Shoes
15701,Sweaters
4356,Tshirts
53114,Tshirts
9449,Shirts
26711,Tshirts
17056,Casual Shoes
16184,Formal Shoes
2293,Tshirts
3341,Tshirts
12716,Sports Shoes
26523,Casual Shoes
6633,Shirts
23051,Dresses
17264,Tshirts
51471,Jeans
22183,Casual Shoes
4164,Sports Shoes
56654,Casual Shoes
4958,Tshirts
10041,Tshirts
24274,Tshirts
3725,Tshirts
42402,Jeans
12372,Shirts
7385,Formal Shoes
34482,Tops
6257,Tshirts
14085,Sweaters
4500,Sports Shoes
15157,Tshirts
10425,Shirts
24610,Shirts
38841,Dresses
41889,Jeans
21150,Shirts
39993,Casual Shoes
15365,Casual Shoes
37809,Shirts
24422,Casual Shoes
33495,Shorts
59876,Dresses
3517,Tshirts
30210,Shirts
13092,Jackets
6859,Tops
46290,Sports Shoes
6065,Shirts
31104,Tshirts
8339,Tshirts
12386,Shirts
13254,Tshirts
2603,Tshirts
47184,Casual Shoes
34476,Tops
14071,Tshirts
20244,Tshirts
5426,Tshirts
44701,Tops
36321,Tshirts
21396,Tshirts
39967,Casual Shoes
57124,Tops
59882,Tops
25504,Tshirts
11731,Tshirts
27253,Sports Shoes
13066,Casual Shoes
7143,Shirts
12988,Sweaters
16514,Jeans
22721,Casual Shoes
6091,Tshirts
34644,Sports Shoes
36577,Shirts
58508,Sweaters
14627,Tops
33839,Sports Shoes
11355,Tops
43372,Sports Shoes
2055,Tshirts
13402,Shirts
3187,Sports Shoes
49648,Dresses
2869,Casual Shoes
34220,Tshirts
7527,Tshirts
16170,Formal Shoes
22345,Tshirts
2267,Tshirts
34012,Tops
17290,Sweaters
22177,Casual Shoes
7715,Casual Shoes
4190,Tshirts
5042,Sports Shoes
11167,Shirts
33237,Shirts
19597,Tops
3528,Tshirts
12943,Shirts
7188,Jeans
23638,Tshirts
13891,Tshirts
14288,Tshirts
10628,Casual Shoes
40158,Tops
32578,Tops
1871,Tshirts
58395,Shirts
45618,Casual Shoes
15168,Tshirts
33698,Formal Shoes
9220,Casual Shoes
48107,Tops
26944,Tshirts
6268,Tshirts
27896,Tops
11990,Tshirts
53319,Tshirts
10842,Tshirts
5089,Tshirts
4967,Tshirts
38614,Tshirts
9644,Shirts
23852,Sports Shoes
22980,Casual Shoes
8796,Shirts
12729,Tshirts
35937,Sports Shoes
54900,Tshirts
29554,Casual Shoes
16389,Shirts
9476,Shirts
29766,Shirts
3970,Tops
24845,Jackets
4993,Sports Shoes
39732,Tops
5841,Tshirts
8762,Track Pants
19335,Jackets
28472,Tops
22148,Formal Shoes
9482,Shirts
19107,Tshirts
8550,Tshirts
2856,Tshirts
28640,Shorts
3984,Tshirts
39500,Sports Shoes
19563,Tshirts
6892,Tops
8908,Sports Shoes
13865,Shirts
40990,Tops
41842,Sports Shoes
20875,Sports Shoes
1885,Shorts
5419,Tshirts
38284,Tshirts
8306,Sports Shoes
19751,Tshirts
16719,Jackets
27862,Shirts
45611,Formal Shoes
4536,Sports Shoes
53774,Tshirts
32743,Casual Shoes
33691,Formal Shoes
10413,Tshirts
24626,Casual Shoes
13296,Tshirts
9229,Shirts
3713,Tshirts
35566,Formal Shoes
12176,Shirts
3521,Tshirts
23631,Tshirts
9827,Tshirts
13898,Sports Shoes
6053,Tshirts
7181,Tops
21166,Tops
15353,Casual Shoes
14281,Casual Shoes
32571,Sweaters
24414,Sports Shoes
20888,Casual Shoes
40151,Tshirts
12512,Formal Shoes
26727,Tshirts
31790,Tshirts
42262,Jeans
2097,Shirts
30642,Tshirts
3979,Tshirts
23255,Formal Shoes
53122,Tshirts
15737,Sports Shoes
59418,Tshirts
1612,Tshirts
11397,Sweaters
11999,Shirts
4152,Sports Shoes
15505,Casual Shoes
56662,Casual Shoes
26515,Shirts
51447,Dresses
54909,Tshirts
6605,Tshirts
23067,Sweaters
17252,Tshirts
13434,Tshirts
7511,Track Pants
16146,Tops
22373,Shirts
28649,Sports Shoes
50753,Casual Shoes
34216,Tshirts
4394,Tshirts
11363,Tshirts
33201,Dresses
5848,Tshirts
34818,Sports Shoes
22141,Formal Shoes
46404,Tshirts
34024,Tshirts
23093,Casual Shoes
36317,Tshirts
15195,Tshirts
14047,Shirts
53780,Tshirts
44737,Casual Shoes
25700,Tops
13262,Jeans
43512,Dresses
31132,Shirts
34440,Tshirts
7347,Tshirts
27265,Tops
13050,Shirts
7949,Tshirts
12182,Shirts
31300,Tshirts
7175,Shirts
16522,Jeans
22717,Sports Shoes
40999,Jeans
25532,Shirts
11707,Shirts
57112,Tops
49487,Casual Shoes
3348,Tshirts
18225,Tshirts
9672,Shorts
23864,Sports Shoes
29562,Casual Shoes
51478,Tshirts
54936,Tshirts
23058,Tshirts
44398,Casual Shoes
10874,Tshirts
38622,Tshirts
10048,Tshirts
5883,Casual Shoes
24873,Tshirts
26718,Tshirts
54338,Tops
3946,Tshirts
21159,Tops
40952,Tshirts
38848,Tops
37800,Shirts
18473,Casual Shoes
9818,Tshirts
12975,Sports Shoes
18641,Tshirts
9216,Casual Shoes
19793,Tshirts
17609,Tshirts
4509,Casual Shoes
1847,Tshirts
15962,Jackets
39394,Tshirts
38246,Tshirts
15398,Sports Shoes
11738,Tshirts
20843,Sports Shoes
18487,Jeans
26388,Tshirts
19555,Tshirts
13853,Shirts
22728,Sports Shoes
8330,Tshirts
27854,Tops
26986,Shorts
58357,Tshirts
14078,Tshirts
44708,Shirts
15996,Shirts
49473,Casual Shoes
19303,Sports Shoes
34827,Sports Shoes
9686,Tshirts
10880,Tshirts
4199,Tshirts
24289,Sweatshirts
5877,Casual Shoes
24887,Tshirts
5279,Tshirts
33830,Casual Shoes
58501,Dresses
49641,Tops
17897,Jackets
16179,Casual Shoes
2860,Tshirts
34229,Tshirts
27262,Tops
2400,Tshirts
12185,Shirts
22710,Sports Shoes
7172,Shirts
38884,Tshirts
44502,Casual Shoes
11700,Shirts
32582,Dresses
57115,Tops
15192,Tshirts
36310,Tshirts
5417,Tshirts
14040,Shirts
53787,Tshirts
11532,Tops
40390,Tops
43515,Dresses
8308,Sports Shoes
6292,Tshirts
34447,Tshirts
7340,Tshirts
33206,Tshirts
31551,Casual Shoes
2256,Tshirts
46403,Tshirts
7724,Casual Shoes
22146,Formal Shoes
23094,Casual Shoes
34023,Tshirts
19109,Tshirts
13433,Tshirts
43343,Sports Shoes
22374,Shirts
16141,Tops
7516,Tshirts
34211,Tshirts
50754,Casual Shoes
2858,Tshirts
5241,Sports Shoes
4393,Tshirts
11364,Tops
5087,Tshirts
15502,Casual Shoes
21737,Casual Shoes
4155,Sports Shoes
10070,Tshirts
56665,Casual Shoes
4969,Tshirts
12727,Tshirts
35939,Jeans
8798,Shirts
3370,Sports Shoes
16387,Shirts
51440,Tops
17255,Tshirts
23060,Tshirts
28488,Tshirts
6602,Tshirts
42265,Jeans
3142,Tshirts
31797,Tshirts
26720,Tshirts
12515,Casual Shoes
9478,Shirts
2090,Tshirts
30645,Tshirts
22380,Shirts
6430,Casual Shoes
23252,Formal Shoes
53125,Tshirts
4367,Tshirts
15730,Sports Shoes
1615,Tshirts
6868,Dresses
3526,Tshirts
12171,Shirts
19599,Tops
6054,Shirts
9820,Tshirts
7186,Jeans
15354,Casual Shoes
21161,Tops
32576,Dresses
40156,Tops
24413,Sports Shoes
10626,Casual Shoes
15166,Tshirts
4531,Sports Shoes
45616,Formal Shoes
53773,Tshirts
32744,Casual Shoes
10414,Tshirts
40364,Jeans
48109,Tops
13291,Tshirts
3714,Tshirts
6266,Tshirts
27898,Tops
58506,Dresses
33837,Sports Shoes
49646,Dresses
7529,Tshirts
28671,Tshirts
2867,Tshirts
9681,Tshirts
2269,Tshirts
22179,Casual Shoes
58734,Tshirts
11955,Casual Shoes
5870,Casual Shoes
33239,Shirts
11169,Sweaters
8337,Tshirts
27853,Tops
5428,Tshirts
39969,Casual Shoes
13068,Casual Shoes
18480,Casual Shoes
31338,Jeans
19552,Sweatshirts
13854,Shirts
8939,Shirts
12986,Casual Shoes
9211,Casual Shoes
18646,Shirts
19794,Tshirts
46890,Jeans
6259,Tshirts
26975,Tops
37209,Jeans
15965,Jackets
40955,Tshirts
18474,Casual Shoes
6857,Skirts
3519,Tshirts
12972,Sports Shoes
24874,Tshirts
4358,Tshirts
8595,Tshirts
9447,Shirts
3941,Tshirts
12718,Sports Shoes
49480,Casual Shoes
23863,Sports Shoes
9675,Tshirts
29565,Casual Shoes
54931,Tshirts
10873,Tshirts
5884,Tshirts
38625,Tshirts
4956,Shirts
32972,Tshirts
59443,Shirts
24817,Shirts
1649,Casual Shoes
9424,Shirts
17807,Tshirts
30619,Tshirts
3922,Track Pants
23800,Casual Shoes
9616,Shirts
18241,Tshirts
19393,Sweaters
10810,Shirts
4935,Tops
38646,Sports Shoes
3748,Tshirts
18625,Tshirts
26916,Tops
10448,Tshirts
57981,Shirts
15308,Sports Shoes
8192,Shirts
54738,Casual Shoes
18417,Sports Shoes
48367,Shirts
9040,Formal Shoes
6008,Shirts
19703,Shirts
46807,Sports Shoes
8354,Tshirts
50962,Jeans
13239,Tshirts
31955,Sports Shoes
29196,Sports Shoes
17699,Casual Shoes
20229,Sweaters
39304,Casual Shoes
5679,Casual Shoes
57149,Tops
25569,Sports Shoes
8166,Shirts
19531,Tshirts
48393,Jeans
34629,Sports Shoes
25931,Skirts
33854,Casual Shoes
58565,Tshirts
11338,Tops
41448,Casual Shoes
38480,Tshirts
33068,Shorts
44906,Shorts
2038,Tshirts
16921,Jeans
19155,Tshirts
26788,Shirts
6498,Tshirts
28612,Tshirts
50708,Tops
22328,Sweaters
19367,Casual Shoes
35991,Tshirts
8730,Shirts
49417,Casual Shoes
7778,Casual Shoes
36728,Tops
32388,Sweaters
5813,Tshirts
3545,Casual Shoes
26327,Sports Shoes
2497,Casual Shoes
22787,Jeans
8991,Casual Shoes
6037,Tshirts
4760,Tshirts
40135,Tshirts
10645,Tshirts
59824,Shirts
37255,Casual Shoes
4552,Sports Shoes
10477,Shirts
32727,Casual Shoes
26115,Shirts
12320,Shirts
3777,Tshirts
43582,Shirts
54535,Sports Shoes
50195,Tshirts
6205,Tshirts
47122,Casual Shoes
15561,Jeans
4136,Casual Shoes
20686,Casual Shoes
10013,Tshirts
42034,Sports Shoes
3313,Tshirts
17236,Tshirts
6661,Casual Shoes
51423,Shirts
17838,Casual Shoes
30626,Tshirts
42206,Tops
3121,Tshirts
12576,Tshirts
18870,Track Pants
6453,Sports Shoes
7581,Sports Shoes
4304,Tshirts
52094,Tops
21566,Casual Shoes
14681,Tshirts
24828,Tshirts
11909,Formal Shoes
36717,Tshirts
5010,Tshirts
20672,Tshirts
14447,Casual Shoes
13662,Shirts
26585,Sports Shoes
6695,Tshirts
34040,Shirts
7747,Tshirts
22125,Formal Shoes
13450,Shirts
2007,Tshirts
43320,Tshirts
12582,Tshirts
18884,Shirts
50737,Casual Shoes
22317,Jackets
16122,Tshirts
7575,Sports Shoes
19956,Sweaters
52060,Tshirts
21592,Shorts
14675,Shirts
11307,Jeans
41477,Casual Shoes
33057,Shirts
44939,Formal Shoes
57512,Casual Shoes
8159,Shirts
55621,Formal Shoes
16546,Shirts
8965,Sports Shoes
20024,Shirts
37093,Tshirts
4794,Tshirts
36141,Sports Shoes
20818,Casual Shoes
57176,Tops
25556,Tshirts
44753,Casual Shoes
5474,Sports Shoes
20216,Sweaters
14023,Shorts
10483,Tshirts
33601,Tshirts
31156,Tshirts
3783,Tshirts
28847,Tshirts
43576,Tops
13206,Sports Shoes
7323,Casual Shoes
22541,Sports Shoes
34424,Tshirts
8737,Shirts
35996,Tshirts
34078,Casual Shoes
43916,Shorts
11931,Sports Shoes
5814,Tops
32981,Tshirts
52058,Tshirts
58562,Jeans
33853,Casual Shoes
44901,Tshirts
43318,Jeans
13468,Tshirts
19152,Tshirts
16926,Tshirts
28615,Tshirts
10689,Tshirts
36945,Sports Shoes
7915,Tshirts
19536,Sweaters
55619,Formal Shoes
8161,Shirts
3589,Casual Shoes
7129,Tshirts
13830,Sweaters
8353,Tshirts
46800,Sports Shoes
22579,Sweatshirts
31952,Sports Shoes
39303,Casual Shoes
57986,Dresses
56854,Shirts
4758,Tshirts
8195,Shirts
9047,Sports Shoes
48360,Shirts
6833,Sports Shoes
12916,Tshirts
35708,Casual Shoes
12318,Shirts
18622,Tshirts
29165,Tops
26911,Tops
18246,Tshirts
9611,Shirts
23807,Casual Shoes
26549,Casual Shoes
19394,Jackets
54955,Tshirts
10817,Shirts
4932,Dresses
38641,Tshirts
59444,Shirts
9423,Shirts
17800,Tshirts
18848,Tshirts
3925,Tshirts
14024,Shorts
20211,Sweatshirts
5473,Sports Shoes
44754,Casual Shoes
10484,Shirts
31151,Tshirts
3784,Tshirts
13201,Sports Shoes
34423,Tshirts
23494,Casual Shoes
55626,Casual Shoes
31363,Tshirts
27206,Shorts
16541,Shirts
8962,Casual Shoes
5641,Sports Shoes
37094,Tshirts
20023,Shirts
41828,Casual Shoes
4793,Tshirts
36146,Sports Shoes
57171,Tops
11764,Tshirts
43327,Tshirts
13457,Shirts
12585,Tshirts
16919,Jeans
18883,Shirts
7572,Tshirts
16125,Tshirts
52067,Tshirts
14672,Shirts
20447,Casual Shoes
32182,Sports Shoes
57515,Formal Shoes
53387,Casual Shoes
20675,Casual Shoes
39758,Shorts
33262,Tshirts
40790,Casual Shoes
2232,Tshirts
16317,Tshirts
22122,Formal Shoes
30621,Tshirts
19199,Shirts
3126,Tshirts
18877,Shirts
7586,Sports Shoes
52093,Tops
4303,Tshirts
14686,Tshirts
1671,Tshirts
4131,Casual Shoes
20681,Casual Shoes
10828,Tshirts
37636,Tshirts
33296,Shirts
13691,Sports Shoes
48509,Tops
3314,Tshirts
42033,Sports Shoes
23004,Tshirts
51424,Shirts
37252,Casual Shoes
5487,Tshirts
4555,Sports Shoes
10470,Tshirts
8398,Tshirts
3770,Tshirts
12327,Shirts
26112,Shirts
43585,Tops
47125,Casual Shoes
6202,Tshirts
26320,Track Pants
3542,Shorts
9078,Track Pants
2490,Casual Shoes
12929,Tshirts
8996,Casual Shoes
6030,Tshirts
38814,Shirts
15330,Shorts
45440,Tshirts
4767,Tshirts
10642,Tshirts
40132,Shirts
32512,Formal Shoes
9085,Casual Shoes
7923,Tshirts
8157,Shirts
16548,Shirts
41821,Sports Shoes
20816,Formal Shoes
20218,Sweaters
13208,Sports Shoes
50953,Jeans
28849,Tshirts
43578,Tops
31158,Tshirts
8365,Tshirts
19732,Shirts
14449,Casual Shoes
36719,Tshirts
5822,Tshirts
22917,Casual Shoes
7749,Tshirts
43920,Dresses
16910,Sweatshirts
2009,Tshirts
19958,Sweaters
22319,Tops
50739,Formal Shoes
2835,Tshirts
28623,Tshirts
44937,Casual Shoes
33059,Shirts
11309,Jeans
20688,Casual Shoes
10821,Shirts
4138,Casual Shoes
4904,Tops
9627,Shirts
48500,Jeans
17238,Tshirts
12578,Tshirts
42208,Tops
9415,Shirts
29705,Shirts
3913,Tshirts
32943,Casual Shoes
21568,Casual Shoes
1678,Tshirts
2499,Casual Shoes
9071,Shirts
6805,Casual Shoes
6039,Tshirts
12920,Casual Shoes
22789,Tshirts
15339,Shorts
59016,Sports Shoes
1812,Tshirts
32729,Sports Shoes
10479,Shirts
18614,Tshirts
9243,Shirts
3779,Tshirts
8391,Tshirts
26927,Dresses
5213,Tshirts
14644,Shirts
52051,Tshirts
57523,Casual Shoes
44908,Tshirts
33066,Shirts
41446,Casual Shoes
11336,Jeans
26786,Shirts
43311,Sweaters
2036,Tshirts
13461,Shirts
19967,Sweaters
22326,Tshirts
6496,Tshirts
34243,Tshirts
49419,Casual Shoes
19369,Casual Shoes
13653,Casual Shoes
2204,Tshirts
16321,Tshirts
22114,Casual Shoes
7776,Casual Shoes
5021,Shirts
36726,Tshirts
33254,Tshirts
11104,Shirts
32386,Tshirts
27002,Jeans
13237,Shorts
31167,Dresses
46809,Tshirts
34415,Tshirts
17697,Casual Shoes
22570,Shirts
7312,Tops
14012,Tshirts
20227,Sweaters
5445,Tshirts
44762,Sports Shoes
41210,Casual Shoes
39904,Sports Shoes
5677,Casual Shoes
20015,Tshirts
57147,Tops
3580,Casual Shoes
2694,Shirts
3746,Tshirts
12311,Shirts
26124,Shirts
6234,Tshirts
22584,Shorts
35533,Casual Shoes
26918,Tops
4563,Sports Shoes
15908,Shirts
10446,Tshirts
21133,Tops
15306,Sports Shoes
36184,Tshirts
4751,Tshirts
5683,Casual Shoes
38822,Tops
40938,Tops
10674,Tops
40104,Tshirts
48369,Shirts
54736,Casual Shoes
18419,Sports Shoes
26316,Track Pants
3574,Casual Shoes
6006,Shirts
35701,Sports Shoes
24819,Casual Shoes
3110,Tshirts
42237,Tops
17809,Tshirts
30617,Track Pants
13495,Tshirts
19993,Tshirts
23200,Shirts
17035,Casual Shoes
6462,Casual Shoes
3322,Tshirts
26540,Casual Shoes
9618,Shirts
51412,Shirts
7782,Track Pants
34085,Casual Shoes
6650,Sports Shoes
23032,Shirts
14482,Casual Shoes
37600,Tshirts
38648,Casual Shoes
10022,Tshirts
24217,Sports Shoes
5489,Tshirts
9244,Shirts
18613,Tshirts
12329,Shirts
8396,Tshirts
16789,Shirts
29154,Tops
18421,Sports Shoes
6802,Casual Shoes
9076,Track Pants
8998,Casual Shoes
12927,Casual Shoes
4769,Tshirts
59011,Sports Shoes
3128,Tshirts
19197,Shirts
17831,Casual Shoes
3914,Tshirts
29702,Shirts
7588,Sports Shoes
18879,Shirts
32944,Casual Shoes
32178,Sports Shoes
10826,Tshirts
58795,Shirts
33298,Shirts
4903,Tops
48507,Tops
23836,Sports Shoes
9620,Shirts
54964,Tshirts
6668,Casual Shoes
16917,Jeans
19163,Tshirts
13459,Shirts
43329,Tshirts
2832,Casual Shoes
25907,Dresses
52069,Tshirts
44930,Jeans
5019,Skirts
11900,Formal Shoes
5825,Tshirts
39756,Shorts
19351,Casual Shoes
16319,Tshirts
34049,Shirts
54990,Dresses
39332,Tshirts
50954,Jeans
19735,Shirts
46831,Shirts
27208,Shorts
9082,Track Pants
8150,Shirts
7924,Tshirts
55628,Casual Shoes
36148,Casual Shoes
57943,Casual Shoes
26547,Casual Shoes
3325,Tshirts
23809,Casual Shoes
18248,Tshirts
7785,Tshirts
51415,Shirts
17200,Sweaters
23035,Shirts
34082,Casual Shoes
10819,Shirts
37607,Tshirts
14485,Casual Shoes
15557,Sweaters
10025,Tshirts
4332,Sports Shoes
24022,Tshirts
42230,Tops
12540,Tshirts
30610,Shorts
19994,Tshirts
18846,Tshirts
6465,Casual Shoes
17032,Casual Shoes
23207,Shirts
4756,Tshirts
15301,Sports Shoes
21134,Sweaters
38825,Tops
57988,Dresses
5684,Casual Shoes
40103,Tshirts
10673,Tops
54731,Casual Shoes
9049,Sports Shoes
3573,Tshirts
26311,Shorts
6001,Shirts
9875,Shirts
12918,Tshirts
35706,Casual Shoes
2693,Shirts
26123,Shirts
12316,Shirts
3741,Tshirts
17664,Casual Shoes
23451,Jeans
6233,Tshirts
35534,Casual Shoes
22583,Tshirts
4564,Sports Shoes
10441,Shirts
39903,Sports Shoes
20012,Tops
5670,Tshirts
11755,Tops
37899,Tshirts
31352,Jeans
3587,Casual Shoes
55617,Casual Shoes
9881,Shirts
7127,Tshirts
13230,Shorts
27005,Jeans
31160,Tops
17690,Casual Shoes
34412,Tshirts
7315,Tops
22577,Shirts
44765,Casual Shoes
5442,Tshirts
20220,Sweaters
14015,Tshirts
35998,Tshirts
8739,Shirts
2203,Tshirts
13654,Casual Shoes
22113,Sports Shoes
16326,Shirts
36721,Tshirts
33253,Tshirts
32381,Tops
39769,Shirts
11103,Shirts
14643,Shirts
5214,Tshirts
52056,Tshirts
33061,Shirts
57524,Casual Shoes
11331,Jeans
41441,Sports Shoes
16928,Sweaters
13466,Tshirts
27653,Tshirts
2031,Jackets
43316,Tops
22321,Tshirts
7543,Tshirts
19960,Sweaters
6491,Casual Shoes
34244,Tshirts
50701,Tops
29769,Shirts
22381,Shirts
23253,Formal Shoes
6431,Casual Shoes
26721,Tshirts
12514,Formal Shoes
42264,Jeans
30644,Tshirts
2091,Tshirts
9479,Shirts
1614,Tshirts
11391,Tshirts
53124,Tshirts
15731,Casual Shoes
4366,Tshirts
10071,Tshirts
4968,Tshirts
56664,Casual Shoes
5086,Tshirts
4154,Sports Shoes
15503,Casual Shoes
21736,Casual Shoes
6603,Tshirts
17254,Tshirts
3371,Sports Shoes
8799,Shirts
12726,Tshirts
35938,Sports Shoes
10415,Tops
4530,Sports Shoes
45617,Formal Shoes
53772,Tshirts
6267,Tshirts
27899,Tops
46092,Sports Shoes
13290,Dresses
48108,Tops
3715,Tshirts
9821,Tshirts
6055,Tshirts
7187,Jeans
6869,Tops
19598,Tops
12170,Shirts
42600,Tops
3527,Tshirts
32577,Dresses
24412,Sports Shoes
10627,Casual Shoes
15355,Casual Shoes
21160,Tshirts
14287,Shirts
11533,Tshirts
25706,Tops
36311,Tshirts
15193,Tshirts
14041,Shirts
53786,Tshirts
5416,Tshirts
34446,Tshirts
6293,Tshirts
7341,Tshirts
13264,Skirts
28825,Jeans
43514,Dresses
7173,Shirts
22711,Sports Shoes
8907,Sports Shoes
16524,Shirts
2401,Tshirts
27263,Tops
12184,Shirts
32583,Tops
11701,Shirts
25534,Shirts
57114,Tops
44503,Casual Shoes
7517,Tshirts
22375,Shirts
16140,Tops
2859,Tshirts
34210,Tshirts
19108,Tshirts
42290,Skirts
2065,Tshirts
43342,Sports Shoes
13432,Tshirts
24082,Casual Shoes
11365,Tops
5240,Sports Shoes
4392,Tshirts
22147,Formal Shoes
46402,Tshirts
34022,Tshirts
31550,Tshirts
2257,Tshirts
40954,Tshirts
12973,Sports Shoes
6856,Sports Shoes
18475,Sports Shoes
3518,Tshirts
6258,Tshirts
26974,Dresses
9210,Sports Shoes
19795,Tshirts
15964,Jackets
1841,Sports Shoes
37208,Skirts
29564,Casual Shoes
54930,Tshirts
49481,Casual Shoes
23862,Sports Shoes
9674,Shorts
38624,Tshirts
5885,Tshirts
4957,Tshirts
10872,Tshirts
24049,Tshirts
24875,Tops
59421,Tshirts
4359,Tshirts
3940,Tshirts
28684,Tshirts
8594,Tshirts
22178,Casual Shoes
49475,Casual Shoes
19305,Sports Shoes
34821,Sports Shoes
2268,Sweatshirts
9680,Tshirts
33238,Shirts
5871,Casual Shoes
11168,Shirts
58735,Tshirts
10886,Tshirts
11954,Casual Shoes
14628,Sweatshirts
33836,Sports Shoes
7528,Tshirts
2866,Tshirts
49647,Dresses
38086,Shirts
20845,Casual Shoes
39968,Casual Shoes
12987,Casual Shoes
18481,Casual Shoes
13069,Casual Shoes
19553,Tshirts
31339,Jeans
27852,Tops
8336,Tshirts
15990,Shirts
21399,Tshirts
58351,Tshirts
5429,Casual Shoes
10082,Sports Shoes
5849,Tshirts
33200,Tops
41620,Shirts
7722,Casual Shoes
46405,Tshirts
22140,Formal Shoes
23092,Casual Shoes
34025,Tshirts
34819,Sports Shoes
16147,Tops
22372,Shirts
34217,Tshirts
28648,Tshirts
50752,Formal Shoes
8558,Tshirts
13435,Tshirts
43345,Casual Shoes
2062,Tshirts
24085,Sweatshirts
11362,Tops
8900,Shirts
22716,Sports Shoes
7174,Shirts
27264,Tops
54796,Jeans
13051,Shirts
31301,Shirts
12183,Shirts
7948,Tshirts
25533,Shirts
11706,Shirts
32584,Tops
40998,Jeans
40396,Shirts
15194,Tshirts
36316,Tshirts
5411,Sports Shoes
44736,Formal Shoes
53781,Tshirts
34441,Tshirts
6294,Tshirts
7346,Tshirts
43513,Dresses
28822,Jeans
13263,Skirts
31133,Shirts
6052,Shirts
9826,Tshirts
7180,Jeans
35755,Sports Shoes
3520,Tshirts
12177,Shirts
32570,Tops
20889,Casual Shoes
40150,Tshirts
21167,Tops
15352,Casual Shoes
32742,Casual Shoes
10412,Tshirts
24627,Casual Shoes
33690,Casual Shoes
15160,Tshirts
45610,Formal Shoes
53775,Tshirts
1879,Tshirts
35567,Formal Shoes
13297,Tshirts
3712,Tshirts
10076,Tshirts
56663,Casual Shoes
15504,Casual Shoes
4153,Sports Shoes
11998,Shirts
51446,Tops
17253,Tshirts
6604,Tshirts
54908,Tshirts
3376,Sports Shoes
22988,Shorts
3978,Tshirts
22386,Shirts
6436,Casual Shoes
23254,Formal Shoes
31791,Tops
42263,Jeans
12513,Casual Shoes
26726,Tshirts
2096,Shirts
1613,Tshirts
11396,Tshirts
53123,Tshirts
4361,Tshirts
15736,Casual Shoes
27855,Shirts
26987,Shorts
7379,Casual Shoes
8331,Tshirts
15997,Shirts
36329,Casual Shoes
14079,Tshirts
11739,Tshirts
20842,Casual Shoes
15399,Casual Shoes
13852,Shirts
6099,Tshirts
22729,Casual Shoes
18486,Jeans
8103,Sports Shoes
26389,Shirts
19554,Tshirts
58500,Tops
33831,Casual Shoes
24886,Tshirts
16178,Formal Shoes
34228,Tshirts
2861,Tshirts
28677,Tshirts
49640,Tops
17896,Tshirts
19302,Sports Shoes
9687,Tshirts
34826,Sports Shoes
24288,Sweatshirts
58732,Tshirts
11953,Casual Shoes
4198,Tshirts
15709,Sports Shoes
3947,Tshirts
6409,Casual Shoes
8593,Tshirts
26719,Tshirts
29563,Casual Shoes
54937,Tshirts
49486,Casual Shoes
3349,Tshirts
9673,Shorts
23865,Sports Shoes
18224,Tshirts
5882,Tshirts
10049,Tshirts
38623,Tshirts
4950,Shorts
44399,Sports Shoes
10875,Tshirts
17608,Tshirts
9217,Casual Shoes
18640,Tshirts
46896,Jeans
19792,Tshirts
15963,Jackets
38247,Tshirts
4508,Sports Shoes
1846,Tshirts
37801,Shirts
21158,Tops
40953,Tshirts
9819,Tshirts
12974,Sports Shoes
9025,Casual Shoes
57125,Tops
25505,Tshirts
11730,Tshirts
59883,Tops
39966,Casual Shoes
16515,Jeans
22720,Casual Shoes
12989,Sports Shoes
7142,Shirts
6090,Tshirts
31337,Jeans
13067,Casual Shoes
47185,Casual Shoes
12387,Shirts
8338,Tshirts
31105,Tshirts
28814,Jeans
2602,Tshirts
13255,Shorts
32780,Tshirts
5427,Tshirts
44700,Tops
14070,Tshirts
20245,Tshirts
21397,Tshirts
36320,Tshirts
34013,Tops
7714,Casual Shoes
16343,Shirts
2266,Tshirts
11166,Shirts
33236,Shirts
36744,Tops
4191,Tshirts
5043,Casual Shoes
11354,Jeans
10286,Formal Shoes
14626,Sweatshirts
33838,Sports Shoes
58509,Dresses
34221,Tshirts
2868,Tshirts
16171,Formal Shoes
22344,Tshirts
7526,Tshirts
13403,Shirts
43373,Sports Shoes
2054,Tshirts
3186,Sports Shoes
23050,Dresses
17265,Tshirts
6632,Sports Shoes
51470,Jeans
22182,Casual Shoes
2292,Tshirts
12717,Casual Shoes
26522,Casual Shoes
31595,Tshirts
4959,Tshirts
56655,Casual Shoes
10040,Tshirts
24275,Tshirts
1625,Tshirts
24047,Tshirts
4357,Tshirts
53115,Tshirts
5285,Tshirts
17057,Casual Shoes
16185,Formal Shoes
26710,Tshirts
33494,Shorts
37808,Shirts
24423,Sports Shoes
38840,Dresses
4733,Casual Shoes
41888,Jeans
21151,Sweaters
39992,Casual Shoes
51226,Tops
46291,Sports Shoes
6064,Tshirts
9810,Shirts
3516,Tshirts
26374,Sports Shoes
13093,Sweaters
7384,Casual Shoes
3724,Tshirts
10424,Tshirts
24611,Tshirts
32774,Tshirts
37206,Jeans
14084,Sweaters
53743,Track Pants
4501,Casual Shoes
2857,Tshirts
28641,Tshirts
3985,Tshirts
7519,Tshirts
8551,Tshirts
39733,Shirts
4992,Dresses
5840,Tshirts
33209,Dresses
28473,Tops
2259,Tshirts
19334,Jackets
22975,Sports Shoes
8763,Track Pants
38285,Tops
5418,Tshirts
1884,Track Pants
53788,Tshirts
27863,Shirts
19750,Tshirts
8307,Sports Shoes
8909,Casual Shoes
13864,Shirts
7941,Tshirts
6893,Dresses
20874,Sports Shoes
40991,Tops
41843,Sports Shoes
33699,Formal Shoes
58394,Shirts
1870,Tshirts
15169,Tshirts
45619,Casual Shoes
26945,Tshirts
6269,Tshirts
27897,Tops
48106,Tshirts
7189,Jeans
12942,Shirts
13890,Tops
3529,Tshirts
19596,Tshirts
6867,Shirts
9013,Casual Shoes
40159,Tops
10629,Casual Shoes
32579,Tops
14289,Tshirts
3971,Tops
9477,Shirts
4368,Tshirts
59410,Tshirts
4966,Tshirts
38615,Tshirts
11991,Tshirts
10843,Tshirts
53318,Tshirts
54901,Tshirts
16388,Shirts
9645,Shirts
23853,Sports Shoes
12728,Tshirts
35936,Sports Shoes
22981,Sports Shoes
8797,Shirts
7383,Formal Shoes
6251,Tshirts
34484,Tops
3723,Tshirts
12374,Shirts
9219,Casual Shoes
38249,Tshirts
24616,Tshirts
10423,Shirts
14083,Sweaters
1848,Tshirts
37201,Jeans
4506,Casual Shoes
15151,Shirts
21364,Tshirts
24424,Sports Shoes
10611,Shirts
33493,Shirts
38847,Dresses
21156,Shirts
4734,Casual Shoes
9817,Casual Shoes
6063,Tshirts
3511,Track Pants
13094,Sweaters
24040,Tshirts
10275,Formal Shoes
1622,Jackets
32919,Tshirts
5282,Tshirts
53112,Tshirts
16182,Formal Shoes
3949,Tops
43380,Casual Shoes
26717,Tshirts
12522,Casual Shoes
3175,Sports Shoes
6635,Sports Shoes
54939,Tshirts
17262,Tshirts
23057,Tshirts
2295,Tshirts
49488,Casual Shoes
31592,Tshirts
3347,Tshirts
26525,Casual Shoes
12710,Sports Shoes
56652,Formal Shoes
40737,Casual Shoes
24272,Tshirts
10047,Tshirts
4162,Tshirts
44397,Sports Shoes
11353,Jeans
10281,Formal Shoes
52034,Jackets
24888,Tshirts
14621,Tshirts
34226,Tshirts
46606,Casual Shoes
19902,Casual Shoes
7521,Tshirts
22343,Tshirts
16176,Formal Shoes
2053,Tshirts
17898,Jackets
43374,Sports Shoes
13404,Shirts
27631,Tshirts
3181,Sports Shoes
34014,Tops
16344,Shirts
7713,Casual Shoes
34828,Casual Shoes
9689,Tshirts
42094,Sports Shoes
11161,Shirts
41611,Shirts
24286,Shirts
5878,Casual Shoes
36743,Tops
4196,Tshirts
7377,Casual Shoes
47182,Casual Shoes
31102,Tshirts
12380,Shirts
13252,Shirts
2605,Tshirts
57310,Tshirts
15999,Shirts
20242,Tshirts
14077,Tshirts
58358,Tshirts
5420,Tshirts
57122,Tops
40195,Tops
59884,Tops
11737,Tshirts
15397,Casual Shoes
46262,Tops
7145,Shirts
22727,Casual Shoes
16512,Jeans
34642,Casual Shoes
6097,Tshirts
26387,Tshirts
7979,Tshirts
31330,Casual Shoes
18488,Jeans
4961,Tshirts
38612,Tshirts
10078,Sports Shoes
11996,Tshirts
10844,Tshirts
54906,Tshirts
23068,Sweaters
28480,Tshirts
51448,Dresses
23854,Sports Shoes
9642,Shirts
8790,Shirts
3378,Casual Shoes
35931,Sports Shoes
3976,Tops
22388,Shirts
9470,Shirts
2098,Shirts
26728,Tshirts
11398,Shirts
32926,Tshirts
12945,Shirts
9828,Tshirts
34689,Shirts
12179,Shirts
19591,Tops
9014,Sports Shoes
6860,Skirts
20887,Casual Shoes
21169,Tops
24629,Sports Shoes
1877,Tshirts
4539,Tshirts
26942,Tshirts
27890,Shirts
13299,Shorts
48101,Tops
9226,Shirts
22718,Sports Shoes
13863,Shirts
7946,Tshirts
6894,Tops
20873,Casual Shoes
11708,Shirts
41844,Casual Shoes
38282,Tshirts
40398,Tops
1883,Track Pants
14048,Shirts
44738,Casual Shoes
36318,Tshirts
7348,Tshirts
27864,Tops
8300,Sports Shoes
4995,Sports Shoes
39734,Shirts
5847,Tshirts
28474,Tops
34817,Sports Shoes
8764,Tops
19333,Jackets
28646,Tshirts
2850,Tshirts
34219,Tshirts
3982,Tshirts
16149,Tshirts
8556,Tshirts
2641,Casual Shoes
28857,Tshirts
13216,Shirts
27023,Jeans
3793,Tshirts
34434,Tshirts
44743,Casual Shoes
5464,Sports Shoes
20206,Sweatshirts
14033,Shirts
41231,Sports Shoes
10493,Tshirts
4784,Tshirts
11773,Tshirts
25546,Tshirts
41003,Skirts
57166,Tops
27211,Shirts
8149,Shirts
17484,Casual Shoes
8975,Sports Shoes
16556,Sweatshirts
14665,Shirts
5232,Tshirts
52070,Tshirts
21582,Jeans
44929,Tshirts
11317,Jeans
32195,Sports Shoes
12592,Tshirts
13440,Tshirts
43330,Tshirts
16132,Tshirts
7565,Tshirts
18894,Dresses
50727,Casual Shoes
26595,Sports Shoes
19348,Casual Shoes
22909,Tshirts
13672,Jeans
27447,Tshirts
22135,Formal Shoes
54989,Shirts
34050,Shirts
6685,Tshirts
5000,Tops
15585,Sweatshirts
11125,Track Pants
4314,Tshirts
52084,Tshirts
15743,Sports Shoes
42216,Dresses
3131,Tshirts
17828,Casual Shoes
30636,Shorts
51601,Jeans
7591,Tshirts
18860,Tshirts
26561,Casual Shoes
12754,Jeans
42024,Sports Shoes
3303,Sports Shoes
9639,Shirts
51433,Shirts
6671,Casual Shoes
37621,Tshirts
20696,Casual Shoes
15571,Tshirts
21744,Casual Shoes
4126,Casual Shoes
10003,Tshirts
43592,Tshirts
54525,Sports Shoes
26105,Shirts
3767,Tshirts
6215,Tshirts
26939,Tshirts
4542,Sports Shoes
5490,Tshirts
37245,Casual Shoes
32737,Sports Shoes
10467,Tshirts
15327,Tshirts
59008,Sports Shoes
21112,Tops
38803,Tshirts
44585,Jeans
59834,Shirts
32505,Shirts
40125,Shorts
24460,Sports Shoes
10655,Skirts
30252,Casual Shoes
6027,Tshirts
22797,Shorts
8981,Casual Shoes
36738,Tshirts
5803,Tshirts
39770,Shirts
32398,Tops
35981,Tshirts
8720,Shirts
49407,Casual Shoes
34853,Casual Shoes
7768,Tshirts
16931,Tshirts
49635,Skirts
19145,Sweatshirts
26798,Shirts
2028,Tshirts
22338,Tshirts
19979,Tshirts
6488,Tshirts
28602,Sports Shoes
2814,Casual Shoes
50718,Tshirts
33844,Casual Shoes
25921,Tshirts
38490,Tshirts
33078,Tshirts
11328,Jeans
48383,Jeans
30299,Tshirts
7902,Shorts
13827,Sweaters
34639,Casual Shoes
41800,Tops
5669,Tshirts
36952,Casual Shoes
57159,Tshirts
20239,Tshirts
39314,Skirts
24699,Sports Shoes
19713,Shirts
8344,Sports Shoes
31945,Casual Shoes
54728,Casual Shoes
18407,Casual Shoes
9050,Sports Shoes
8182,Shirts
26308,Tshirts
56843,Jeans
15318,Sweatshirts
40926,Jeans
57991,Dresses
1833,Sports Shoes
10458,Tshirts
9262,Shirts
18635,Tshirts
51854,Shirts
3758,Tshirts
26906,Tops
29172,Skirts
10800,Shirts
4119,Casual Shoes
38656,Sports Shoes
39784,Shirts
4925,Tops
23810,Casual Shoes
48521,Tops
9606,Shirts
54942,Tshirts
30609,Shorts
3932,Tshirts
32962,Tshirts
59453,Shirts
21115,Tops
15320,Sweatshirts
4777,Tshirts
44582,Jeans
38804,Tshirts
32502,Shirts
59833,Shirts
11780,Tshirts
10652,Skirts
24467,Casual Shoes
30255,Casual Shoes
2480,Tshirts
3552,Casual Shoes
23642,Tshirts
6020,Tshirts
12939,Shirts
8986,Casual Shoes
54522,Sports Shoes
8388,Track Pants
3760,Tshirts
12337,Tshirts
6212,Tops
16797,Shirts
4545,Sports Shoes
5497,Tshirts
37242,Casual Shoes
32730,Sports Shoes
10460,Tshirts
3304,Sports Shoes
42023,Sports Shoes
12753,Jeans
54146,Tops
13681,Sports Shoes
48519,Tops
51434,Shirts
6676,Sports Shoes
20691,Casual Shoes
37626,Tshirts
4121,Casual Shoes
21743,Casual Shoes
15576,Tshirts
40774,Casual Shoes
10004,Shorts
21571,Casual Shoes
52083,Tshirts
15744,Sports Shoes
4313,Tshirts
19189,Shirts
7596,Tshirts
51606,Jeans
18867,Shorts
8718,Tshirts
26592,Sports Shoes
27440,Tops
13675,Sports Shoes
22132,Formal Shoes
6682,Sports Shoes
14450,Casual Shoes
20665,Tshirts
5007,Dresses
14662,Shirts
21585,Jeans
52077,Tshirts
25919,Tshirts
11310,Jeans
12595,Tshirts
16909,Sweatshirts
43337,Sports Shoes
2010,Tshirts
13447,Tshirts
19941,Sports Shoes
7562,Tshirts
16135,Tops
50720,Dresses
18893,Tops
41838,Casual Shoes
4783,Tshirts
20033,Shirts
41004,Skirts
25541,Tops
11774,Tshirts
57161,Tops
2474,Sports Shoes
27216,Shorts
19519,Sweaters
17483,Casual Shoes
8972,Sports Shoes
16551,Tshirts
27024,Jeans
13211,Sports Shoes
28850,Tshirts
3794,Tshirts
31141,Shirts
34433,Tshirts
14034,Shirts
20201,Sweatshirts
5463,Sports Shoes
44744,Casual Shoes
10494,Tshirts
17810,Tshirts
9433,Sports Shoes
3935,Tshirts
18858,Tshirts
59454,Shirts
10807,Shirts
38651,Sports Shoes
4922,Tshirts
39783,Shirts
26559,Casual Shoes
9601,Shirts
6649,Sports Shoes
54945,Tshirts
53738,Track Pants
18632,Tshirts
9265,Shirts
26901,Tops
9057,Sports Shoes
48370,Shirts
18400,Casual Shoes
8185,Shirts
4748,Tshirts
56844,Jeans
57996,Dresses
41209,Sports Shoes
2679,Tshirts
8343,Sports Shoes
46810,Tshirts
19714,Shirts
22569,Shirts
31942,Casual Shoes
48384,Jeans
19526,Sweaters
7905,Tshirts
3599,Tshirts
7139,Shirts
43308,Shirts
28605,Sports Shoes
33843,Casual Shoes
25926,Tshirts
38497,Tshirts
58740,Tshirts
5038,Sports Shoes
11921,Formal Shoes
5804,Jeans
39777,Shirts
8727,Shirts
12798,Tshirts
35986,Tshirts
19370,Formal Shoes
34854,Casual Shoes
16338,Shirts
4117,Casual Shoes
14492,Casual Shoes
37610,Tshirts
38658,Sports Shoes
10032,Tshirts
9608,Shirts
3332,Tshirts
42015,Sports Shoes
12765,Jeans
26550,Casual Shoes
6640,Sports Shoes
34095,Dresses
51402,Shirts
7792,Tshirts
17819,Formal Shoes
30607,Track Pants
12557,Tshirts
3100,Tshirts
23210,Tops
6472,Tshirts
18851,Tshirts
19983,Tshirts
4325,Tshirts
33082,Tshirts
1657,Sports Shoes
26306,Tshirts
3564,Casual Shoes
30263,Casual Shoes
18409,Sports Shoes
35711,Sports Shoes
9862,Tshirts
6016,Shirts
5693,Casual Shoes
38832,Dresses
40928,Jeans
21123,Sweaters
15316,Casual Shoes
4741,Casual Shoes
10664,Tshirts
24451,Casual Shoes
53731,Casual Shoes
44786,Casual Shoes
4573,Sports Shoes
40326,Sports Shoes
10456,Tshirts
24663,Casual Shoes
3756,Tshirts
54514,Casual Shoes
2684,Tshirts
22594,Tshirts
26908,Tops
6224,Tshirts
3590,Casual Shoes
30297,Tshirts
27220,Tops
7130,Tshirts
8944,Shirts
16567,Dresses
23680,Casual Shoes
13829,Sweaters
34637,Sports Shoes
5667,Tshirts
20005,Tops
57157,Tshirts
10690,Tshirts
20839,Casual Shoes
25577,Sports Shoes
11742,Tshirts
14002,Tshirts
20237,Tshirts
37280,Tshirts
5455,Tshirts
44772,Sports Shoes
24697,Shirts
31177,Tops
13227,Tshirts
7302,Tshirts
34405,Tshirts
11928,Sports Shoes
36736,Tshirts
11114,Shirts
32396,Shirts
33244,Shirts
12791,Tshirts
34061,Dresses
16331,Tshirts
22104,Casual Shoes
7766,Tshirts
2026,Tshirts
27644,Tshirts
13471,Tops
26796,Shirts
34253,Track Pants
6486,Casual Shoes
19977,Tshirts
35381,Casual Shoes
7554,Tshirts
22336,Tshirts
5203,Tshirts
14654,Tshirts
57533,Formal Shoes
44918,Shorts
33076,Tshirts
3769,Tshirts
8381,Tshirts
9253,Shirts
26937,Tshirts
1802,Sports Shoes
40319,Casual Shoes
10469,Tshirts
15329,Sweaters
2489,Sports Shoes
9061,Shirts
6815,Casual Shoes
12930,Tshirts
29371,Shirts
22799,Tshirts
6029,Tops
32953,Casual Shoes
21578,Tshirts
24836,Sports Shoes
1668,Tshirts
17826,Casual Shoes
30638,Shorts
9405,Sports Shoes
19180,Shirts
12568,Tshirts
42218,Tops
3903,Tshirts
13688,Sports Shoes
9637,Shirts
48510,Tops
54973,Dresses
4128,Casual Shoes
20698,Casual Shoes
10831,Tshirts
4914,Tops
38667,Sports Shoes
41469,Casual Shoes
44927,Tshirts
19174,Shirts
16900,Tshirts
2825,Formal Shoes
28633,Sports Shoes
19948,Shorts
34862,Casual Shoes
54987,Tops
39741,Casual Shoes
40789,Casual Shoes
5832,Tshirts
8375,Tshirts
31148,Tshirts
13218,Shirts
50943,Jeans
28859,Tshirts
31974,Sports Shoes
20208,Jackets
39325,Tops
5658,Tshirts
41831,Casual Shoes
57168,Tshirts
7933,Tshirts
8147,Shirts
9095,Shorts
13816,Tshirts
43306,Shirts
26791,Shirts
6481,Tshirts
22331,Tshirts
35386,Casual Shoes
7553,Track Pants
25928,Tshirts
14653,Tshirts
5204,Tshirts
41451,Casual Shoes
33071,Tshirts
36731,Tops
44311,Shirts
32391,Shirts
11113,Shirts
33243,Shirts
12796,Tshirts
35988,Tshirts
8729,Shirts
34066,Dresses
7761,Tshirts
22103,Casual Shoes
16336,Shirts
44775,Casual Shoes
37287,Tshirts
20230,Sweaters
14005,Tshirts
4580,Sports Shoes
24690,Casual Shoes
2677,Tshirts
28861,Tshirts
13220,Tshirts
27015,Jeans
7305,Tops
22567,Shirts
34402,Tshirts
3597,Casual Shoes
19528,Sweaters
27227,Dresses
8943,Shirts
7137,Track Pants
34630,Sports Shoes
50375,Casual Shoes
20002,Tops
5660,Tshirts
57150,Tops
11745,Tshirts
25570,Sports Shoes
44781,Casual Shoes
4574,Sports Shoes
24664,Casual Shoes
10451,Tshirts
40321,Sports Shoes
3751,Tshirts
2683,Tshirts
54513,Casual Shoes
22593,Tshirts
6223,Tshirts
3563,Casual Shoes
30264,Casual Shoes
9059,Sports Shoes
12908,Shirts
35716,Sports Shoes
6011,Shirts
9865,Tshirts
38835,Dresses
5694,Casual Shoes
57998,Dresses
4746,Tshirts
21124,Sweaters
24456,Sports Shoes
25584,Sports Shoes
30600,Tshirts
3107,Tshirts
6475,Tshirts
18856,Tshirts
19984,Tshirts
4322,Tshirts
33085,Tshirts
24032,Tshirts
10809,Shirts
14495,Casual Shoes
41697,Tops
10035,Sports Shoes
12762,Jeans
6647,Sports Shoes
34092,Tops
7795,Tshirts
51405,Shirts
44578,Jeans
36158,Tshirts
41836,Casual Shoes
19517,Sweaters
7934,Tshirts
27218,Shorts
9092,Sports Shoes
19725,Shirts
8372,Tshirts
50944,Jeans
31973,Sports Shoes
19341,Jackets
8716,Tshirts
22900,Shirts
54980,Dresses
34059,Shorts
11910,Formal Shoes
5009,Tops
39746,Tops
5835,Tshirts
25917,Tshirts
52079,Tshirts
44920,Shorts
13449,Shirts
43339,Sports Shoes
16907,Sweatshirts
19173,Shirts
28634,Sports Shoes
2822,Casual Shoes
48517,Tops
9630,Shirts
6678,Casual Shoes
54974,Dresses
15578,Shirts
10836,Tshirts
37628,Tshirts
4913,Tops
33288,Tshirts
38660,Casual Shoes
32954,Tshirts
17821,Casual Shoes
9402,Sports Shoes
19187,Shirts
18869,Track Pants
3904,Tshirts
7598,Tshirts
4779,Tshirts
6812,Casual Shoes
9066,Shirts
8988,Casual Shoes
12937,Shirts
12339,Shirts
8386,Tshirts
9254,Shirts
26930,Tops
5499,Tshirts
1805,Casual Shoes
5439,Tshirts
21389,Shirts
26990,Shorts
8326,Tshirts
19771,Casual Shoes
12997,Casual Shoes
13845,Shirts
7960,Tshirts
31329,Casual Shoes
18491,Jackets
13079,Casual Shoes
39978,Casual Shoes
28660,Sports Shoes
7538,Tshirts
27628,Shorts
3198,Tshirts
49657,Tops
14638,Shirts
33826,Sports Shoes
58517,Tops
41608,Shirts
5861,Tshirts
58725,Tshirts
29580,Tshirts
22168,Casual Shoes
34831,Sports Shoes
23886,Sports Shoes
2278,Tshirts
9690,Tshirts
8742,Shirts
3950,Tops
9456,Shirts
8584,Shirts
24059,Tshirts
4947,Tshirts
38634,Tshirts
5895,Sports Shoes
10862,Tshirts
29574,Casual Shoes
18233,Tshirts
23872,Tshirts
9664,Shirts
30459,Shirts
49491,Casual Shoes
12709,Sports Shoes
41298,Shirts
15974,Shirts
39382,Jeans
6248,Tshirts
30801,Shirts
19785,Tshirts
18657,Sports Shoes
9200,Casual Shoes
12963,Sports Shoes
29322,Shirts
3508,Track Pants
9032,Casual Shoes
32558,Casual Shoes
40944,Tops
59055,Casual Shoes
56821,Shorts
34032,Shirts
22157,Casual Shoes
16362,Shirts
46412,Jackets
7735,Sports Shoes
11147,Shirts
41637,Shirts
10095,Sports Shoes
41405,Tops
11375,Shirts
4382,Tshirts
36557,Tshirts
2849,Tshirts
19924,Tops
22365,Sweatshirts
16150,Formal Shoes
43352,Sports Shoes
13422,Tshirts
57104,Tops
32593,Tops
11711,Shirts
25524,Shirts
39947,Casual Shoes
36133,Sports Shoes
7163,Tshirts
22701,Sports Shoes
16534,Tops
12194,Tshirts
31316,Tops
7351,Tshirts
6283,Tshirts
31124,Dresses
8319,Tshirts
43504,Tshirts
40381,Tops
11523,Tshirts
20264,Tshirts
53796,Tshirts
14051,Shirts
5406,Sports Shoes
36301,Tshirts
15183,Sweaters
10637,Formal Shoes
32567,Jeans
14297,Tshirts
15345,Sweatshirts
21170,Tops
7197,Tops
9831,Tshirts
17412,Sports Shoes
23627,Tshirts
26355,Dresses
19588,Tops
3537,Tshirts
6879,Tops
46082,Sports Shoes
35570,Casual Shoes
6277,Tshirts
27889,Shirts
3705,Tshirts
40375,Tops
33687,Casual Shoes
10405,Tops
53762,Tshirts
4520,Sports Shoes
45607,Formal Shoes
15177,Sweaters
6613,Shirts
17244,Tshirts
28499,Track Pants
23071,Sweaters
16396,Shirts
3361,Tshirts
8789,Shirts
4978,Jeans
24254,Casual Shoes
10061,Tshirts
4144,Sports Shoes
15513,Casual Shoes
5096,Tshirts
11381,Tops
24066,Shirts
1604,Track Pants
15721,Sports Shoes
4376,Tshirts
23243,Formal Shoes
22391,Tshirts
9469,Shirts
12504,Tops
42274,Casual Shoes
9809,Shirts
9035,Casual Shoes
37811,Shirts
40943,Tops
21148,Tops
24608,Shirts
39385,Jeans
15973,Shirts
1856,Tshirts
4518,Sports Shoes
30806,Shirts
47168,Sports Shoes
9207,Casual Shoes
4940,Jeans
10059,Tshirts
5892,Tops
38633,Tshirts
10865,Tshirts
23049,Shirts
54927,Tshirts
29573,Casual Shoes
23875,Tshirts
18234,Tshirts
49496,Casual Shoes
3359,Tshirts
3957,Tops
18006,Track Pants
9451,Shirts
26709,Sports Shoes
15719,Sports Shoes
5866,Casual Shoes
4188,Tshirts
58722,Tshirts
17288,Tshirts
28455,Skirts
9697,Formal Shoes
23881,Tshirts
34836,Sports Shoes
49462,Casual Shoes
22953,Sports Shoes
31578,Tshirts
34238,Tshirts
16168,Casual Shoes
49650,Tops
58510,Dresses
33821,Sports Shoes
12990,Sports Shoes
6089,Tshirts
15987,Tshirts
14069,Tshirts
59294,Shirts
26997,Jeans
7369,Casual Shoes
8321,Tshirts
11386,Sweatshirts
1603,Sweatshirts
24061,Tshirts
4371,Tshirts
15726,Sports Shoes
32938,Casual Shoes
6426,Casual Shoes
23244,Formal Shoes
3968,Tops
3154,Sports Shoes
31781,Shirts
42273,Casual Shoes
12503,Tshirts
17243,Tshirts
54918,Shorts
6614,Tshirts
51456,Tops
30461,Shirts
12731,Shirts
3366,Sports Shoes
42041,Sports Shoes
10066,Tshirts
24253,Casual Shoes
15514,Casual Shoes
4143,Casual Shoes
5091,Tshirts
17627,Tshirts
3702,Tshirts
54540,Sports Shoes
13287,Shirts
10402,Tops
24637,Sports Shoes
37220,Shirts
1869,Tshirts
53765,Tshirts
20297,Tshirts
15170,Tshirts
45600,Casual Shoes
4527,Sports Shoes
40140,Tshirts
10630,Casual Shoes
32560,Jeans
14290,Tshirts
38866,Tops
56819,Shirts
15342,Tshirts
7190,Jeans
13889,Shirts
6042,Shirts
9836,Tshirts
17415,Sports Shoes
3530,Tshirts
30237,Casual Shoes
19749,Tshirts
31123,Tops
43503,Tshirts
11524,Sweatshirts
5401,Sports Shoes
53791,Tshirts
14056,Tshirts
20263,Tshirts
15184,Sweaters
57103,Tops
25523,Shirts
11716,Shirts
32594,Tops
40988,Tshirts
39940,Casual Shoes
16533,Shirts
8910,Casual Shoes
22706,Sports Shoes
7164,Shirts
7958,Tshirts
12193,Shirts
11372,Shirts
41402,Tshirts
4385,Tshirts
34207,Tshirts
28658,Casual Shoes
50742,Casual Shoes
16157,Casual Shoes
7500,Tshirts
19923,Tshirts
13425,Tshirts
43355,Sports Shoes
34035,Shirts
16365,Shirts
2240,Tshirts
31547,Tshirts
5859,Tshirts
10092,Sports Shoes
33210,Tops
44342,Tshirts
16398,Shirts
28497,Shorts
54911,Tshirts
8787,Shirts
9655,Shirts
23843,Sports Shoes
18202,Sweatshirts
38605,Tshirts
4976,Tshirts
10853,Tshirts
5098,Tshirts
21728,Casual Shoes
11981,Sports Shoes
24068,Shirts
24854,Tops
4378,Tshirts
59400,Tops
3961,Tshirts
31788,Tshirts
17844,Sports Shoes
32569,Tops
40149,Dresses
20890,Casual Shoes
10639,Casual Shoes
40975,Tshirts
14299,Tshirts
13880,Shirts
12952,Shirts
7199,Tops
6877,Jackets
3539,Tshirts
19586,Tshirts
6279,Tshirts
27887,Shirts
26955,Tops
9231,Shirts
33689,Casual Shoes
15179,Sweaters
45609,Formal Shoes
1860,Tshirts
39949,Casual Shoes
57936,Casual Shoes
13874,Shirts
6883,Tops
13048,Tshirts
7951,Tshirts
19572,Tshirts
27873,Shirts
16708,Tshirts
8317,Tshirts
39347,Tshirts
5408,Sports Shoes
53798,Tshirts
22159,Casual Shoes
28463,Shorts
19324,Sweatshirts
8773,Shirts
5850,Tshirts
33219,Tops
39723,Dresses
4982,Tops
36559,Tshirts
25972,Dresses
29783,Tshirts
3995,Tshirts
7509,Tshirts
2847,Tshirts
28651,Sports Shoes
10434,Shirts
21373,Sweatshirts
4511,Sports Shoes
53753,Shorts
14094,Tshirts
17611,Tshirts
34493,Skirts
6246,Tshirts
7394,Formal Shoes
18659,Casual Shoes
3734,Tshirts
46281,Dresses
13083,Casual Shoes
6848,Sports Shoes
3506,Casual Shoes
26364,Skirts
32556,Casual Shoes
4723,Tshirts
21141,Tops
15374,Sports Shoes
39982,Casual Shoes
38850,Tops
16195,Sweaters
6410,Casual Shoes
3162,Sports Shoes
42245,Tops
12535,Tshirts
9458,Shirts
1635,Casual Shoes
5295,Tshirts
10050,Tshirts
24265,Tshirts
4949,Shorts
4175,Sports Shoes
51460,Tops
22192,Casual Shoes
17275,Tshirts
6622,Sports Shoes
12707,Sports Shoes
26532,Casual Shoes
3350,Tshirts
31585,Tshirts
2282,Tshirts
16161,Formal Shoes
22354,Shirts
7536,Tshirts
34231,Tshirts
50774,Formal Shoes
3196,Tshirts
49659,Tops
27626,Shorts
13413,Shirts
2044,Tshirts
10296,Casual Shoes
11344,Jeans
41434,Sports Shoes
33828,Sports Shoes
58519,Tops
52023,Jackets
24291,Sweatshirts
33226,Dresses
41606,Shirts
11176,Sweaters
5053,Sports Shoes
20631,Sweaters
4181,Formal Shoes
36754,Tops
7704,Tops
16353,Shirts
22166,Casual Shoes
17281,Tshirts
34003,Tops
23888,Sports Shoes
2276,Tshirts
5437,Tshirts
14060,Tshirts
20255,Tshirts
28804,Jeans
43535,Tops
13245,Shorts
8328,Tshirts
6080,Tshirts
34655,Sports Shoes
16505,Jeans
22730,Sports Shoes
7152,Tops
13077,Casual Shoes
31327,Formal Shoes
26390,Shirts
59893,Shirts
57135,Tops
39976,Casual Shoes
16159,Formal Shoes
3992,Tshirts
29784,Tshirts
28656,Sports Shoes
2840,Tshirts
34209,Tshirts
19111,Tshirts
43955,Shirts
31549,Tshirts
8774,Shirts
19323,Sweatshirts
4985,Sports Shoes
39724,Dresses
11972,Casual Shoes
27874,Shirts
39340,Sports Shoes
40388,Tops
14058,Tshirts
57931,Tshirts
40986,Tshirts
13873,Shirts
22708,Sports Shoes
6884,Jackets
7956,Shorts
19575,Tops
27880,Shirts
17629,Jackets
26952,Tops
13289,Sweatshirts
48111,Shorts
9236,Shirts
24639,Casual Shoes
4529,Sports Shoes
1867,Tshirts
20299,Sweaters
20897,Casual Shoes
56817,Shirts
38868,Tops
40972,Tops
13887,Shirts
12955,Sports Shoes
30239,Casual Shoes
6870,Dresses
19581,Tshirts
45864,Casual Shoes
11388,Tshirts
24853,Shirts
59407,Tshirts
15728,Casual Shoes
3966,Tops
22398,Shirts
6428,Casual Shoes
16991,Shirts
9460,Shirts
17843,Casual Shoes
51458,Tops
29542,Tshirts
8780,Shirts
18205,Jackets
23844,Sports Shoes
9652,Shirts
38602,Tshirts
10068,Tshirts
4971,Shirts
10854,Tshirts
11986,Casual Shoes
6087,Tops
34652,Casual Shoes
7155,Tops
16502,Tshirts
43700,Tops
13070,Casual Shoes
59894,Shirts
11727,Tshirts
57132,Tops
39971,Casual Shoes
15989,Sweaters
21380,Track Pants
20252,Tshirts
14067,Tshirts
5430,Shirts
47192,Formal Shoes
22505,Casual Shoes
26999,Jeans
7367,Casual Shoes
13242,Shorts
2615,Tshirts
43532,Tops
33221,Tops
5868,Casual Shoes
11171,Sweaters
41601,Shirts
5054,Sports Shoes
4186,Tshirts
22161,Casual Shoes
16354,Shirts
7703,Tops
34004,Tops
17286,Tshirts
31576,Tshirts
34838,Sports Shoes
9699,Formal Shoes
2271,Tshirts
7531,Tshirts
22353,Shirts
16166,Formal Shoes
50773,Formal Shoes
3191,Tshirts
13414,Shirts
41433,Sports Shoes
11343,Jeans
36561,Tshirts
10057,Tshirts
4172,Sports Shoes
22195,Casual Shoes
54929,Tshirts
6625,Sports Shoes
17272,Tshirts
23047,Sweaters
49498,Casual Shoes
3357,Tshirts
31582,Tshirts
26535,Casual Shoes
12700,Sports Shoes
2285,Tshirts
3959,Tops
16192,Sweaters
17040,Casual Shoes
6417,Casual Shoes
12532,Jackets
42242,Tops
3165,Sports Shoes
24050,Tshirts
10265,Formal Shoes
5292,Casual Shoes
15717,Sports Shoes
4340,Casual Shoes
9807,Shirts
6073,Tops
13084,Casual Shoes
26363,Tshirts
3501,Sports Shoes
10601,Tshirts
39985,Casual Shoes
15373,Tops
21146,Tops
56828,Jeans
4724,Tshirts
32763,Shirts
24606,Sweatshirts
10433,Shirts
4516,Sports Shoes
15141,Shirts
53754,Sweatshirts
14093,Tshirts
34494,Skirts
6241,Tshirts
17616,Tshirts
7393,Casual Shoes
9209,Casual Shoes
3733,Tshirts
12364,Shirts
12909,Shirts
29348,Tshirts
9864,Tshirts
6010,Shirts
26300,Tshirts
9058,Sports Shoes
24457,Sports Shoes
10662,Tshirts
25585,Sports Shoes
57999,Dresses
15310,Sports Shoes
21125,Tops
4747,Tshirts
40320,Casual Shoes
24665,Casual Shoes
10450,Tshirts
53737,Shorts
44780,Casual Shoes
37272,Tshirts
4575,Sports Shoes
22592,Sweatshirts
35525,Casual Shoes
6222,Tshirts
3750,Tshirts
2682,Tshirts
41696,Shorts
10034,Tshirts
14494,Casual Shoes
6646,Sports Shoes
51404,Shirts
7794,Tshirts
42013,Sports Shoes
18857,Tshirts
6474,Casual Shoes
19985,Tshirts
30601,Tshirts
42221,Tops
1651,Tshirts
33084,Tshirts
4323,Tshirts
11112,Shirts
32390,Shirts
33242,Shirts
36730,Tops
44310,Shirts
5037,Casual Shoes
34067,Shirts
22102,Casual Shoes
16337,Shirts
2212,Tshirts
8728,Shirts
12797,Tshirts
35989,Dresses
50710,Tops
6480,Tshirts
34255,Track Pants
7552,Tshirts
22330,Tshirts
43307,Shirts
13477,Casual Shoes
27642,Tshirts
26790,Shirts
41450,Casual Shoes
11320,Jeans
33070,Tshirts
5205,Tshirts
14652,Tshirts
7136,Track Pants
8942,Shirts
34631,Sports Shoes
19529,Tshirts
3596,Casual Shoes
30291,Tshirts
27226,Dresses
11744,Tshirts
25571,Sports Shoes
5661,Tshirts
20003,Tshirts
24691,Casual Shoes
20231,Sweaters
14004,Tshirts
44774,Sports Shoes
5453,Shorts
37286,Tshirts
4581,Tshirts
7304,Tops
34403,Tshirts
13221,Tshirts
2676,Tshirts
28860,Tshirts
18868,Shorts
7599,Sports Shoes
9403,Sports Shoes
19186,Shirts
54975,Shirts
48516,Tops
9631,Shirts
4912,Tops
38661,Sports Shoes
33289,Shirts
15579,Shirts
10837,Tshirts
37629,Tshirts
29145,Tops
26931,Tops
8387,Tshirts
12338,Jeans
18602,Sports Shoes
9255,Shirts
1804,Shorts
5498,Tshirts
24468,Casual Shoes
4778,Tshirts
12936,Shirts
8989,Casual Shoes
9067,Shirts
6813,Casual Shoes
31972,Sports Shoes
19724,Shirts
50945,Jeans
39323,Shorts
44579,Jeans
41837,Casual Shoes
7935,Shorts
19516,Sweaters
27219,Dresses
44921,Shorts
52078,Tshirts
28635,Sports Shoes
2823,Formal Shoes
13448,Shirts
19172,Tshirts
16906,Sweatshirts
54981,Shirts
19340,Jackets
5834,Tshirts
58770,Shirts
5008,Dresses
5454,Shorts
37281,Tshirts
44773,Sports Shoes
14003,Tshirts
20236,Tshirts
7303,Tops
34404,Tshirts
31176,Tops
13226,Tshirts
7131,Track Pants
46216,Dresses
13828,Sweaters
34636,Casual Shoes
3591,Casual Shoes
27221,Tops
30296,Tshirts
57156,Tshirts
10691,Tshirts
25576,Sports Shoes
11743,Tshirts
20004,Tshirts
5666,Tshirts
6487,Formal Shoes
34252,Shorts
50717,Tshirts
22337,Tshirts
7555,Tshirts
19976,Tshirts
27645,Tshirts
13470,Dresses
2027,Tshirts
26797,Shirts
11327,Jeans
33077,Tshirts
57532,Formal Shoes
44919,Shorts
5202,Tshirts
41665,Shirts
32397,Shirts
11115,Shirts
33245,Shirts
11929,Sports Shoes
36737,Tshirts
34060,Shorts
7767,Track Pants
22105,Casual Shoes
13642,Casual Shoes
12790,Tshirts
49408,Casual Shoes
18850,Tshirts
6473,Tshirts
19982,Tshirts
13484,Casual Shoes
17818,Casual Shoes
30606,Shorts
3101,Tshirts
42226,Tops
12556,Tshirts
33083,Tshirts
4324,Tshirts
10033,Shorts
38659,Casual Shoes
37611,Tshirts
14493,Casual Shoes
34094,Tops
6641,Sports Shoes
7793,Tshirts
51403,Shirts
9609,Shirts
26551,Casual Shoes
10457,Tshirts
24662,Casual Shoes
4572,Sports Shoes
26909,Tops
22595,Tshirts
23447,Tops
6225,Tshirts
3757,Tshirts
2685,Tshirts
54515,Sports Shoes
35710,Sports Shoes
6017,Shirts
9863,Tshirts
3565,Casual Shoes
48378,Jeans
30262,Casual Shoes
10665,Tshirts
24450,Casual Shoes
25582,Sports Shoes
40929,Jeans
5692,Casual Shoes
4740,Casual Shoes
21122,Shirts
15317,Sweatshirts
54986,Tops
7758,Tshirts
34863,Casual Shoes
27448,Tshirts
5833,Tshirts
40788,Casual Shoes
11318,Jeans
41468,Casual Shoes
44926,Shirts
2824,Formal Shoes
19949,Sweatshirts
16901,Tshirts
19175,Shirts
20807,Sports Shoes
57169,Tops
25549,Tshirts
5659,Tshirts
41830,Casual Shoes
29384,Shirts
31975,Sports Shoes
19723,Shirts
31149,Tshirts
50942,Jeans
28858,Tshirts
13219,Shirts
39324,Shorts
20209,Sweatshirts
15328,Sweaters
22798,Shorts
12931,Tshirts
6814,Casual Shoes
9060,Sports Shoes
26936,Tshirts
8380,Tops
3768,Tshirts
9252,Shirts
10468,Tshirts
40318,Sports Shoes
32738,Sports Shoes
1803,Tshirts
54972,Dresses
9636,Shirts
48511,Tops
13689,Sports Shoes
4915,Tops
38666,Sports Shoes
4129,Casual Shoes
10830,Tshirts
20699,Casual Shoes
32952,Casual Shoes
53159,Shirts
3902,Tshirts
17827,Casual Shoes
30639,Shorts
12569,Tshirts
19181,Shirts
11311,Jeans
32193,Casual Shoes
14663,Shirts
5234,Sports Shoes
25918,Tshirts
21584,Jeans
52076,Tshirts
16134,Tops
7563,Tshirts
19940,Casual Shoes
18892,Tops
50721,Dresses
16908,Sweatshirts
12594,Tshirts
13446,Tops
43336,Sports Shoes
2011,Tshirts
7751,Tshirts
22133,Formal Shoes
6683,Tshirts
26593,Sports Shoes
8719,Shirts
2223,Track Pants
27441,Tops
13674,Casual Shoes
41653,Shirts
39749,Shorts
5006,Tops
20664,Tshirts
15583,Tshirts
34432,Tshirts
28851,Tshirts
27025,Jeans
13210,Sports Shoes
3795,Casual Shoes
10495,Shirts
5462,Sports Shoes
44745,Casual Shoes
14035,Shirts
20200,Tshirts
25540,Shirts
11775,Tshirts
41005,Skirts
57160,Tshirts
4782,Tshirts
20032,Shirts
34600,Dresses
16550,Shirts
8973,Sports Shoes
27217,Shorts
19518,Sweaters
6213,Tshirts
54523,Sports Shoes
26103,Shirts
3761,Tshirts
8389,Tshirts
10461,Tshirts
4544,Sports Shoes
37243,Casual Shoes
5496,Tshirts
11781,Tshirts
59832,Shirts
32503,Shirts
24466,Sports Shoes
4776,Tshirts
21114,Tops
15321,Jackets
38805,Tshirts
44583,Jeans
6021,Tshirts
23643,Tshirts
8987,Casual Shoes
2481,Tshirts
9069,Shirts
3553,Casual Shoes
31386,Tshirts
41495,Tshirts
4312,Tshirts
21570,Casual Shoes
52082,Tshirts
15745,Sports Shoes
7597,Sports Shoes
18866,Track Pants
6445,Casual Shoes
42210,Tops
12560,Tshirts
30630,Tshirts
51435,Shirts
6677,Sports Shoes
12752,Jeans
3305,Sports Shoes
48518,Tops
13680,Sports Shoes
10005,Tshirts
33287,Tshirts
40775,Casual Shoes
10839,Tshirts
37627,Tshirts
20690,Casual Shoes
15577,Tshirts
4120,Casual Shoes
27228,Dresses
48385,Jeans
3598,Tshirts
7904,Tshirts
55608,Shirts
19527,Sweaters
36954,Sports Shoes
20831,Sports Shoes
41208,Sports Shoes
2678,Tshirts
46811,Tshirts
19715,Shirts
8342,Sports Shoes
5805,Tops
39776,Shirts
58741,Tshirts
11920,Formal Shoes
16339,Shirts
19371,Formal Shoes
12799,Tshirts
35987,Tshirts
34855,Casual Shoes
2812,Casual Shoes
28604,Sports Shoes
49633,Dresses
43309,Shorts
38496,Tshirts
44910,Tshirts
58573,Tshirts
25927,Tshirts
52049,Tshirts
38650,Casual Shoes
39782,Shirts
4923,Tops
10806,Shirts
54944,Tshirts
6648,Casual Shoes
26558,Casual Shoes
9600,Shirts
23816,Casual Shoes
3934,Tshirts
18859,Tshirts
3108,Tshirts
9432,Sports Shoes
17811,Tshirts
32964,Tshirts
12907,Tshirts
9056,Sports Shoes
48371,Shirts
8184,Shirts
24459,Sports Shoes
56845,Jeans
4749,Tshirts
57997,Dresses
15910,Shirts
9264,Shirts
18633,Tshirts
12309,Shirts
51432,Shirts
6670,Casual Shoes
42025,Sports Shoes
3302,Sports Shoes
26560,Casual Shoes
12755,Tshirts
9638,Shirts
33280,Jeans
10002,Skirts
20697,Casual Shoes
37620,Tshirts
4127,Casual Shoes
15570,Tshirts
21745,Casual Shoes
52085,Tshirts
15742,Sports Shoes
21577,Formal Shoes
4315,Tshirts
7590,Tshirts
51600,Jeans
18861,Tshirts
12567,Tshirts
42217,Dresses
3130,Tshirts
17829,Sports Shoes
30637,Shorts
32504,Shirts
24461,Casual Shoes
10654,Skirts
40124,Tshirts
15326,Tshirts
21113,Tops
4771,Tshirts
44584,Jeans
23644,Tshirts
6026,Tshirts
22796,Tshirts
8980,Casual Shoes
2486,Tops
30253,Casual Shoes
3554,Casual Shoes
6214,Tshirts
16791,Shirts
26938,Tshirts
54524,Sports Shoes
43593,Tshirts
3766,Tshirts
12331,Jeans
32736,Sports Shoes
40316,Casual Shoes
10466,Tshirts
4543,Sports Shoes
37244,Casual Shoes
5491,Tshirts
41002,Skirts
11772,Tshirts
57167,Tshirts
4785,Shorts
14200,Tops
17485,Sports Shoes
16557,Sweatshirts
8974,Sports Shoes
27210,Shirts
8148,Shirts
34435,Tshirts
7332,Casual Shoes
13217,Shirts
27022,Jeans
2640,Formal Shoes
28856,Tshirts
31147,Shirts
3792,Tshirts
10492,Shirts
20207,Sweatshirts
14032,Tshirts
44742,Casual Shoes
5465,Sports Shoes
22134,Formal Shoes
7756,Tshirts
6684,Tshirts
54988,Tops
34051,Shirts
22908,Tshirts
26594,Sports Shoes
19349,Sports Shoes
13673,Casual Shoes
27446,Tshirts
41654,Shirts
14456,Casual Shoes
44928,Shirts
32194,Casual Shoes
41466,Casual Shoes
5233,Tshirts
14664,Shirts
52071,Tshirts
21583,Jeans
7564,Tshirts
16133,Tops
50726,Formal Shoes
18895,Dresses
12593,Tshirts
43331,Dresses
13441,Tshirts
10459,Tshirts
1832,Sports Shoes
29173,Skirts
26907,Tops
18634,Tshirts
9263,Shirts
3759,Tshirts
12900,Sports Shoes
9051,Sports Shoes
18406,Casual Shoes
54729,Casual Shoes
26309,Tshirts
8183,Shirts
15319,Jackets
57990,Dresses
40927,Jeans
3933,Tshirts
42228,Tops
30608,Track Pants
1658,Jackets
59452,Shirts
32963,Tshirts
38657,Sports Shoes
4924,Tops
39785,Shirts
10801,Shirts
4118,Casual Shoes
54943,Tshirts
48520,Tops
9607,Shirts
19978,Tshirts
22339,Tshirts
28603,Sports Shoes
50719,Tops
6489,Tshirts
26799,Shirts
49634,Dresses
2029,Tshirts
44917,Track Pants
33079,Tshirts
38491,Tshirts
58574,Tshirts
33845,Casual Shoes
25920,Tshirts
5802,Tshirts
32399,Tops
39771,Shirts
11927,Sports Shoes
36739,Tshirts
7769,Jackets
8721,Shirts
49406,Casual Shoes
34852,Casual Shoes
39315,Tshirts
24698,Shirts
20238,Tshirts
31944,Sports Shoes
29187,Tops
31178,Tops
8345,Sports Shoes
49062,Casual Shoes
19712,Shirts
46816,Tops
13826,Sweaters
34638,Sports Shoes
48382,Jeans
30298,Tshirts
7903,Tshirts
19520,Sweaters
25578,Sports Shoes
57158,Tshirts
20836,Formal Shoes
5668,Tshirts
56816,Shirts
20896,Casual Shoes
6871,Tops
19580,Tshirts
13886,Shirts
9839,Tshirts
12954,Sports Shoes
48110,Shorts
9237,Shirts
17628,Jackets
27881,Shirts
26953,Tops
4528,Sports Shoes
1866,Tshirts
20298,Sweaters
24638,Sports Shoes
8781,Shirts
23845,Sports Shoes
9653,Shirts
51459,Tops
28491,Tshirts
23079,Shirts
10855,Tshirts
10069,Tshirts
38603,Tshirts
4970,Tshirts
15729,Sports Shoes
32937,Casual Shoes
45865,Casual Shoes
11389,Tshirts
16990,Sweaters
17842,Casual Shoes
2089,Tshirts
9461,Shirts
3967,Tops
22399,Shirts
6429,Casual Shoes
19322,Sweatshirts
8775,Shirts
28465,Tshirts
11973,Sports Shoes
39725,Skirts
4984,Dresses
58520,Dresses
44943,Formal Shoes
49660,Tops
19110,Tshirts
3993,Tshirts
16158,Formal Shoes
29785,Tshirts
34208,Tshirts
28657,Casual Shoes
2841,Tshirts
40987,Tshirts
57930,Tshirts
11719,Shirts
6885,Dresses
19574,Track Pants
7957,Tops
13872,Shirts
22709,Sports Shoes
19746,Tshirts
46842,Casual Shoes
27875,Shirts
7359,Tshirts
1892,Sweatshirts
14059,Tshirts
39341,Casual Shoes
40389,Tshirts
12533,Jackets
16193,Sweaters
3958,Tops
6416,Casual Shoes
17041,Casual Shoes
5293,Tshirts
15716,Sports Shoes
59439,Shirts
24051,Tshirts
10264,Formal Shoes
4173,Sports Shoes
26534,Casual Shoes
12701,Sports Shoes
49499,Casual Shoes
31583,Tshirts
3356,Tshirts
2284,Tshirts
22194,Casual Shoes
51466,Tshirts
17273,Tshirts
6624,Sports Shoes
54928,Tshirts
15140,Shirts
21375,Tshirts
4517,Sports Shoes
37210,Shirts
53755,Shorts
14092,Sweaters
1859,Tshirts
32762,Shirts
24607,Jeans
10432,Shirts
9208,Casual Shoes
3732,Tshirts
17617,Tops
6240,Tshirts
34495,Skirts
7392,Formal Shoes
13085,Casual Shoes
54742,Casual Shoes
30207,Shirts
3500,Casual Shoes
26362,Tshirts
9806,Shirts
4725,Tshirts
56829,Jeans
15372,Tops
39984,Casual Shoes
21147,Sweatshirts
38856,Tops
21381,Track Pants
5431,Shirts
20253,Tshirts
58349,Tshirts
14066,Tshirts
15988,Tshirts
28802,Jeans
43533,Tops
13243,Shorts
47193,Formal Shoes
7366,Casual Shoes
22504,Casual Shoes
18499,Sweaters
13071,Casual Shoes
43701,Tops
26396,Shirts
34653,Sports Shoes
6086,Tshirts
22736,Sports Shoes
16503,Tshirts
7154,Tops
39970,Casual Shoes
11726,Tshirts
59895,Dresses
57133,Tops
13415,Shirts
2042,Tshirts
43365,Sports Shoes
22352,Shirts
7530,Tshirts
34237,Tshirts
14630,Skirts
36560,Tshirts
11342,Jeans
5055,Casual Shoes
20637,Dresses
4187,Tshirts
5869,Tops
11170,Sweaters
42085,Sports Shoes
31577,Tshirts
2270,Tshirts
9698,Formal Shoes
7702,Tops
22160,Casual Shoes
16355,Shirts
17287,Tshirts
34005,Tops
8316,Tshirts
27872,Shirts
46079,Sports Shoes
1895,Sweatshirts
53799,Tshirts
5409,Sports Shoes
39948,Casual Shoes
57937,Casual Shoes
40980,Tshirts
13049,Sweaters
6882,Jackets
19573,Track Pants
7950,Tshirts
13875,Shirts
36558,Tshirts
44944,Dresses
7508,Tshirts
3994,Tshirts
2846,Tshirts
28650,Sports Shoes
19325,Sweatshirts
22158,Casual Shoes
11974,Casual Shoes
33218,Tops
11148,Shirts
4983,Dresses
39722,Tops
24855,Tops
32930,Shirts
4379,Tshirts
24069,Shirts
31789,Tshirts
17845,Sports Shoes
9466,Shirts
3960,Tops
8786,Shirts
18203,Sweatshirts
9654,Shirts
23842,Sports Shoes
16399,Shirts
28496,Track Pants
5099,Tshirts
10852,Tshirts
38604,Tshirts
4977,Jeans
18667,Sports Shoes
9230,Shirts
6278,Tshirts
27886,Shirts
26954,Tops
45608,Formal Shoes
58385,Tshirts
1861,Tshirts
40974,Tshirts
14298,Tshirts
32568,Tops
10638,Formal Shoes
40148,Dresses
20891,Casual Shoes
9002,Casual Shoes
6876,Jackets
19587,Tops
3538,Tshirts
13881,Shirts
7198,Tops
5052,Casual Shoes
4180,Formal Shoes
33227,Tops
24290,Sweatshirts
41607,Shirts
23889,Sports Shoes
51495,Jeans
22167,Casual Shoes
7705,Tops
34002,Shirts
17280,Tshirts
3197,Tshirts
43362,Sports Shoes
2045,Tshirts
13412,Shirts
7537,Track Pants
16160,Formal Shoes
22355,Shirts
50775,Formal Shoes
34230,Tshirts
58518,Tops
14637,Shirts
33829,Casual Shoes
10297,Casual Shoes
41435,Sports Shoes
11345,Jeans
13076,Casual Shoes
34654,Sports Shoes
12998,Casual Shoes
7153,Tshirts
46274,Tops
16504,Jeans
22731,Sports Shoes
39977,Casual Shoes
59892,Shirts
11721,Shirts
57134,Tops
36331,Casual Shoes
21386,Tshirts
14061,Tshirts
20254,Tshirts
5436,Tshirts
39379,Jeans
13244,Shorts
43534,Tops
28805,Shirts
47194,Formal Shoes
13082,Casual Shoes
26365,Shirts
3507,Shorts
9801,Tops
21140,Tops
39983,Casual Shoes
15375,Casual Shoes
4722,Tshirts
32557,Casual Shoes
4510,Sports Shoes
15147,Shirts
53752,Shorts
14095,Tops
10435,Shirts
24600,Shirts
18658,Casual Shoes
3735,Tshirts
6247,Tshirts
34492,Skirts
7395,Casual Shoes
4174,Sports Shoes
10051,Shirts
24264,Shorts
4948,Tshirts
3351,Tshirts
12706,Sports Shoes
26533,Casual Shoes
2283,Tshirts
51461,Tops
22193,Casual Shoes
6623,Sports Shoes
17274,Tshirts
12534,Sweatshirts
3163,Sports Shoes
42244,Tops
16194,Sweaters
5294,Tshirts
15711,Casual Shoes
10263,Formal Shoes
1634,Sports Shoes
49651,Tops
34239,Tshirts
16169,Formal Shoes
33820,Sports Shoes
58511,Shirts
4189,Tshirts
58723,Tshirts
24299,Casual Shoes
5867,Tshirts
34837,Sports Shoes
9696,Formal Shoes
22952,Sports Shoes
31579,Tshirts
17289,Tshirts
14068,Tshirts
59295,Shirts
15986,Shirts
8320,Tshirts
26996,Jeans
12991,Sports Shoes
6088,Tshirts
11728,Tshirts
1857,Tshirts
4519,Sports Shoes
24609,Shirts
15972,Shirts
39384,Jeans
19783,Tshirts
9206,Casual Shoes
30807,Shirts
9034,Casual Shoes
9808,Shirts
21149,Shirts
41890,Shorts
56827,Jeans
37810,Shirts
9450,Shirts
3956,Tops
15718,Sports Shoes
38400,Tshirts
10864,Tshirts
4941,Tshirts
38632,Tshirts
5893,Tshirts
10058,Tshirts
18235,Tshirts
9662,Shirts
23874,Tshirts
49497,Casual Shoes
3358,Tshirts
54926,Tshirts
23048,Sweaters
29572,Casual Shoes
40989,Tops
39941,Casual Shoes
36135,Sports Shoes
57102,Tops
32595,Tops
11717,Shirts
7959,Tshirts
7165,Shirts
8911,Casual Shoes
16532,Shirts
22707,Sports Shoes
31122,Tops
43502,Tshirts
7357,Tshirts
14057,Tshirts
20262,Tshirts
5400,Sports Shoes
15185,Sweaters
40387,Tops
11525,Tops
2241,Tshirts
34034,Shirts
23083,Shirts
16364,Shirts
7733,Sports Shoes
44343,Tshirts
10093,Sports Shoes
41403,Tshirts
11373,Tops
24094,Tshirts
43354,Sports Shoes
13424,Tshirts
8549,Tshirts
28659,Sports Shoes
50743,Casual Shoes
34206,Tshirts
7501,Tshirts
16156,Formal Shoes
22363,Jackets
3367,Sports Shoes
42040,Sports Shoes
12730,Sweatshirts
6615,Tshirts
54919,Shorts
23077,Shirts
17242,Tshirts
51457,Dresses
4142,Casual Shoes
11989,Tshirts
15515,Casual Shoes
5090,Tshirts
10067,Tshirts
24252,Casual Shoes
15727,Sports Shoes
32939,Casual Shoes
4370,Tshirts
11387,Shirts
10255,Shirts
12502,Tshirts
42272,Casual Shoes
23245,Formal Shoes
6427,Casual Shoes
3969,Tops
14291,Tshirts
21176,Sports Shoes
15343,Tshirts
56818,Shirts
10631,Casual Shoes
40141,Tshirts
32561,Jeans
3531,Tshirts
7191,Jeans
23621,Dresses
17414,Sports Shoes
6043,Tshirts
3703,Tshirts
12354,Shirts
54541,Sports Shoes
13286,Shirts
9239,Shirts
46084,Sports Shoes
6271,Tshirts
17626,Jackets
53764,Tshirts
1868,Tshirts
37221,Shirts
45601,Formal Shoes
4526,Sports Shoes
15171,Tshirts
40373,Tops
10403,Tops
10863,Tshirts
4946,Tshirts
38635,Tshirts
23873,Tshirts
9665,Shirts
18232,Tshirts
12708,Sports Shoes
49490,Casual Shoes
29575,Casual Shoes
18000,Track Pants
9457,Shirts
8585,Shirts
3951,Tops
24058,Tshirts
9033,Casual Shoes
23619,Casual Shoes
40945,Tops
56820,Shirts
32559,Jeans
41299,Tops
15975,Shirts
19784,Tshirts
9201,Sports Shoes
18656,Sports Shoes
26965,Shirts
30800,Shirts
6249,Tshirts
31328,Formal Shoes
7961,Tshirts
13078,Casual Shoes
18490,Casual Shoes
12996,Casual Shoes
13844,Sports Shoes
39979,Casual Shoes
5438,Tshirts
15981,Shirts
8327,Tshirts
26991,Jeans
58724,Tshirts
41609,Shirts
5860,Tshirts
23887,Sports Shoes
9691,Tshirts
2279,Tshirts
34830,Sports Shoes
8743,Shirts
22169,Casual Shoes
29581,Tshirts
27629,Shorts
3199,Tshirts
28661,Sports Shoes
7539,Tshirts
58516,Tops
14639,Shirts
33827,Sports Shoes
3704,Tshirts
46083,Sports Shoes
35571,Casual Shoes
27888,Shirts
53763,Tshirts
4521,Sports Shoes
45606,Formal Shoes
10404,Shirts
33686,Casual Shoes
14296,Tshirts
21171,Tops
10636,Casual Shoes
32566,Tops
3536,Tshirts
19589,Tops
6878,Jackets
7196,Tshirts
6044,Shirts
17413,Sports Shoes
9830,Tshirts
4377,Tshirts
15720,Sports Shoes
11380,Tops
1605,Track Pants
24067,Shirts
42275,Casual Shoes
31787,Tops
3152,Sports Shoes
26730,Tshirts
12505,Tops
6420,Casual Shoes
23242,Formal Shoes
22390,Shirts
26502,Tshirts
8788,Shirts
3360,Tshirts
17245,Tshirts
28498,Shorts
6612,Tshirts
51450,Dresses
16397,Shirts
15512,Casual Shoes
21727,Sports Shoes
4145,Sports Shoes
5097,Tshirts
53307,Tshirts
4979,Tops
24255,Casual Shoes
10060,Tshirts
4383,Tshirts
11374,Tops
41404,Tops
13423,Tshirts
43353,Sports Shoes
34201,Track Pants
2848,Tshirts
50744,Formal Shoes
22364,Sweatshirts
16151,Formal Shoes
19925,Casual Shoes
7506,Tshirts
27424,Shorts
31541,Tshirts
23084,Shirts
34033,Shirts
46413,Tshirts
22156,Formal Shoes
16363,Shirts
41636,Shirts
11146,Shirts
8318,Tshirts
31125,Tops
2622,Tshirts
43505,Tshirts
7350,Tshirts
6282,Tshirts
5407,Sports Shoes
53797,Tshirts
14050,Shirts
15182,Sweaters
11522,Sweaters
57939,Casual Shoes
36132,Sports Shoes
39946,Casual Shoes
57105,Tops
11710,Shirts
25525,Tops
32592,Tops
31317,Jackets
12195,Tshirts
8916,Tshirts
7162,Tshirts
7222,Sports Shoes
31057,Shorts
3682,Tshirts
2750,Tshirts
43477,Casual Shoes
33700,Formal Shoes
11450,Tshirts
20317,Tshirts
14122,Jeans
5575,Skirts
57077,Jeans
20919,Shorts
33532,Casual Shoes
11662,Tshirts
25457,Sports Shoes
44460,Casual Shoes
5747,Sports Shoes
20125,Shirts
14310,Jackets
39834,Tshirts
46337,Casual Shoes
7010,Tshirts
51380,Shorts
16447,Tshirts
8864,Shirts
31265,Tshirts
43645,Dresses
13135,Casual Shoes
25033,Track Pants
44838,Tshirts
33156,Tshirts
52161,Dresses
36424,Sports Shoes
14774,Shirts
18985,Jackets
34373,Tshirts
47681,Casual Shoes
19857,Jackets
22216,Tshirts
16023,Shirts
2106,Shorts
43221,Casual Shoes
12483,Formal Shoes
31601,Tshirts
6794,Tshirts
16211,Jackets
13763,Shirts
2334,Tshirts
22818,Casual Shoes
26484,Tshirts
11034,Tops
41744,Tops
15494,Casual Shoes
44236,Sports Shoes
5111,Shirts
40450,Casual Shoes
21467,Casual Shoes
4205,Tshirts
24929,Dresses
14780,Shirts
34387,Tshirts
18971,Tops
6552,Tops
47675,Dresses
7480,Tshirts
17939,Shorts
26642,Casual Shoes
12477,Formal Shoes
3020,Tshirts
6760,Tshirts
42135,Sports Shoes
3212,Sports Shoes
26470,Tshirts
12645,Tshirts
1545,Casual Shoes
10112,Sports Shoes
4037,Tshirts
20787,Sweaters
37730,Shirts
17753,Shirts
3676,Casual Shoes
43483,Shirts
24743,Casual Shoes
10576,Tshirts
25691,Tops
32626,Tshirts
5581,Skirts
15004,Jackets
57083,Skirts
40034,Track Pants
32414,Tshirts
11696,Shirts
44494,Casual Shoes
37166,Tops
59119,Jackets
15236,Casual Shoes
4661,Sports Shoes
8890,Shirts
51374,Casual Shoes
9942,Tshirts
17561,Shirts
47211,Formal Shoes
12013,Shirts
31291,Tshirts
48259,Tshirts
39661,Sports Shoes
5912,Casual Shoes
11837,Casual Shoes
7679,Tshirts
22827,Casual Shoes
35890,Tshirts
6599,Tshirts
22229,Formal Shoes
2139,Tshirts
16820,Jeans
8403,Tshirts
11239,Jeans
44807,Tops
33169,Tops
38581,Tshirts
33955,Tshirts
9989,Tshirts
13936,Shirts
7813,Casual Shoes
19430,Shorts
57048,Dresses
25468,Sports Shoes
5778,Tops
58000,Dresses
14921,Tshirts
4498,Sports Shoes
27931,Shirts
17798,Tshirts
19602,Tops
46906,Jeans
13338,Tshirts
9387,Casual Shoes
12810,Track Pants
6109,Tshirts
8093,Sports Shoes
9141,Jeans
6935,Tshirts
37159,Tops
59126,Jackets
15209,Sweaters
32619,Tshirts
1922,Tshirts
44699,Tops
29063,Casual Shoes
3649,Casual Shoes
18724,Sweaters
4834,Track Pants
35058,Formal Shoes
48430,Tshirts
46798,Sports Shoes
29635,Shirts
17906,Sweatshirts
18172,Tops
38575,Track Pants
58490,Dresses
40033,Tshirts
57084,Skirts
11691,Shirts
21838,Tshirts
32413,Tshirts
37161,Tops
44493,Casual Shoes
15231,Casual Shoes
8897,Shirts
12828,Jeans
6131,Sports Shoes
9945,Sweaters
12014,Shirts
2591,Tops
9179,Jeans
30344,Tshirts
17754,Shirts
6303,Tshirts
12226,Tshirts
3671,Sports Shoes
8299,Sports Shoes
43484,Shirts
10571,Tshirts
32621,Shorts
5586,Skirts
21236,Shirts
15003,Sweaters
4454,Casual Shoes
6767,Tshirts
23939,Sports Shoes
48408,Tshirts
13790,Tshirts
12642,Tshirts
26477,Tshirts
3215,Sports Shoes
42132,Casual Shoes
1542,Sports Shoes
15467,Shorts
4030,Tshirts
37737,Shirts
41585,Shirts
40457,Casual Shoes
4202,Tshirts
14787,Shirts
33999,Shirts
18976,Track Pants
34380,Tshirts
7487,Track Pants
3027,Tshirts
12470,Shirts
26645,Casual Shoes
28519,Track Pants
6793,Shirts
34146,Tshirts
7641,Tshirts
16216,Track Pants
2333,Tshirts
13764,Shirts
26483,Tshirts
39659,Casual Shoes
11033,Tops
40691,Formal Shoes
5116,Tshirts
44231,Sports Shoes
53286,Jeans
25034,Track Pants
41571,Dresses
33151,Tops
1784,Sports Shoes
36423,Sports Shoes
14773,Shirts
5324,Casual Shoes
34374,Tshirts
18982,Tshirts
16024,Shirts
22211,Tshirts
7473,Tshirts
19850,Shirts
43226,Shirts
2101,Shirts
16818,Shirts
57070,Jeans
11665,Tshirts
14317,Tshirts
20122,Shirts
5740,Tshirts
16440,Tshirts
8863,Shirts
7017,Tshirts
34710,Tshirts
31262,Tshirts
49378,Casual Shoes
19408,Tshirts
13132,Casual Shoes
43642,Tops
46102,Casual Shoes
31050,Shirts
3685,Tshirts
48098,Jeans
2757,Tshirts
13300,Shorts
14919,Tshirts
33707,Casual Shoes
11457,Tshirts
5572,Sports Shoes
44655,Shirts
14125,Jeans
20310,Tops
29632,Shirts
18175,Dresses
9522,Shirts
17901,Jackets
3018,Tshirts
40468,Casual Shoes
38572,Track Pants
58497,Tops
24911,Tshirts
41788,Tops
4833,Track Pants
37708,Sports Shoes
6758,Tshirts
9710,Shirts
23906,Casual Shoes
48437,Tshirts
54068,Casual Shoes
26448,Sports Shoes
57289,Shirts
29256,Sports Shoes
17559,Shirts
6932,Tshirts
9146,Jeans
43689,Tshirts
24549,Tops
59121,Jackets
14926,Tshirts
11468,Shirts
28142,Shorts
27936,Jeans
19605,Tshirts
9380,Sports Shoes
7028,Shorts
3488,Casual Shoes
7814,Tshirts
20921,Shorts
10788,Shirts
58007,Tops
18181,Jeans
16827,Tshirts
31639,Shirts
8404,Tshirts
19053,Casual Shoes
38586,Tshirts
44800,Tops
52159,Tops
33952,Tshirts
39666,Sports Shoes
5915,Casual Shoes
11830,Casual Shoes
5129,Shirts
28526,Tshirts
34179,Tshirts
16229,Sweatshirts
22820,Casual Shoes
49511,Casual Shoes
56736,Tshirts
14583,Tops
35056,Formal Shoes
7683,Jackets
23133,Tshirts
34184,Tshirts
6751,Sports Shoes
3223,Sports Shoes
42104,Shorts
27593,Tshirts
46796,Formal Shoes
47644,Casual Shoes
18940,Tshirts
3011,Shirts
17908,Sweatshirts
33193,Tops
24918,Tops
4234,Tshirts
47220,Formal Shoes
6107,Tshirts
9973,Sweatshirts
17550,Shirts
16482,Shirts
18518,Jackets
43680,Dresses
12022,Shirts
32425,Tshirts
59128,Jackets
15207,Sweaters
5782,Tops
57280,Shirts
15035,Sweaters
4462,Jackets
44697,Tops
17762,Formal Shoes
35432,Dresses
22485,Tops
30140,Tshirts
12210,Tshirts
3647,Casual Shoes
31092,Shirts
13938,Shirts
9987,Tshirts
16476,Shirts
8855,Shirts
22643,Tshirts
7021,Tshirts
13104,Jackets
31254,Tshirts
3481,Track Pants
25466,Sports Shoes
33503,Dresses
57046,Dresses
45583,Casual Shoes
14321,Shorts
5776,Tops
11461,Shirts
57274,Shirts
4496,Sports Shoes
36243,Tshirts
5544,Tshirts
14113,Sweatshirts
20326,Tops
17796,Tshirts
7213,Tshirts
16644,Tshirts
22471,Shirts
49940,Tshirts
29099,Casual Shoes
13336,Tops
46908,Jeans
42594,Jeans
33355,Formal Shoes
41775,Tops
5120,Tshirts
14577,Casual Shoes
11839,Casual Shoes
7677,Tshirts
16220,Jackets
34170,Tshirts
22829,Casual Shoes
2305,Tshirts
27567,Shirts
13752,Shirts
22227,Tshirts
7445,Tshirts
6597,Tops
34342,Tshirts
2137,Shirts
33167,Tops
57422,Tshirts
44809,Tops
11237,Jeans
14745,Shirts
36415,Casual Shoes
15697,Shirts
52150,Tshirts
29052,Tshirts
9342,Shorts
48065,Shirts
18715,Tops
8290,Tshirts
32628,Tshirts
10578,Tshirts
1913,Tshirts
11698,Shirts
59117,Jackets
15238,Casual Shoes
22688,Casual Shoes
29260,Casual Shoes
12821,Casual Shoes
6904,Tshirts
9170,Jeans
48257,Tshirts
26228,Tshirts
38544,Casual Shoes
39496,Jackets
24927,Tops
3812,Casual Shoes
12479,Formal Shoes
9514,Tshirts
17937,Tshirts
9726,Shirts
48401,Tshirts
23930,Casual Shoes
13799,Sweaters
24329,Track Pants
38776,Casual Shoes
4805,Tshirts
20789,Sweaters
44836,Tshirts
33964,Shirts
22218,Tshirts
19859,Jackets
2934,Tshirts
8432,Tops
2108,Shorts
28510,Tshirts
22816,Casual Shoes
8600,Tshirts
27558,Shirts
5923,Casual Shoes
44238,Casual Shoes
43479,Casual Shoes
48091,Shirts
13309,Tops
19633,Tshirts
39234,Dresses
14910,Tshirts
20319,Shirts
25459,Sports Shoes
5749,Sports Shoes
13907,Casual Shoes
29294,Shirts
16449,Shirts
49371,Casual Shoes
8056,Tshirts
7822,Casual Shoes
19401,Tshirts
7442,Tshirts
19861,Jackets
22220,Tshirts
6590,Tshirts
34345,Tshirts
16829,Tshirts
2130,Shirts
57425,Tshirts
38588,Tshirts
5315,Sports Shoes
14742,Shirts
15690,Shirts
52157,Tops
33352,Formal Shoes
1587,Sports Shoes
39668,Sports Shoes
41772,Tops
14570,Casual Shoes
5127,Shirts
16227,Tshirts
34177,Tshirts
28528,Tshirts
13755,Shirts
27560,Shirts
2302,Tshirts
11466,Tshirts
14928,Tshirts
57273,Shirts
4491,Sports Shoes
36244,Tshirts
20321,Shirts
14114,Jeans
5543,Tshirts
27938,Jeans
22476,Tshirts
16643,Tshirts
7214,Shirts
13331,Shirts
2766,Tshirts
9980,Jackets
7026,Tshirts
22644,Shorts
16471,Shirts
8852,Shirts
2554,Tshirts
43673,Jackets
13103,Sweatshirts
31253,Tshirts
3486,Tshirts
11654,Tshirts
25461,Sports Shoes
57041,Dresses
33504,Dresses
39802,Shirts
45584,Formal Shoes
5771,Jeans
14326,Tops
58009,Tops
24775,Casual Shoes
57287,Shirts
4465,Tshirts
15032,Sweaters
44690,Tops
17765,Formal Shoes
22482,Tshirts
35435,Shorts
3640,Casual Shoes
9974,Tshirts
17557,Shirts
47227,Formal Shoes
12819,Sports Shoes
29258,Sports Shoes
16485,Shirts
9148,Jeans
43687,Tops
12025,Shirts
32422,Tshirts
24547,Tops
10772,Casual Shoes
15200,Tshirts
4657,Sports Shoes
37150,Tshirts
5785,Tops
35263,Shirts
6564,Shorts
47643,Casual Shoes
3016,Tshirts
40466,Casual Shoes
33194,Tops
58499,Dresses
21451,Tshirts
4233,Tshirts
1573,Track Pants
24311,Shorts
41786,Dresses
14584,Tops
7684,Tshirts
34183,Tshirts
6756,Sports Shoes
23134,Tshirts
42103,Tshirts
54066,Casual Shoes
27594,Tshirts
23908,Casual Shoes
48439,Tshirts
39001,Tshirts
36875,Tshirts
20910,Jeans
14319,Shorts
13900,Sports Shoes
7019,Tops
19406,Sports Shoes
19634,Tops
11459,Shirts
39233,Dresses
14917,Tshirts
33709,Formal Shoes
16218,Tshirts
34148,Skirts
54891,Tops
28517,Tshirts
8607,Tshirts
22811,Tshirts
38785,Casual Shoes
5924,Casual Shoes
39657,Casual Shoes
5118,Tshirts
44831,Tshirts
8435,Tops
6769,Shirts
26479,Tshirts
23937,Sports Shoes
48406,Tshirts
38771,Casual Shoes
4802,Tshirts
37739,Shirts
15469,Tshirts
53872,Sports Shoes
38543,Casual Shoes
40459,Casual Shoes
24920,Tops
33997,Dresses
3815,Tshirts
23339,Sports Shoes
18978,Jackets
3029,Tshirts
17930,Track Pants
17568,Shirts
12826,Shirts
8899,Shirts
29267,Sports Shoes
48250,Tshirts
9177,Jeans
18520,Jackets
6903,Tshirts
31298,Tshirts
29055,Tshirts
18712,Skirts
48062,Shirts
9345,Shorts
25698,Tops
5588,Sports Shoes
39267,Casual Shoes
14943,Tshirts
34578,Dresses
26881,Tshirts
16628,Tshirts
13168,Sports Shoes
43618,Tops
31238,Tshirts
7871,Formal Shoes
13954,Tshirts
28315,Casual Shoes
12886,Casual Shoes
35698,Sports Shoes
41973,Tops
20178,Shirts
8461,Tops
3089,Tshirts
2967,Sports Shoes
14729,Tshirts
33937,Tshirts
36479,Casual Shoes
44865,Tshirts
10987,Tshirts
5970,Shirts
33339,Formal Shoes
11069,Shirts
19204,Shirts
22845,Casual Shoes
9781,Tshirts
2369,Casual Shoes
28543,Tshirts
43872,Casual Shoes
8495,Skirts
9547,Tshirts
29657,Shirts
17158,Shirts
24974,Tshirts
4258,Tshirts
44891,Tshirts
24148,Tshirts
45943,Tops
5984,Shirts
4856,Casual Shoes
12618,Tshirts
42168,Tshirts
48452,Tshirts
23963,Tshirts
9775,Tshirts
18322,Shirts
15059,Formal Shoes
15865,Casual Shoes
18746,Tops
26049,Shirts
6359,Casual Shoes
26875,Tshirts
29001,Tshirts
18574,Tshirts
9123,Sports Shoes
3419,Tshirts
7885,Track Pants
29233,Casual Shoes
12872,Formal Shoes
41987,Tshirts
32449,Shorts
59978,Dresses
3284,Tshirts
31451,Tshirts
48499,Jeans
13701,Sports Shoes
27534,Shirts
16273,Shirts
23194,Shirts
5173,Tshirts
20711,Casual Shoes
14524,Shirts
10184,Shirts
33306,Jeans
11056,Shirts
58439,Dresses
14716,Shirts
37594,Tshirts
36446,Sports Shoes
4293,Tshirts
24183,Casual Shoes
57471,Casual Shoes
42391,Tshirts
19009,Jackets
13533,Casual Shoes
2164,Shirts
16041,Shirts
46731,Tshirts
19835,Shirts
17193,Shirts
39856,Tshirts
20147,Shirts
38984,Tshirts
44402,Sports Shoes
5725,Sports Shoes
32482,Tshirts
13157,Tshirts
2500,Casual Shoes
43627,Dresses
31207,Sports Shoes
22610,Sweatshirts
8806,Shirts
16425,Tshirts
2732,Tops
28924,Tshirts
13365,Casual Shoes
27150,Shirts
8208,Tshirts
31035,Tshirts
7240,Formal Shoes
16617,Shirts
44630,Track Pants
20375,Tshirts
39258,Formal Shoes
11432,Tops
33762,Tops
15254,Casual Shoes
53441,Sports Shoes
38970,Tshirts
37938,Dresses
27396,Tshirts
30321,Tshirts
3426,Tshirts
6154,Casual Shoes
17503,Tshirts
35653,Formal Shoes
13391,Shirts
26076,Shirts
3614,Tshirts
17731,Sports Shoes
35461,Tshirts
15066,Formal Shoes
4431,Tshirts
20381,Tshirts
32644,Track Pants
24721,Sports Shoes
10514,Tops
40264,Tshirts
14988,Sweatshirts
26412,Shirts
12627,Tshirts
3270,Tshirts
43085,Tshirts
16287,Tshirts
23160,Tshirts
5187,Tshirts
4055,Tshirts
24345,Tshirts
10170,Casual Shoes
4869,Tshirts
56765,Shirts
37560,Shorts
4267,Sports Shoes
15630,Jackets
21405,Tshirts
40432,Skirts
38528,Casual Shoes
10342,Tops
11290,Jeans
3042,Tshirts
26620,Sports Shoes
54200,Shirts
2190,Track Pants
29668,Shirts
35237,Casual Shoes
6530,Tshirts
18913,Shirts
17167,Shirts
30319,Tshirts
9124,Casual Shoes
6950,Tops
18573,Sweaters
7882,Shorts
12049,Sweatshirts
46399,Shorts
12875,Formal Shoes
41980,Tshirts
21059,Formal Shoes
38948,Tops
4409,Tshirts
1947,Tshirts
38346,Tshirts
24719,Casual Shoes
18741,Tops
19693,Shirts
17709,Casual Shoes
26872,Tops
35459,Tshirts
5983,Shirts
10148,Casual Shoes
4851,Track Pants
3248,Sports Shoes
9772,Track Pants
23964,Tshirts
48455,Tshirts
23158,Tshirts
43881,Casual Shoes
26618,Casual Shoes
8492,Tops
17963,Casual Shoes
9540,Tshirts
29650,Shirts
3846,Tshirts
50698,Dresses
6508,Tshirts
24973,Tshirts
37558,Shorts
15608,Track Pants
44896,Tshirts
20729,Casual Shoes
4099,Tshirts
22842,Casual Shoes
13739,Shirts
43049,Tshirts
43875,Casual Shoes
28544,Shorts
8466,Tops
17997,Track Pants
24987,Tops
5379,Sports Shoes
44862,Tshirts
57449,Tshirts
26288,Tshirts
19455,Tshirts
7876,Formal Shoes
8002,Tshirts
13953,Tshirts
6198,Tops
12881,Casual Shoes
22628,Tshirts
36228,Casual Shoes
39260,Casual Shoes
14944,Tshirts
19667,Tops
7278,Tshirts
37567,Tshirts
21402,Tshirts
15637,Tshirts
4260,Tshirts
10345,Tshirts
57482,Casual Shoes
40435,Tops
11297,Jeans
31690,Sports Shoes
3045,Tshirts
2197,Sports Shoes
3879,Tshirts
17160,Shirts
3277,Tshirts
12620,Tshirts
26415,Shirts
43082,Track Pants
16280,Sweatshirts
23167,Tshirts
5180,Tshirts
4052,Tshirts
11899,Formal Shoes
15405,Sports Shoes
10177,Casual Shoes
24342,Tshirts
13396,Shirts
3613,Tshirts
12244,Shirts
6361,Casual Shoes
30928,Skirts
29039,Tshirts
35466,Casual Shoes
4436,Casual Shoes
15061,Formal Shoes
1978,Tops
32643,Tshirts
24726,Casual Shoes
59940,Casual Shoes
10721,Tshirts
40051,Jackets
26243,Shorts
3421,Tshirts
17504,Tshirts
9927,Tshirts
6153,Casual Shoes
13998,Sweatshirts
35654,Formal Shoes
13362,Casual Shoes
19658,Tshirts
34540,Casual Shoes
35492,Formal Shoes
7247,Formal Shoes
36217,Shorts
20372,Track Pants
44637,Tshirts
11435,Tops
33765,Casual Shoes
39851,Tops
5722,Tshirts
44405,Sports Shoes
20140,Shirts
32485,Shorts
33557,Tshirts
43620,Tops
2507,Casual Shoes
27365,Tshirts
47280,Tshirts
46352,Shirts
8801,Shirts
16422,Tshirts
22617,Tshirts
37593,Tshirts
5346,Sports Shoes
14711,Shirts
36441,Casual Shoes
4294,Tshirts
57476,Casual Shoes
24184,Casual Shoes
8459,Tops
42396,Tshirts
2163,Shirts
13534,Sports Shoes
19832,Shirts
16046,Shirts
17194,Sweaters
34316,Tshirts
3283,Tshirts
31456,Tshirts
2351,Sports Shoes
16274,Sweatshirts
23193,Shirts
14523,Shirts
20716,Casual Shoes
5174,Tshirts
10183,Casual Shoes
5948,Shirts
11051,Shirts
18313,Sweaters
48463,Dresses
23952,Sweaters
12629,Tshirts
54800,Jeans
16289,Tshirts
11890,Formal Shoes
5189,Tshirts
4867,Tshirts
1529,Tshirts
4269,Sports Shoes
24945,Tops
45972,Tops
38526,Casual Shoes
17169,Shirts
3870,Tshirts
59175,Formal Shoes
37936,Dresses
21853,Tshirts
3428,Tshirts
9112,Sports Shoes
6966,Tshirts
18545,Casual Shoes
12843,Tshirts
13991,Sports Shoes
6368,Casual Shoes
14986,Sweatshirts
20149,Shirts
39858,Tshirts
59181,Formal Shoes
39064,Tshirts
7840,Sports Shoes
31209,Sports Shoes
43629,Shirts
13159,Tshirts
8808,Shirts
13965,Tshirts
8206,Tshirts
19651,Tshirts
16619,Shirts
1985,Tshirts
5519,Sports Shoes
39256,Formal Shoes
22874,Casual Shoes
28572,Tshirts
42991,Sports Shoes
11058,Shirts
4893,Tshirts
39632,Sports Shoes
33308,Jeans
5941,Shirts
36448,Casual Shoes
14718,Tops
44854,Tshirts
8450,Tops
2956,Tops
28740,Tops
29692,Shirts
3884,Tshirts
4400,Tshirts
15057,Formal Shoes
40255,Shirts
24710,Casual Shoes
41387,Tops
12272,Shirts
26047,Shirts
27195,Dresses
18748,Tops
30122,Tshirts
7285,Tshirts
35450,Tops
17700,Casual Shoes
12040,Shirts
26275,Tshirts
3417,Tshirts
30310,Tshirts
13192,Casual Shoes
46390,Shorts
47242,Casual Shoes
6165,Casual Shoes
38941,Shorts
20182,Shirts
41989,Shirts
39893,Casual Shoes
15265,Casual Shoes
4632,Sports Shoes
10717,Tops
40067,Tshirts
32447,Shorts
59976,Dresses
9549,Tshirts
12424,Casual Shoes
26611,Sports Shoes
3073,Tshirts
17156,Shirts
6501,Jackets
18922,Shirts
21434,Shorts
15601,Jackets
4256,Tshirts
36483,Casual Shoes
5384,Sports Shoes
10373,Tshirts
24146,Tshirts
40403,Tops
53226,Shirts
37763,Shirts
4858,Tshirts
11093,Sweaters
2393,Casual Shoes
3241,Sports Shoes
12616,Tshirts
6733,Casual Shoes
23151,Shirts
43888,Casual Shoes
2155,Tshirts
13502,Tshirts
3087,Tshirts
2969,Tshirts
50665,Shorts
34320,Tshirts
19804,Tshirts
7427,Tops
22245,Casual Shoes
52132,Tshirts
36477,Casual Shoes
5370,Sports Shoes
14727,Tshirts
33939,Tshirts
11255,Tshirts
57440,Tshirts
4090,Tshirts
14515,Shirts
10989,Tshirts
37797,Shirts
5142,Tshirts
11067,Shirts
33337,Formal Shoes
13730,Shirts
23999,Shirts
2367,Formal Shoes
31460,Tshirts
34112,Tops
51585,Jeans
20344,Tshirts
36221,Sports Shoes
33753,Tops
57216,Shorts
11403,Tops
39269,Casual Shoes
13354,Casual Shoes
2703,Tops
16626,Tshirts
7271,Tshirts
34576,Tops
26281,Tshirts
31236,Tshirts
27353,Tshirts
13166,Sports Shoes
12888,Sports Shoes
35696,Casual Shoes
7043,Casual Shoes
16414,Tshirts
22621,Tshirts
34744,Casual Shoes
6191,Tops
57818,Tops
44433,Casual Shoes
14343,Sports Shoes
20176,Shirts
52556,Jeans
33561,Tshirts
40093,Tshirts
41141,Dresses
59982,Dresses
25404,Casual Shoes
5348,Sports Shoes
45981,Tops
57478,Casual Shoes
8457,Tops
42398,Tshirts
19000,Tshirts
3883,Tshirts
16048,Shirts
48490,Tops
31458,Shorts
22873,Casual Shoes
28575,Tshirts
42996,Sports Shoes
39635,Sports Shoes
56798,Jeans
4894,Tops
5946,Shirts
19656,Tshirts
7249,Casual Shoes
31800,Tshirts
44639,Sports Shoes
1982,Shorts
36219,Sports Shoes
39251,Casual Shoes
57820,Tops
33559,Tshirts
39063,Tshirts
7847,Tshirts
6995,Tshirts
2509,Casual Shoes
22619,Tshirts
13962,Tops
13398,Shirts
29037,Tshirts
17738,Sports Shoes
30926,Skirts
1976,Shorts
4438,Casual Shoes
38979,Shirts
59172,Formal Shoes
6961,Sports Shoes
18542,Casual Shoes
30328,Tshirts
9115,Sports Shoes
12844,Tshirts
13996,Jackets
34788,Casual Shoes
9929,Tshirts
15639,Tshirts
37569,Tshirts
24942,Tops
38521,Tshirts
2199,Casual Shoes
26629,Casual Shoes
3877,Tshirts
23955,Shirts
48464,Dresses
18314,Shirts
3279,Tshirts
23169,Tshirts
11897,Formal Shoes
4860,Tshirts
31231,Shorts
26286,Tshirts
7878,Shorts
27354,Tshirts
22626,Sweaters
8830,Tshirts
16413,Tshirts
35691,Casual Shoes
7044,Casual Shoes
34743,Casual Shoes
6196,Tshirts
20171,Shirts
14344,Sports Shoes
44434,Casual Shoes
39860,Tshirts
40094,Tshirts
33566,Tshirts
25403,Casual Shoes
59985,Dresses
20343,Tshirts
36226,Sports Shoes
33754,Tops
15898,Casual Shoes
11404,Shirts
19669,Tshirts
2704,Dresses
13353,Casual Shoes
26888,Tops
7276,Tshirts
34571,Tops
4097,Tshirts
37790,Shirts
5145,Tshirts
14512,Shirts
5979,Shirts
33330,Shirts
9788,Tshirts
43047,Tshirts
13737,Shirts
31467,Tshirts
34115,Dresses
13505,Tshirts
2152,Tshirts
17999,Track Pants
3080,Tshirts
31655,Shirts
22242,Casual Shoes
19803,Tshirts
52135,Tshirts
14720,Tops
24989,Tops
5377,Sports Shoes
10380,Shirts
57447,Tshirts
4063,Tshirts
37764,Shirts
11094,Sweaters
56753,Tshirts
10146,Formal Shoes
2394,Casual Shoes
26424,Shirts
12611,Tops
3246,Casual Shoes
23156,Tshirts
6734,Sports Shoes
3074,Tshirts
26616,Sports Shoes
12423,Casual Shoes
6506,Tshirts
18925,Tshirts
17151,Jackets
4251,Tshirts
36484,Casual Shoes
15606,Tshirts
21433,Shorts
5383,Sports Shoes
40404,Tops
44898,Tshirts
10374,Tshirts
3410,Tshirts
26272,Tshirts
12047,Shirts
13195,Casual Shoes
30317,Tshirts
46397,Shirts
6162,Tshirts
47245,Casual Shoes
17535,Shirts
20185,Shirts
38946,Tops
37132,Shirts
4635,Sports Shoes
45512,Tshirts
15262,Casual Shoes
39894,Casual Shoes
40060,Tshirts
24525,Shirts
10710,Tshirts
59971,Dresses
32440,Tshirts
1949,Tshirts
15050,Formal Shoes
4407,Tshirts
24717,Casual Shoes
41380,Tops
26040,Shirts
12275,Shirts
7282,Tshirts
35457,Tshirts
17707,Casual Shoes
34585,Dresses
9149,Jeans
43686,Tshirts
12024,Shirts
6101,Tshirts
47226,Formal Shoes
17556,Shirts
9975,Tshirts
16484,Shirts
15201,Tshirts
37151,Tshirts
24546,Tops
15033,Sweaters
4464,Tshirts
44691,Tops
57286,Shirts
30146,Tshirts
42566,Tops
31094,Shirts
3641,Casual Shoes
17764,Formal Shoes
35434,Dresses
14585,Tops
10125,Sports Shoes
1572,Track Pants
41787,Tops
12672,Shorts
42102,Tshirts
3225,Casual Shoes
48438,Tshirts
27595,Tshirts
7685,Tshirts
23135,Tshirts
6757,Tshirts
34182,Tshirts
3017,Tshirts
35262,Shirts
47642,Casual Shoes
58498,Tops
4232,Tshirts
21450,Tops
40467,Casual Shoes
5126,Tops
14571,Casual Shoes
33353,Formal Shoes
39669,Sports Shoes
41773,Tops
2303,Tshirts
13754,Shirts
27561,Shirts
28529,Tshirts
34176,Tshirts
16828,Tshirts
31636,Shirts
26681,Sports Shoes
2131,Shirts
22221,Tshirts
19860,Jackets
7443,Tshirts
34344,Tshirts
6591,Tshirts
14743,Shirts
52156,Tops
38589,Tshirts
57424,Tshirts
25004,Shirts
13102,Sweatshirts
2555,Tops
43672,Dresses
31252,Tshirts
19438,Shorts
9981,Jackets
8853,Shirts
16470,Shirts
7027,Tshirts
45585,Formal Shoes
39803,Shirts
58008,Tops
14327,Casual Shoes
5770,Tops
25460,Sports Shoes
33505,Dresses
10787,Shirts
57040,Dresses
36245,Tshirts
4490,Sports Shoes
5542,Sports Shoes
20320,Shirts
11467,Shirts
13330,Shirts
42592,Dresses
27939,Jeans
7215,Tops
22477,Tshirts
16642,Tshirts
33996,Shirts
24921,Tops
38542,Casual Shoes
53873,Sports Shoes
40458,Casual Shoes
3028,Tshirts
9512,Tshirts
3814,Tshirts
18979,Tshirts
23338,Casual Shoes
26478,Tshirts
48407,Tshirts
23936,Casual Shoes
9720,Sports Shoes
6768,Shirts
37738,Shirts
15468,Tshirts
38770,Casual Shoes
4803,Tshirts
48063,Shirts
9344,Tshirts
18713,Skirts
12229,Shirts
5589,Sports Shoes
25699,Tops
24579,Tshirts
6902,Tshirts
18521,Sweatshirts
48251,Tshirts
9176,Jeans
31299,Tshirts
47219,Formal Shoes
17569,Shirts
8898,Shirts
29266,Sports Shoes
12827,Shirts
19635,Tops
39232,Dresses
14916,Tshirts
33708,Formal Shoes
14318,Sweaters
36874,Tshirts
9182,Tshirts
8050,Tshirts
49377,Casual Shoes
19407,Tshirts
7824,Casual Shoes
13901,Casual Shoes
29292,Shirts
44830,Tshirts
8434,Tshirts
16817,Shirts
43229,Casual Shoes
8606,Tshirts
22810,Tshirts
16219,Sweaters
28516,Tshirts
34149,Skirts
54890,Tops
5119,Tshirts
5925,Casual Shoes
38784,Casual Shoes
39656,Casual Shoes
4497,Sports Shoes
14112,Sweatshirts
5545,Tshirts
41310,Tops
57275,Shirts
13337,Tshirts
2760,Tshirts
42595,Jeans
46909,Jeans
17797,Tshirts
16645,Tshirts
49941,Tshirts
13105,Jackets
31255,Tshirts
9986,Tshirts
13939,Tshirts
34727,Sports Shoes
7020,Tshirts
8854,Shirts
22642,Sweatshirts
45582,Casual Shoes
5777,Tops
14320,Shorts
57047,Dresses
2136,Shirts
22226,Tshirts
34343,Tshirts
6596,Tops
14744,Shirts
15696,Shirts
52151,Tshirts
36414,Casual Shoes
57423,Tshirts
44808,Tshirts
33166,Tops
25003,Shirts
11236,Jeans
14576,Casual Shoes
5121,Tshirts
11838,Casual Shoes
33354,Formal Shoes
41774,Dresses
22828,Casual Shoes
27566,Shirts
13753,Shirts
2304,Tshirts
16221,Track Pants
34171,Tshirts
17909,Sweatshirts
54252,Shirts
35265,Tops
46797,Sports Shoes
47645,Formal Shoes
6562,Tshirts
18941,Tshirts
37532,Tshirts
24919,Tops
4235,Tshirts
33192,Tops
40460,Sports Shoes
14582,Sweaters
1575,Tshirts
10122,Sports Shoes
41780,Tops
42105,Shorts
7682,Jackets
34185,Tshirts
23132,Tshirts
15034,Sweaters
44696,Shirts
57281,Shirts
24773,Track Pants
30141,Tshirts
31093,Shirts
3646,Casual Shoes
42561,Tops
12211,Tshirts
17763,Formal Shoes
22484,Tops
35433,Dresses
43681,Dresses
12023,Shirts
17551,Shirts
9972,Tshirts
16483,Shirts
15206,Tshirts
59129,Jackets
45576,Formal Shoes
37156,Tshirts
38922,Tshirts
32424,Tshirts
22817,Casual Shoes
27559,Shirts
54897,Tshirts
28511,Tshirts
38783,Casual Shoes
5922,Casual Shoes
39651,Sports Shoes
33965,Shirts
44837,Tshirts
8433,Tops
16810,Shirts
2109,Track Pants
19858,Jackets
22219,Tshirts
5748,Tshirts
36873,Tshirts
25458,Sports Shoes
19400,Tshirts
7823,Tshirts
13906,Sports Shoes
46338,Sports Shoes
29295,Tshirts
16448,Tshirts
13308,Tops
48090,Tops
43478,Casual Shoes
8265,Shirts
19632,Tshirts
20318,Shirts
39235,Dresses
14911,Tshirts
15239,Casual Shoes
59116,Jackets
11699,Shirts
9171,Jeans
48256,Tshirts
6905,Tshirts
26229,Tshirts
29261,Sports Shoes
18714,Tops
9343,Shorts
48064,Shirts
3679,Tshirts
8291,Tshirts
29053,Tshirts
1912,Tshirts
32629,Tshirts
10579,Tshirts
23931,Sports Shoes
48400,Tshirts
20788,Sweaters
4038,Tshirts
38777,Casual Shoes
4804,Tshirts
21468,Casual Shoes
53874,Sports Shoes
38545,Casual Shoes
12478,Formal Shoes
17936,Tshirts
29605,Tshirts
3813,Tshirts
34388,Tshirts
36422,Sports Shoes
14772,Shirts
41570,Dresses
25035,Tshirts
1785,Sports Shoes
2100,Shirts
16819,Jeans
18983,Tshirts
34375,Tshirts
19851,Shirts
7472,Tshirts
16025,Shirts
22210,Tshirts
27550,Shirts
13765,Shirts
2332,Tshirts
8608,Tshirts
26482,Tshirts
34147,Shorts
6792,Tshirts
28518,Tshirts
16217,Track Pants
53287,Jeans
5117,Tshirts
44230,Casual Shoes
11032,Shirts
39658,Casual Shoes
40690,Formal Shoes
3684,Tshirts
13301,Shorts
7224,Formal Shoes
14124,Jeans
5573,Sports Shoes
14918,Tshirts
33706,Casual Shoes
11456,Tshirts
5741,Tshirts
14316,Sweatshirts
20123,Shirts
57071,Jeans
24583,Tshirts
58805,Shirts
25451,Casual Shoes
11664,Tshirts
19409,Tshirts
31263,Tshirts
43643,Dresses
2564,Tops
13133,Formal Shoes
46331,Casual Shoes
8862,Shirts
16441,Tshirts
3670,Casual Shoes
43485,Shirts
17755,Shirts
4455,Casual Shoes
15002,Tshirts
10570,Tshirts
32620,Track Pants
37160,Tops
44492,Casual Shoes
15230,Casual Shoes
10742,Casual Shoes
57085,Skirts
24577,Tops
32412,Tshirts
11690,Shirts
12015,Shirts
31297,Tshirts
3442,Tshirts
30345,Tshirts
9178,Jeans
51372,Tshirts
8896,Shirts
29268,Sports Shoes
17567,Shirts
9944,Tshirts
4203,Tshirts
14786,Shirts
40456,Casual Shoes
12471,Shirts
26644,Casual Shoes
47673,Tops
34381,Tshirts
18977,Tshirts
7486,Track Pants
48409,Tshirts
23938,Sports Shoes
42133,Casual Shoes
12643,Tshirts
26476,Tshirts
6766,Tshirts
4031,Tshirts
15466,Jackets
37736,Shirts
1543,Casual Shoes
7815,Tshirts
3489,Casual Shoes
7029,Shorts
58006,Tops
14329,Sports Shoes
10789,Shirts
20920,Shorts
36845,Jeans
14927,Tshirts
11469,Tshirts
19604,Tops
9381,Sports Shoes
22479,Tshirts
27937,Jeans
28143,Shorts
11831,Casual Shoes
5128,Shirts
39667,Sports Shoes
1588,Tshirts
49510,Casual Shoes
22821,Casual Shoes
35896,Tshirts
34178,Tshirts
28527,Tshirts
16228,Sweatshirts
18180,Jeans
8405,Tshirts
16826,Tshirts
52158,Tops
33953,Tshirts
44801,Tops
38587,Tshirts
15459,Sports Shoes
37709,Sports Shoes
4832,Track Pants
41789,Tops
9711,Shirts
48436,Tshirts
26449,Sports Shoes
6759,Tshirts
17900,Jackets
18174,Dresses
3019,Tshirts
29633,Shirts
24910,Tshirts
58496,Tops
38573,Track Pants
9147,Jeans
43688,Tops
6933,Tshirts
12816,Casual Shoes
29257,Sports Shoes
17558,Shirts
47228,Formal Shoes
59120,Jackets
24548,Tops
1924,Tshirts
57288,Shirts
18722,Tops
9729,Shirts
13796,Tshirts
26471,Tshirts
12644,Tshirts
42134,Casual Shoes
3213,Sports Shoes
6761,Tshirts
4036,Tshirts
37731,Shirts
20786,Sweatshirts
10113,Sports Shoes
38779,Casual Shoes
1544,Casual Shoes
4204,Tshirts
21466,Sweaters
14781,Shirts
24928,Tops
39499,Tshirts
41583,Tops
40451,Formal Shoes
3021,Tshirts
26643,Casual Shoes
34386,Tshirts
47674,Dresses
7481,Tshirts
15237,Casual Shoes
59118,Jackets
40035,Shorts
57082,Skirts
11697,Shirts
32415,Tshirts
31290,Tshirts
3445,Tshirts
26227,Tshirts
12012,Shirts
30342,Tshirts
48258,Tshirts
22687,Casual Shoes
51375,Casual Shoes
8891,Shirts
6137,Casual Shoes
47210,Formal Shoes
17560,Shirts
9943,Tshirts
3677,Casual Shoes
43482,Shirts
35402,Casual Shoes
17752,Shirts
5580,Sports Shoes
15005,Jackets
45775,Tops
10577,Tshirts
32627,Tshirts
20124,Shirts
14311,Sweatshirts
5746,Tshirts
39835,Tops
20918,Jeans
58802,Shirts
57076,Jeans
25456,Casual Shoes
39009,Tops
31264,Tshirts
43644,Dresses
8865,Shirts
51381,Shorts
46336,Casual Shoes
7011,Tshirts
13908,Casual Shoes
3683,Tshirts
2751,Tshirts
43476,Casual Shoes
7223,Formal Shoes
5574,Sports Shoes
20316,Tshirts
14123,Jeans
45781,Tops
33701,Formal Shoes
11451,Tshirts
2335,Tshirts
13762,Shirts
27557,Shirts
26485,Tshirts
22819,Casual Shoes
54899,Tops
6795,Shirts
7647,Tshirts
16210,Tshirts
15495,Casual Shoes
44237,Casual Shoes
5110,Tops
41745,Tshirts
11035,Shirts
36425,Sports Shoes
52160,Tops
14775,Shirts
5322,Sports Shoes
25032,Jackets
1782,Sports Shoes
44839,Tshirts
2107,Shorts
43220,Casual Shoes
12482,Formal Shoes
34372,Tshirts
18984,Tshirts
47680,Casual Shoes
22217,Tshirts
19856,Jackets
7475,Tshirts
44698,Tops
1923,Sports Shoes
59315,Casual Shoes
32618,Jackets
3648,Casual Shoes
18725,Sweaters
26816,Shirts
29062,Tshirts
8092,Sports Shoes
6934,Tshirts
18517,Jackets
29250,Sports Shoes
12811,Track Pants
6108,Tshirts
37158,Tops
59127,Jackets
18173,Tops
17907,Sweatshirts
46799,Sports Shoes
58491,Shorts
24917,Tshirts
38574,Track Pants
4835,Track Pants
48431,Tshirts
2138,Shirts
8402,Tshirts
16821,Tshirts
6598,Tops
22228,Tshirts
15698,Shirts
32886,Tops
33954,Tshirts
38580,Tshirts
33168,Tops
44806,Tshirts
11836,Casual Shoes
39660,Sports Shoes
35891,Tshirts
22826,Casual Shoes
28520,Track Pants
4499,Sports Shoes
14920,Tshirts
19603,Tshirts
9386,Casual Shoes
13339,Skirts
17799,Tshirts
19431,Shorts
7812,Casual Shoes
9988,Tshirts
58001,Dresses
57049,Dresses
25469,Sports Shoes
37930,Skirts
38978,Shirts
59173,Formal Shoes
12845,Tshirts
13997,Sweatshirts
9114,Sports Shoes
30329,Tshirts
29036,Tshirts
17739,Sports Shoes
30927,Skirts
13399,Shirts
24729,Tshirts
15852,Casual Shoes
1977,Shorts
4439,Casual Shoes
23168,Tshirts
48465,Dresses
23954,Shirts
3278,Tshirts
4861,Tshirts
10178,Casual Shoes
11896,Formal Shoes
11298,Jeans
15638,Tshirts
25891,Tops
37568,Tshirts
24943,Tshirts
6538,Tshirts
3876,Tshirts
9570,Shirts
2198,Sports Shoes
26628,Casual Shoes
28574,Tshirts
43079,Tops
48491,Tops
31459,Shorts
22872,Casual Shoes
4895,Tops
39634,Sports Shoes
5947,Shirts
45980,Tops
57479,Casual Shoes
44852,Tshirts
5349,Sports Shoes
34319,Tshirts
3882,Tshirts
19001,Tshirts
8456,Tops
42399,Tshirts
33558,Tshirts
39062,Tshirts
22618,Tshirts
13963,Shirts
7846,Sports Shoes
19465,Shirts
2508,Casual Shoes
6994,Tshirts
7248,Formal Shoes
8200,Tshirts
19657,Tshirts
27158,Shirts
1983,Tshirts
44638,Sports Shoes
17150,Jackets
18924,Tshirts
6507,Formal Shoes
3849,Tshirts
26617,Casual Shoes
12422,Casual Shoes
3075,Tshirts
44899,Tshirts
40405,Dresses
15607,Tshirts
36485,Casual Shoes
4250,Tshirts
5382,Sports Shoes
11095,Sweaters
56752,Tshirts
10147,Formal Shoes
4062,Tshirts
21600,Track Pants
37765,Shirts
6735,Casual Shoes
23157,Tshirts
3247,Casual Shoes
26425,Shirts
12610,Tops
41381,Tops
1948,Tshirts
4406,Tshirts
15051,Formal Shoes
35456,Tshirts
7283,Tshirts
34584,Tops
17706,Casual Shoes
29835,Shirts
26041,Shirts
12274,Shirts
30124,Tshirts
46396,Shirts
17534,Shirts
47244,Casual Shoes
26273,Tshirts
12046,Shirts
3411,Tshirts
30316,Tshirts
13194,Casual Shoes
24524,Shirts
10711,Tshirts
33593,Tshirts
32441,Tshirts
59970,Dresses
37133,Shirts
20184,Shirts
38947,Tops
39895,Sports Shoes
15263,Casual Shoes
4634,Sports Shoes
33755,Tops
11405,Tshirts
15899,Casual Shoes
20342,Sweatshirts
5520,Tshirts
36227,Casual Shoes
16620,Shirts
26889,Tops
7277,Tshirts
34570,Dresses
19668,Sweatshirts
13352,Casual Shoes
2705,Dresses
43422,Jeans
46362,Shirts
7045,Casual Shoes
35690,Casual Shoes
22627,Sweaters
16412,Shirts
8831,Tshirts
6197,Tshirts
34742,Casual Shoes
26287,Tshirts
7879,Shorts
13160,Tshirts
27355,Tshirts
40095,Shorts
59984,Dresses
44435,Casual Shoes
5712,Sports Shoes
20170,Shirts
14345,Sports Shoes
39861,Tshirts
50663,Shorts
34326,Tshirts
19802,Tshirts
22243,Casual Shoes
17998,Tshirts
2153,Tshirts
13504,Tshirts
31654,Shirts
3081,Tshirts
10381,Shirts
57446,Tshirts
33103,Casual Shoes
24988,Tops
5376,Sports Shoes
14721,Shirts
33331,Shirts
5978,Shirts
4096,Tshirts
14513,Shirts
5144,Tshirts
37791,Shirts
34114,Dresses
13736,Shirts
9789,Tshirts
43046,Tshirts
31466,Tshirts
19650,Tops
8207,Tshirts
39257,Formal Shoes
1984,Tshirts
20148,Shirts
39859,Tshirts
8809,Shirts
13964,Shirts
31208,Sports Shoes
7841,Sports Shoes
13158,Tshirts
43628,Tops
44855,Tshirts
36449,Casual Shoes
14719,Tops
3885,Tshirts
8451,Tops
19006,Tshirts
28573,Tshirts
42990,Sports Shoes
22875,Casual Shoes
39633,Casual Shoes
4892,Tshirts
11059,Shirts
5940,Casual Shoes
33309,Jeans
45973,Tops
38527,Sports Shoes
4268,Sports Shoes
24944,Tops
17168,Shirts
29667,Shirts
3871,Tshirts
16288,Tshirts
23953,Shirts
48462,Shorts
18312,Sweaters
4866,Tshirts
1528,Jackets
11891,Formal Shoes
5188,Tshirts
9321,Tshirts
14987,Sweatshirts
40059,Tshirts
37937,Dresses
32479,Track Pants
59174,Formal Shoes
12842,Tshirts
3429,Tshirts
6967,Tshirts
9113,Sports Shoes
33336,Formal Shoes
4091,Tshirts
5143,Tshirts
10988,Tshirts
37796,Shirts
14514,Shirts
34113,Dresses
51584,Jeans
43041,Tops
13731,Shirts
31461,Shorts
34321,Tshirts
50664,Shorts
22244,Casual Shoes
7426,Tops
19805,Tshirts
13503,Tshirts
2154,Tshirts
31653,Shirts
11254,Tshirts
57441,Tshirts
36476,Casual Shoes
14726,Tshirts
33938,Tshirts
5371,Sports Shoes
16415,Tshirts
22620,Tshirts
7042,Casual Shoes
12889,Sports Shoes
35697,Casual Shoes
46365,Shirts
6190,Tops
34745,Casual Shoes
31237,Tshirts
26280,Tshirts
27352,Tshirts
13167,Sports Shoes
43617,Tops
33560,Tshirts
40092,Tshirts
25405,Tshirts
41140,Dresses
59983,Dresses
14342,Sports Shoes
20177,Shirts
57819,Dresses
15290,Sports Shoes
52557,Jeans
33752,Tops
39268,Casual Shoes
11402,Sweatshirts
5527,Tshirts
36220,Sports Shoes
7270,Tshirts
16627,Tshirts
34577,Tops
8238,Casual Shoes
2702,Shirts
13355,Casual Shoes
46391,Tshirts
47243,Casual Shoes
6164,Tshirts
3416,Tshirts
12041,Shirts
26274,Tshirts
6958,Tshirts
30311,Tshirts
40066,Tshirts
59977,Dresses
32446,Shorts
38940,Shorts
20183,Shirts
4633,Sports Shoes
41988,Shirts
15264,Casual Shoes
39892,Casual Shoes
24711,Casual Shoes
40254,Shirts
41386,Tops
15056,Formal Shoes
4401,Tshirts
35451,Tops
7284,Tshirts
17701,Casual Shoes
34583,Tops
6356,Casual Shoes
12273,Shirts
26046,Shirts
18749,Shirts
11092,Shirts
4859,Tshirts
23150,Jackets
43889,Casual Shoes
6732,Tshirts
12617,Casual Shoes
3240,Sports Shoes
18923,Shirts
6500,Tshirts
17157,Shirts
9548,Tshirts
3072,Tshirts
12425,Casual Shoes
26610,Sports Shoes
40402,Dresses
10372,Tshirts
36482,Casual Shoes
4257,Tshirts
15600,Sweatshirts
5385,Sports Shoes
34328,Tshirts
8467,Shirts
17996,Track Pants
44863,Tshirts
57448,Tshirts
24986,Tops
5378,Sports Shoes
5976,Shirts
4098,Tshirts
28545,Tshirts
43874,Casual Shoes
19202,Shirts
31468,Track Pants
23991,Shirts
13738,Shirts
39261,Casual Shoes
14945,Tshirts
36229,Sports Shoes
26887,Tshirts
27169,Shirts
19666,Tops
6199,Tops
13952,Tops
28313,Casual Shoes
22629,Tshirts
12880,Casual Shoes
8003,Tshirts
7877,Formal Shoes
15299,Sports Shoes
57810,Tops
24718,Casual Shoes
38347,Tshirts
4408,Tshirts
1946,Tshirts
17708,Casual Shoes
26873,Tops
35458,Tshirts
18740,Tops
19692,Shirts
46398,Tshirts
12874,Casual Shoes
18572,Sweaters
6951,Tshirts
9125,Casual Shoes
30318,Tshirts
7883,Shorts
37901,Tshirts
41981,Tshirts
38949,Tops
3847,Tshirts
6509,Formal Shoes
8493,Skirts
26619,Sports Shoes
9541,Tshirts
44897,Tshirts
24972,Tshirts
37559,Shorts
15609,Shorts
10149,Formal Shoes
5982,Shirts
4850,Tshirts
23159,Tshirts
43880,Casual Shoes
3249,Casual Shoes
9773,Shorts
48454,Tshirts
23965,Tshirts
18324,Shirts
33556,Tshirts
38982,Shirts
20141,Shirts
5723,Sports Shoes
44404,Sports Shoes
47281,Tshirts
16423,Tshirts
8800,Shirts
22616,Tshirts
46353,Shirts
27364,Tshirts
13151,Tshirts
43621,Tops
2506,Casual Shoes
7848,Tshirts
34541,Casual Shoes
7246,Casual Shoes
35493,Formal Shoes
13363,Casual Shoes
19659,Tops
26084,Shirts
11434,Tops
33764,Casual Shoes
36216,Shorts
44636,Tshirts
20373,Track Pants
16275,Sweatshirts
42999,Sports Shoes
31457,Shorts
3282,Tshirts
30585,Tshirts
2350,Tshirts
27532,Shirts
13707,Tshirts
5949,Shirts
10182,Casual Shoes
11050,Shirts
5175,Tshirts
14522,Shirts
57477,Casual Shoes
24185,Casual Shoes
5347,Sports Shoes
4295,Tshirts
36440,Sports Shoes
16047,Shirts
19833,Shirts
34317,Tshirts
17195,Sweaters
8458,Tops
42397,Tshirts
13535,Sports Shoes
2162,Shirts
16281,Sweatshirts
23166,Tshirts
12621,Tshirts
26414,Shirts
3276,Tshirts
43083,Track Pants
10176,Casual Shoes
24343,Tshirts
37754,Shirts
5181,Tshirts
53211,Shirts
11898,Formal Shoes
4053,Tshirts
40434,Skirts
10344,Tshirts
57483,Casual Shoes
11296,Jeans
37566,Tshirts
4261,Tshirts
21403,Tshirts
15636,Tshirts
3878,Tshirts
35231,Formal Shoes
18915,Shirts
6536,Shorts
17161,Shirts
3044,Tshirts
31691,Casual Shoes
2196,Sports Shoes
32470,Tshirts
59941,Casual Shoes
40050,Jackets
10720,Shorts
21067,Casual Shoes
14380,Casual Shoes
13999,Sweatshirts
6152,Casual Shoes
17505,Tshirts
35655,Casual Shoes
30327,Tshirts
3420,Tshirts
30929,Skirts
6360,Casual Shoes
13397,Shirts
12245,Shirts
3612,Tshirts
10512,Tops
24727,Casual Shoes
40262,Shirts
15060,Formal Shoes
4437,Casual Shoes
5985,Shirts
4857,Tshirts
43887,Casual Shoes
12619,Tshirts
18323,Shirts
23962,Jackets
48453,Tshirts
9774,Tshirts
17159,Shirts
8494,Skirts
9546,Tshirts
44890,Tshirts
24149,Tshirts
45942,Tops
24975,Tops
4259,Tshirts
12873,Formal Shoes
9122,Casual Shoes
18575,Tshirts
6956,Shirts
7884,Track Pants
3418,Tshirts
21863,Tops
59979,Dresses
32448,Shorts
10718,Tops
40068,Shorts
41986,Tshirts
41388,Shirts
38340,Tops
15058,Formal Shoes
26874,Tshirts
18747,Tops
9310,Tshirts
19695,Shirts
26048,Shirts
28314,Formal Shoes
13955,Tshirts
43619,Tops
7870,Tshirts
19453,Tshirts
31239,Tshirts
8004,Tshirts
41972,Tops
57817,Tops
20179,Shirts
39266,Casual Shoes
14942,Tshirts
34579,Tops
16629,Tshirts
26880,Tshirts
8236,Formal Shoes
19661,Sweatshirts
33338,Formal Shoes
5971,Shirts
37798,Shirts
43873,Casual Shoes
28542,Tshirts
22844,Casual Shoes
2368,Casual Shoes
9780,Tshirts
7428,Tops
2966,Casual Shoes
3088,Tshirts
8460,Tops
44864,Tshirts
14728,Tshirts
33936,Tshirts
36478,Casual Shoes
17730,Casual Shoes
23505,Sports Shoes
35460,Tshirts
13390,Shirts
30112,Shirts
26077,Shirts
12242,Shirts
32645,Track Pants
40265,Tshirts
14989,Sweatshirts
24720,Casual Shoes
32477,Tshirts
40057,Tshirts
15255,Casual Shoes
38971,Tshirts
53440,Sports Shoes
17502,Tshirts
6155,Tshirts
35652,Formal Shoes
30320,Tshirts
6969,Shirts
3427,Tshirts
10343,Tshirts
40433,Skirts
38529,Sports Shoes
11291,Jeans
15631,Track Pants
21404,Tshirts
4266,Sports Shoes
29669,Shirts
17166,Shirts
18912,Shirts
26621,Sports Shoes
2191,Shorts
16286,Tshirts
6703,Tshirts
23161,Tshirts
3271,Tshirts
12626,Tshirts
43084,Tshirts
24344,Tshirts
10171,Formal Shoes
4868,Tshirts
37753,Shirts
5186,Tshirts
4054,Tshirts
24182,Casual Shoes
57470,Casual Shoes
5340,Casual Shoes
37595,Tshirts
14717,Tops
4292,Tshirts
36447,Sports Shoes
19834,Shirts
17192,Shirts
19008,Tshirts
42390,Tshirts
31662,Shirts
2165,Shirts
43242,Sports Shoes
13532,Sports Shoes
16272,Shirts
23195,Shirts
31450,Tshirts
3285,Tshirts
13700,Sports Shoes
33307,Jeans
10185,Shirts
11057,Shirts
20710,Casual Shoes
5172,Tshirts
16616,Shirts
7241,Formal Shoes
13364,Casual Shoes
27151,Shirts
28925,Tshirts
8209,Tshirts
26083,Shirts
11433,Sweaters
39259,Casual Shoes
33763,Casual Shoes
36211,Shorts
20374,Tshirts
44631,Track Pants
5516,Tshirts
33551,Shirts
39857,Tshirts
44403,Sports Shoes
20146,Shirts
38985,Tshirts
22611,Tshirts
16424,Tshirts
8807,Shirts
2501,Casual Shoes
13156,Tshirts
23143,Sweatshirts
6721,Tshirts
22091,Casual Shoes
2381,Formal Shoes
12604,Tops
3253,Casual Shoes
42174,Tshirts
11081,Shirts
10153,Formal Shoes
5998,Shirts
4076,Casual Shoes
37771,Shirts
40411,Tops
10361,Tshirts
4244,Tshirts
21426,Tshirts
15613,Shorts
37543,Tshirts
5396,Sports Shoes
18930,Tshirts
6513,Tshirts
28799,Jeans
17978,Casual Shoes
3061,Tshirts
8489,Tops
26603,Casual Shoes
33587,Tshirts
40075,Tshirts
32455,Tshirts
59964,Dresses
38953,Tshirts
20190,Tshirts
4620,Tops
35670,Casual Shoes
46382,Tshirts
6177,Tshirts
9903,Jeans
12052,Tshirts
26267,Tshirts
18568,Casual Shoes
13180,Sports Shoes
30302,Tshirts
35442,Tops
7297,Tshirts
26869,Tshirts
17712,Casual Shoes
34590,Tops
6345,Casual Shoes
19688,Shorts
12260,Shirts
26055,Shirts
3637,Casual Shoes
29821,Shirts
27187,Tshirts
24702,Casual Shoes
41395,Shirts
14197,Dresses
15045,Tshirts
4412,Tshirts
20958,Tshirts
40081,Tshirts
57036,Dresses
25416,Sports Shoes
41153,Skirts
59990,Dresses
20164,Shirts
5706,Casual Shoes
44421,Casual Shoes
36001,Tshirts
15283,Tshirts
16406,Shirts
8825,Shirts
7051,Shirts
35684,Casual Shoes
46376,Shirts
6183,Tshirts
13948,Jeans
34756,Casual Shoes
26293,Tshirts
7263,Casual Shoes
16634,Tshirts
22401,Shirts
34564,Dresses
31016,Shirts
2711,Dresses
27173,Shirts
13346,Jeans
33741,Tops
41361,Jeans
11411,Shirts
5534,Sports Shoes
44613,Sports Shoes
36233,Sports Shoes
34100,Tshirts
7607,Tshirts
16250,Shirts
43052,Shorts
2375,Formal Shoes
22859,Casual Shoes
11075,Sweaters
4082,Tshirts
5150,Tshirts
37785,Shirts
14507,Tshirts
44879,Tshirts
36465,Casual Shoes
52120,Tshirts
14735,Shirts
5362,Sports Shoes
34332,Tshirts
7435,Tshirts
19816,Sweatshirts
13510,Tshirts
2147,Tshirts
31640,Shirts
3095,Tshirts
10508,Tops
14994,Sweaters
15846,Tshirts
1963,Sports Shoes
29022,Tshirts
3608,Casual Shoes
9332,Tops
12851,Tops
26258,Track Pants
6974,Shirts
38150,Tshirts
59167,Formal Shoes
15248,Casual Shoes
29674,Shirts
3862,Tshirts
17947,Track Pants
45960,Tshirts
38534,Casual Shoes
57499,Formal Shoes
21419,Tops
4875,Tshirts
11882,Formal Shoes
4049,Sports Shoes
9756,Tshirts
48471,Dresses
23940,Sports Shoes
2944,Tshirts
3896,Skirts
19829,Shirts
9590,Shirts
8442,Tops
19015,Tshirts
11278,Tshirts
39412,Shirts
44846,Tshirts
58425,Dresses
37588,Tshirts
4881,Tshirts
5953,Shirts
28560,Tshirts
23188,Shirts
48485,Dresses
22866,Casual Shoes
3298,Sports Shoes
14960,Jackets
20369,Shirts
1997,Shorts
35489,Formal Shoes
19643,Sweaters
31029,Shirts
8214,Sports Shoes
13379,Casual Shoes
16439,Tshirts
13977,Casual Shoes
8026,Track Pants
6980,Shirts
39076,Shirts
38998,Dresses
5739,Sports Shoes
11240,Jeans
52127,Tshirts
36462,Sports Shoes
5365,Sports Shoes
14732,Shirts
34335,Tshirts
7432,Shorts
19811,Sweatshirts
30795,Shirts
2140,Tshirts
13517,Tshirts
34107,Tops
28558,Tshirts
7600,Sports Shoes
2372,Formal Shoes
43055,Tshirts
11072,Shirts
33322,Shirts
4085,Tshirts
14500,Casual Shoes
5157,Tshirts
37782,Shirts
22406,Shirts
16633,Tshirts
34563,Casual Shoes
27174,Shirts
2716,Tops
14958,Tshirts
33746,Tops
11416,Sweatshirts
20351,Jeans
44614,Sports Shoes
5533,Sports Shoes
59399,Tops
57031,Tops
33574,Tshirts
41154,Shorts
25411,Sports Shoes
5701,Casual Shoes
20163,Shirts
15284,Sports Shoes
41968,Tshirts
35683,Casual Shoes
16401,Shirts
34751,Casual Shoes
26294,Tshirts
19449,Tshirts
35445,Tops
7290,Tshirts
34597,Tops
17715,Shirts
29826,Shirts
12267,Shirts
41392,Shirts
4415,Tshirts
15042,Tshirts
33580,Tshirts
59963,Dresses
32452,Shorts
20197,Sweatshirts
38954,Tshirts
15270,Casual Shoes
39886,Sports Shoes
4627,Sports Shoes
46385,Tshirts
35677,Casual Shoes
29228,Sports Shoes
9904,Sports Shoes
6170,Tshirts
26260,Track Pants
12055,Tshirts
30305,Tshirts
13187,Casual Shoes
45958,Tshirts
10366,Skirts
40416,Tops
1731,Sports Shoes
15614,Tshirts
21421,Tops
4243,Tshirts
37544,Tshirts
5391,Sports Shoes
2988,Casual Shoes
18937,Tshirts
47633,Casual Shoes
51756,Casual Shoes
26604,Sports Shoes
12431,Casual Shoes
3066,Tshirts
23144,Sweatshirts
22096,Casual Shoes
48449,Tshirts
42173,Tshirts
3254,Casual Shoes
12603,Tshirts
11086,Shirts
10154,Casual Shoes
4071,Casual Shoes
37776,Shirts
7069,Tshirts
13970,Sports Shoes
7855,Tshirts
19476,Sweatshirts
27379,Jeans
6987,Tops
32499,Shirts
39071,Shirts
57832,Tops
44419,Formal Shoes
41957,Tshirts
11429,Tops
41359,Jeans
1990,Tshirts
15089,Shirts
6389,Sports Shoes
19644,Tops
4886,Tops
39627,Sports Shoes
5954,Shirts
11871,Formal Shoes
5168,Tshirts
28567,Tshirts
42984,Sports Shoes
48482,Dresses
30598,Shorts
22861,Casual Shoes
17188,Shirts
3891,Tshirts
9597,Shirts
19012,Jackets
8445,Tops
44841,Tshirts
52118,Tops
4872,Tshirts
11885,Formal Shoes
37749,Shirts
18306,Shirts
48476,Dresses
3865,Tshirts
9563,Shirts
17940,Tshirts
3059,Tshirts
10359,Tshirts
53802,Tshirts
38533,Casual Shoes
40429,Tops
24950,Tshirts
12856,Casual Shoes
13984,Casual Shoes
19482,Tshirts
9107,Sports Shoes
18550,Casual Shoes
6973,Tshirts
37923,Tops
59160,Casual Shoes
4618,Tops
14993,Sweaters
1964,Casual Shoes
29025,Tshirts
29819,Shirts
12258,Shirts
18762,Shirts
9335,Tshirts
11420,Tshirts
41350,Jeans
33770,Casual Shoes
36202,Shorts
20367,Tshirts
1999,Track Pants
6380,Sports Shoes
16605,Shirts
7252,Formal Shoes
13377,Casual Shoes
31027,Shirts
26090,Shirts
22602,Tshirts
16437,Tshirts
8814,Shirts
43635,Tops
27370,Tshirts
31215,Sports Shoes
32490,Tshirts
33542,Tops
39844,Tshirts
44410,Formal Shoes
5737,Sports Shoes
20155,Shirts
38996,Jeans
19827,Shirts
16053,Shirts
3898,Tshirts
17181,Shirts
2176,Tshirts
13521,Tops
44848,Tshirts
24191,Casual Shoes
11276,Sweatshirts
25043,Tshirts
5353,Sports Shoes
14704,Shirts
4281,Formal Shoes
36454,Sports Shoes
33314,Tshirts
11044,Shirts
5161,Tshirts
11878,Formal Shoes
7636,Track Pants
23186,Shirts
22868,Casual Shoes
31443,Jackets
3296,Sports Shoes
13713,Tshirts
2344,Tshirts
43063,Tshirts
17175,Shirts
6522,Shorts
26632,Casual Shoes
3050,Tshirts
31685,Casual Shoes
2182,Tshirts
10350,Tshirts
57497,Casual Shoes
40420,Tops
11282,Jeans
15622,Track Pants
4275,Casual Shoes
10162,Casual Shoes
37740,Shirts
4047,Sports Shoes
16295,Tshirts
6710,Casual Shoes
23172,Tshirts
42145,Sports Shoes
3262,Tshirts
12635,Tshirts
9758,Tshirts
32656,Tshirts
24733,Tshirts
10506,Tops
4423,Tshirts
6374,Casual Shoes
17723,Shirts
13383,Casual Shoes
42521,Shirts
3606,Casual Shoes
26064,Shirts
12251,Shirts
9932,Tshirts
17511,Tshirts
35641,Sports Shoes
30333,Tshirts
26256,Track Pants
3434,Tshirts
32464,Tshirts
40044,Tshirts
15246,Casual Shoes
45536,Tshirts
28551,Tshirts
22857,Casual Shoes
23985,Shirts
9793,Shirts
5962,Shirts
14509,Casual Shoes
10995,Tshirts
44877,Tshirts
24992,Shorts
19818,Sweatshirts
2975,Tshirts
8473,Shirts
17982,Sports Shoes
2149,Tshirts
25418,Sports Shoes
57038,Dresses
41961,Jeans
13946,Tops
46378,Shirts
16408,Shirts
7863,Formal Shoes
8017,Tshirts
26893,Tops
13348,Jeans
19672,Tshirts
15883,Casual Shoes
39275,Casual Shoes
14951,Tshirts
59390,Casual Shoes
20358,Tshirts
33589,Tshirts
37129,Shirts
12860,Formal Shoes
9131,Sports Shoes
6945,Tshirts
26269,Tshirts
7299,Tshirts
26867,Tops
27189,Tshirts
18754,Dresses
3639,Casual Shoes
19686,Tshirts
48440,Tshirts
9767,Tshirts
5996,Shirts
4844,Tshirts
4078,Casual Shoes
44883,Tshirts
38505,Skirts
5398,Sports Shoes
3853,Tshirts
2981,Tshirts
8487,Dresses
9555,Tshirts
9935,Tshirts
17516,Sweaters
9109,Sports Shoes
30334,Tshirts
3433,Tshirts
26251,Shorts
21848,Tshirts
32463,Tshirts
40043,Track Pants
45531,Tshirts
15241,Casual Shoes
32651,Tshirts
10501,Tshirts
40271,Tshirts
4424,Tshirts
17724,Shirts
6373,Casual Shoes
30106,Shirts
13384,Casual Shoes
55591,Shirts
26063,Shirts
3601,Tshirts
1532,Tshirts
56770,Shirts
37747,Shirts
5192,Tshirts
15417,Sports Shoes
4040,Tshirts
16292,Tshirts
23175,Tshirts
6717,Tshirts
12632,Tshirts
3265,Tshirts
42142,Sports Shoes
48478,Dresses
18308,Tshirts
18906,Sports Shoes
6525,Shorts
17172,Shirts
3057,Tshirts
26635,Casual Shoes
2185,Tshirts
10357,Tshirts
57490,Casual Shoes
45969,Tops
11285,Jeans
4272,Formal Shoes
21410,Tshirts
15625,Sweatshirts
33313,Tshirts
39629,Casual Shoes
4888,Tops
11043,Shirts
5166,Tshirts
14531,Tshirts
20704,Casual Shoes
7631,Shorts
23181,Shirts
28569,Tshirts
31444,Tshirts
3291,Tshirts
43064,Tshirts
30596,Shorts
2343,Tshirts
13714,Sweaters
29689,Shorts
7403,Casual Shoes
19820,Sweaters
17186,Shirts
9599,Shirts
2171,Tshirts
25044,Tshirts
14703,Shirts
5354,Sports Shoes
37581,Shorts
4286,Casual Shoes
36453,Sports Shoes
52116,Tops
16430,Tshirts
8813,Shirts
27377,Tshirts
43632,Dresses
31212,Sports Shoes
25420,Casual Shoes
32497,Casual Shoes
41959,Tshirts
39843,Tshirts
38991,Tshirts
20152,Shirts
5730,Sports Shoes
44417,Formal Shoes
41357,Jeans
11427,Tops
15087,Shirts
36205,Shirts
5502,Tshirts
44625,Shorts
20360,Tshirts
6387,Sports Shoes
7255,Sports Shoes
16602,Shirts
28931,Tshirts
2727,Tshirts
13370,Casual Shoes
31020,Tshirts
40418,Tops
38502,Shorts
44884,Tshirts
29642,Shirts
3854,Tshirts
18939,Tshirts
2986,Tshirts
28790,Jeans
8480,Dresses
3068,Tshirts
9552,Tshirts
22098,Casual Shoes
43893,Casual Shoes
6728,Sports Shoes
9760,Tshirts
2388,Casual Shoes
23976,Shirts
48447,Tshirts
5991,Shirts
11088,Shirts
4843,Tshirts
37778,Shirts
34599,Dresses
29014,Tshirts
30139,Tshirts
18753,Tops
19681,Tops
42519,Shirts
15870,Casual Shoes
37912,Dresses
39888,Sports Shoes
41992,Shorts
20199,Sweatshirts
12867,Casual Shoes
35679,Casual Shoes
13189,Sports Shoes
18561,Casual Shoes
9136,Sports Shoes
7890,Track Pants
26894,Tops
49939,Tshirts
2718,Tops
19675,Tshirts
39272,Casual Shoes
15884,Casual Shoes
11418,Tshirts
14956,Tshirts
41966,Tshirts
44428,Formal Shoes
13941,Shirts
12893,Formal Shoes
27348,Tshirts
7864,Formal Shoes
44870,Shorts
39424,Tshirts
24995,Jeans
52129,Tshirts
2972,Tshirts
31649,Shirts
8474,Shirts
13519,Sweatshirts
28556,Tshirts
34109,Tops
22850,Casual Shoes
23982,Shirts
39616,Casual Shoes
10992,Tshirts
11840,Casual Shoes
53269,Shirts
4817,Tshirts
42129,Sports Shoes
12659,Shirts
18363,Casual Shoes
9506,Shirts
29616,Shirts
3800,Tshirts
4219,Tshirts
9162,Jeans
48245,Tshirts
3458,Sports Shoes
12833,Tshirts
29272,Shirts
51368,Jeans
59939,Casual Shoes
10758,Casual Shoes
40028,Tshirts
15018,Sweatshirts
48077,Tshirts
8282,Tshirts
30951,Tops
29040,Tshirts
9196,Sports Shoes
43659,Dresses
7830,Sports Shoes
49363,Casual Shoes
31279,Tshirts
13915,Sports Shoes
29286,Shirts
20139,Shirts
24599,Tshirts
5569,Sports Shoes
39226,Dresses
48083,Dresses
8276,Tshirts
19621,Tops
34539,Formal Shoes
5931,Casual Shoes
39642,Casual Shoes
8612,Tshirts
26498,Tshirts
19245,Jackets
2328,Tshirts
6788,Shirts
28502,Jackets
8420,Tshirts
16803,Shorts
7468,Tshirts
18999,Jackets
14768,Shirts
33976,Dresses
36438,Sports Shoes
18738,Tops
2787,Tshirts
3655,Casual Shoes
12202,Tshirts
6327,Shirts
35420,Sports Shoes
4470,Sports Shoes
15027,Sweatshirts
57292,Shirts
21020,Shirts
4642,Sports Shoes
5790,Tshirts
37145,Shirts
38931,Jeans
32437,Track Pants
25480,Sports Shoes
24552,Tshirts
43692,Tshirts
6929,Tshirts
12030,Shirts
3467,Casual Shoes
17542,Shirts
9961,Tshirts
6115,Tshirts
16490,Tshirts
37521,Shorts
21444,Tshirts
15671,Jeans
4226,Tshirts
24136,Jackets
38569,Shorts
33181,Tops
1754,Tshirts
40473,Sports Shoes
26661,Casual Shoes
9539,Tshirts
29629,Shirts
47656,Dresses
6571,Tshirts
3231,Casual Shoes
12666,Shirts
35878,Tshirts
26453,Casual Shoes
27581,Tshirts
54073,Sports Shoes
51501,Jeans
7691,Tshirts
37713,Tshirts
4014,Tshirts
24304,Sweatshirts
4828,Track Pants
14757,Shirts
33949,Tshirts
52142,Tshirts
57430,Tshirts
33175,Tops
40487,Casual Shoes
26695,Sports Shoes
2125,Shirts
7457,Tshirts
16000,Sweaters
22235,Casual Shoes
34350,Tshirts
6585,Tshirts
12692,Sports Shoes
13740,Shirts
54087,Tops
43030,Shirts
2317,Tshirts
16232,Sweatshirts
34162,Tops
14565,Casual Shoes
5132,Tshirts
1592,Sports Shoes
11017,Tops
41767,Tops
13324,Shirts
8249,Casual Shoes
42586,Tshirts
7201,Tops
4484,Sports Shoes
14101,Tshirts
20334,Tshirts
5556,Tshirts
11473,Shirts
41303,Shirts
39219,Tops
45591,Formal Shoes
5764,Tops
14333,Sports Shoes
41131,Tops
25474,Casual Shoes
10793,Shirts
57054,Dresses
33511,Casual Shoes
2541,Casual Shoes
13116,Casual Shoes
3493,Casual Shoes
31246,Tshirts
9995,Skirts
34734,Sports Shoes
8847,Shirts
16464,Shirts
16804,Dresses
12498,Tshirts
16038,Shirts
46748,Track Pants
34368,Tshirts
2921,Tshirts
33971,Tops
1798,Tshirts
25028,Tshirts
5936,Casual Shoes
39645,Casual Shoes
22803,Tshirts
28505,Shorts
44649,Tops
39221,Dresses
48084,Dresses
19626,Tshirts
8271,Tshirts
3699,Tshirts
7239,Formal Shoes
9191,Jeans
2579,Shorts
49364,Casual Shoes
7837,Tshirts
13912,Sports Shoes
37189,Tops
11679,Shirts
39013,Sports Shoes
58818,Casual Shoes
59330,Casual Shoes
4448,Sports Shoes
1906,Tshirts
24758,Tshirts
43498,Tshirts
48070,Tshirts
8285,Tshirts
17748,Sports Shoes
30956,Tops
35418,Formal Shoes
29047,Tshirts
6911,Tshirts
48242,Tshirts
30358,Tshirts
42778,Tshirts
12008,Shirts
9959,Tshirts
29275,Tops
12834,Tshirts
53438,Sports Shoes
26659,Casual Shoes
17922,Tshirts
9501,Shirts
3807,Tshirts
29611,Shirts
6549,Tshirts
15649,Tops
41599,Shirts
4810,Tshirts
3209,Tshirts
23925,Sports Shoes
48414,Tshirts
9733,Shirts
23119,Sweatshirts
45596,Formal Shoes
14334,Sports Shoes
5763,Tops
25473,Casual Shoes
10794,Shirts
57053,Dresses
13111,Shorts
43661,Tops
31241,Tshirts
7808,Tshirts
34733,Sports Shoes
9992,Sweatshirts
16463,Shirts
13323,Shirts
19619,Tops
46121,Jackets
7206,Tops
4483,Casual Shoes
44676,Shirts
20333,Tshirts
14106,Tshirts
41304,Shirts
12695,Sports Shoes
2310,Tshirts
43037,Shirts
13747,Shirts
27572,Shirts
50420,Formal Shoes
34165,Tops
5135,Tshirts
14562,Casual Shoes
5909,Casual Shoes
1595,Tshirts
33340,Formal Shoes
41760,Tops
11010,Tops
14750,Shirts
52145,Tshirts
40480,Sports Shoes
33172,Tops
57437,Tshirts
41552,Shirts
8418,Tshirts
2122,Tops
16007,Tshirts
7450,Tshirts
34357,Tshirts
6582,Tshirts
26454,Casual Shoes
12661,Shirts
3236,Casual Shoes
27586,Tshirts
7696,Tshirts
51506,Jeans
6744,Sports Shoes
34191,Tshirts
37714,Tshirts
24303,Sweatshirts
1561,Tshirts
56723,Casual Shoes
4221,Tshirts
15676,Jeans
21443,Tshirts
33186,Tops
24131,Tshirts
26666,Casual Shoes
18169,Dresses
35271,Tops
6576,Tshirts
47651,Dresses
4645,Sports Shoes
38936,Shorts
5797,Tshirts
37142,Shirts
25487,Sports Shoes
24555,Tops
43695,Tshirts
8088,Sports Shoes
3460,Sports Shoes
12037,Shirts
6112,Tshirts
47235,Casual Shoes
17545,Shirts
9966,Tshirts
51350,Casual Shoes
16497,Tshirts
2780,Tshirts
28996,Tshirts
3652,Sports Shoes
6320,Shirts
35427,Sports Shoes
15020,Jackets
4477,Sports Shoes
44682,Dresses
53635,Casual Shoes
11480,Tops
57295,Shirts
19610,Tshirts
46914,Jeans
8247,Casual Shoes
9395,Sports Shoes
34508,Casual Shoes
5558,Tshirts
57268,Tshirts
14933,Shorts
39217,Dresses
58012,Tops
52528,Jeans
8075,Sports Shoes
31248,Tshirts
49352,Casual Shoes
7801,Tshirts
13118,Casual Shoes
13924,Sports Shoes
14759,Shirts
33947,Tshirts
38593,Tshirts
44815,Jeans
18194,Tshirts
8411,Tshirts
16832,Tshirts
7459,Tshirts
2319,Tshirts
54089,Tops
35882,Tshirts
49504,Casual Shoes
28533,Tshirts
59796,Tops
11825,Casual Shoes
41769,Tops
39673,Sports Shoes
11019,Shirts
5900,Casual Shoes
33349,Formal Shoes
4228,Tshirts
38567,Shorts
17914,Tshirts
9537,Tshirts
47658,Skirts
48422,Tshirts
23913,Casual Shoes
12668,Shirts
35876,Tshirts
42118,Tshirts
34198,Tshirts
39687,Casual Shoes
4826,Track Pants
18736,Dresses
15029,Sweatshirts
59306,Tshirts
38331,Tops
40019,Tshirts
37977,Tshirts
32439,Tshirts
59908,Dresses
8081,Sports Shoes
9153,Tops
29243,Sports Shoes
12802,Tshirts
44224,Tshirts
5103,Sports Shoes
14554,Casual Shoes
41756,Tops
11026,Tops
2326,Tshirts
43001,Sports Shoes
13771,Tshirts
26496,Tshirts
6786,Jackets
16203,Sweatshirts
2114,Track Pants
43233,Sports Shoes
12491,Tshirts
34361,Tshirts
2928,Tshirts
22204,Shirts
16031,Shirts
46741,Tshirts
19845,Shirts
36436,Casual Shoes
14766,Shirts
25021,Sweatshirts
33144,Shorts
31277,Tshirts
13127,Casual Shoes
9198,Casual Shoes
43657,Shorts
29288,Shirts
16455,Shirts
46325,Sports Shoes
7002,Tops
20137,Shirts
14302,Tshirts
5755,Tops
24597,Tshirts
57065,Tops
25445,Sports Shoes
44640,Sports Shoes
5567,Sports Shoes
20305,Sweaters
14130,Jeans
39228,Shirts
11442,Tops
3690,Sports Shoes
8278,Tshirts
2742,Tops
13315,Shirts
46117,Casual Shoes
7230,Formal Shoes
49963,Tshirts
34537,Formal Shoes
31283,Tshirts
3456,Sports Shoes
26234,Tshirts
12001,Shirts
6918,Tshirts
30351,Tshirts
2584,Track Pants
51366,Jeans
47203,Formal Shoes
17573,Shirts
9950,Shorts
15224,Casual Shoes
10756,Casual Shoes
37948,Shirts
57091,Skirts
11684,Shirts
59937,Casual Shoes
5593,Sports Shoes
15016,Sweatshirts
4441,Casual Shoes
10564,Tshirts
32634,Track Pants
12233,Shirts
3664,Sports Shoes
48079,Tshirts
43491,Tshirts
35411,Formal Shoes
17741,Sports Shoes
15472,Tshirts
4025,Casual Shoes
37722,Shirts
32250,Skirts
4819,Shorts
24335,Tshirts
40670,Shirts
26462,Tshirts
12657,Shirts
3200,Tshirts
6772,Shirts
9508,Shorts
26650,Sports Shoes
6540,Tshirts
34395,Tshirts
18963,Sweatshirts
4217,Tshirts
15640,Tshirts
41590,Shirts
40442,Dresses
38558,Tshirts
1765,Tshirts
5799,Tshirts
57895,Shirts
38938,Shorts
59133,Jackets
25489,Casual Shoes
12039,Shirts
9154,Tops
12805,Tshirts
29244,Sports Shoes
16499,Tshirts
9968,Tshirts
18731,Sweaters
26802,Shirts
35429,Sports Shoes
1937,Sports Shoes
4479,Sports Shoes
59301,Shirts
38336,Tops
9702,Formal Shoes
23914,Casual Shoes
3238,Sports Shoes
51508,Jeans
7698,Tops
33188,Tops
17913,Sweatshirts
9530,Tshirts
18167,Dresses
26668,Casual Shoes
6578,Tshirts
13749,Shirts
22832,Casual Shoes
49503,Casual Shoes
35885,Tshirts
28534,Tshirts
11822,Casual Shoes
39674,Sports Shoes
5907,Tshirts
33940,Tshirts
25019,Casual Shoes
44812,Tshirts
57439,Tshirts
38594,Tshirts
18193,Jeans
34359,Tshirts
16009,Tshirts
58015,Tops
45598,Formal Shoes
37984,Tshirts
19425,Shirts
7806,Casual Shoes
49355,Casual Shoes
8072,Sports Shoes
50278,Formal Shoes
13923,Sports Shoes
19617,Tops
9392,Sports Shoes
7208,Tops
14108,Sweatshirts
44678,Tops
14934,Shorts
39210,Formal Shoes
26657,Casual Shoes
6547,Tshirts
18964,Sweatshirts
34392,Tshirts
7495,Tshirts
3809,Tshirts
21472,Casual Shoes
15647,Tshirts
4210,Tshirts
41597,Shirts
10335,Tops
1762,Tshirts
4022,Casual Shoes
15475,Tshirts
20792,Jackets
37725,Shirts
32257,Tops
3207,Tshirts
42120,Shorts
12650,Tshirts
26465,Shorts
6775,Tshirts
46580,Tshirts
5594,Sports Shoes
37341,Tshirts
21224,Tshirts
15011,Track Pants
10563,Tshirts
24756,Sweaters
3663,Sports Shoes
12234,Shirts
43496,Tshirts
29049,Tshirts
35416,Formal Shoes
6311,Tops
17746,Sports Shoes
12006,Shirts
26233,Tshirts
31284,Tshirts
3451,Tshirts
30356,Tshirts
22693,Sports Shoes
9957,Tshirts
47204,Formal Shoes
6123,Tshirts
37173,Shorts
38907,Tshirts
53436,Sports Shoes
15223,Casual Shoes
10751,Track Pants
40021,Tshirts
32401,Tops
11683,Shirts
20302,Sweaters
5560,Jackets
44647,Tops
10597,Jeans
11445,Tops
3697,Tshirts
19628,Tshirts
13312,Shirts
2745,Tshirts
49964,Tshirts
7237,Formal Shoes
31270,Tshirts
43650,Tops
2577,Tops
13120,Jackets
7005,Tshirts
8871,Shirts
51395,Shorts
16452,Shirts
37187,Tshirts
5752,Sports Shoes
20130,Shirts
57062,Jackets
58816,Casual Shoes
25442,Sports Shoes
11677,Shirts
43234,Sports Shoes
2113,Track Pants
12496,Tshirts
28739,Tops
34366,Tshirts
18990,Tshirts
19842,Shirts
46746,Track Pants
16036,Shirts
22203,Sweatshirts
36431,Casual Shoes
5336,Sports Shoes
14761,Shirts
41563,Dresses
25026,Tshirts
1796,Tshirts
33143,Tshirts
15481,Shorts
44223,Tshirts
11021,Tshirts
41751,Tshirts
40683,Tshirts
5938,Casual Shoes
13776,Tshirts
2321,Tshirts
26491,Tshirts
6781,Tshirts
16204,Tshirts
31677,Shirts
2170,Shirts
9598,Shirts
13527,Shirts
19821,Sweaters
7402,Formal Shoes
29688,Shorts
17187,Shirts
37580,Shorts
5355,Sports Shoes
14702,Jackets
52117,Tops
36452,Sports Shoes
11270,Tshirts
14530,Tshirts
20705,Casual Shoes
5167,Tshirts
33312,Tshirts
10190,Shirts
11042,Shirts
4889,Tops
39628,Sports Shoes
3290,Tshirts
31445,Tshirts
13715,Tshirts
43065,Tshirts
2342,Tshirts
30597,Tshirts
28568,Tshirts
23180,Shirts
15086,Shirts
20361,Tshirts
5503,Tshirts
11426,Shirts
41356,Jeans
13371,Casual Shoes
28930,Tshirts
26096,Shirts
6386,Sports Shoes
16603,Shirts
35481,Formal Shoes
7254,Formal Shoes
43633,Dresses
27376,Tshirts
6988,Tshirts
31213,Casual Shoes
8812,Shirts
16431,Tshirts
22604,Shorts
41958,Tshirts
5731,Sports Shoes
44416,Formal Shoes
20153,Shirts
32496,Casual Shoes
25421,Sports Shoes
33544,Tops
4425,Tshirts
15072,Casual Shoes
40270,Tshirts
10500,Dresses
24735,Shirts
13385,Casual Shoes
30107,Shirts
3600,Tshirts
55590,Shirts
12257,Shirts
26062,Shirts
6372,Casual Shoes
17725,Shirts
35475,Formal Shoes
30335,Tshirts
9108,Sports Shoes
3432,Tshirts
9934,Tshirts
6140,Sports Shoes
12859,Formal Shoes
15240,Casual Shoes
14392,Track Pants
32462,Tshirts
26634,Casual Shoes
31683,Sports Shoes
3056,Tshirts
2184,Tshirts
35223,Formal Shoes
17173,Shirts
6524,Shorts
15624,Sweatshirts
10356,Shirts
57491,Formal Shoes
40426,Tops
45968,Tshirts
11284,Jeans
5193,Tshirts
37746,Shirts
4041,Tshirts
15416,Casual Shoes
1533,Tshirts
56771,Shirts
3264,Tshirts
42143,Casual Shoes
12633,Tshirts
18309,Tshirts
48479,Dresses
16293,Tshirts
6716,Tshirts
23174,Tshirts
41967,Tshirts
44429,Formal Shoes
36835,Sports Shoes
40089,Track Pants
27349,Tshirts
7865,Tshirts
8011,Tshirts
13940,Shirts
12892,Casual Shoes
19674,Tops
26895,Tops
59396,Casual Shoes
15885,Casual Shoes
39273,Casual Shoes
14957,Tshirts
22851,Casual Shoes
34108,Tops
28557,Tshirts
10993,Tshirts
5158,Tshirts
11841,Casual Shoes
5964,Shirts
52128,Dresses
44871,Shorts
8475,Tops
31648,Shirts
13518,Shirts
2973,Tshirts
2389,Casual Shoes
9761,Tshirts
23977,Shirts
37779,Shirts
5990,Shirts
4842,Tshirts
11089,Shirts
44885,Tshirts
10369,Shirts
40419,Tops
38503,Shorts
3069,Tshirts
8481,Dresses
9553,Tshirts
3855,Tshirts
2987,Casual Shoes
28791,Jeans
18938,Tshirts
39889,Sports Shoes
41993,Shorts
20198,Sweatshirts
37913,Tops
9137,Casual Shoes
6943,Tshirts
13188,Sports Shoes
7891,Tshirts
35678,Casual Shoes
29227,Sports Shoes
18752,Tops
30138,Tshirts
9305,Tshirts
29829,Shirts
19680,Sweatshirts
34598,Dresses
29015,Tshirts
15871,Casual Shoes
5194,Tshirts
37741,Shirts
4046,Sports Shoes
1534,Tshirts
26401,Shirts
12634,Tshirts
42144,Sports Shoes
3263,Tshirts
9759,Tshirts
23173,Tshirts
6711,Tshirts
31684,Sports Shoes
3051,Tshirts
26633,Casual Shoes
17948,Track Pants
2183,Tshirts
18900,Tops
17174,Shirts
4274,Casual Shoes
15623,Sweatshirts
21416,Tops
40421,Tops
10351,Skirts
57496,Casual Shoes
11283,Jeans
30332,Tshirts
17510,Tshirts
9933,Tshirts
15247,Casual Shoes
37117,Shirts
15075,Shirts
4422,Tshirts
32657,Tshirts
24732,Tshirts
10507,Tshirts
30100,Jeans
13382,Casual Shoes
26065,Shirts
55597,Shirts
42520,Shirts
3607,Casual Shoes
17722,Shirts
43634,Dresses
31214,Sports Shoes
13978,Casual Shoes
22603,Tshirts
8815,Shirts
16436,Tshirts
39845,Tops
20154,Shirts
38997,Dresses
44411,Casual Shoes
33543,Shirts
36203,Shorts
5504,Tshirts
20366,Tshirts
1998,Tshirts
11421,Tshirts
43406,Shirts
13376,Casual Shoes
26091,Shirts
6381,Sports Shoes
35486,Sports Shoes
16604,Shirts
5160,Tshirts
11879,Formal Shoes
33315,Tshirts
11045,Shirts
22869,Casual Shoes
3297,Sports Shoes
31442,Tshirts
2345,Tshirts
30590,Tshirts
43062,Tshirts
13712,Tshirts
27527,Shirts
7637,Tshirts
23187,Shirts
13520,Sweaters
2177,Tshirts
3899,Tshirts
16052,Shirts
19826,Shirts
7405,Casual Shoes
17180,Shirts
5352,Sports Shoes
36455,Sports Shoes
24190,Casual Shoes
11277,Track Pants
25042,Tshirts
27188,Tshirts
18755,Dresses
19687,Shorts
3638,Casual Shoes
7298,Tshirts
26866,Tshirts
29012,Tshirts
39280,Casual Shoes
41994,Shorts
6944,Tshirts
18567,Sports Shoes
9130,Casual Shoes
7896,Shorts
26268,Tshirts
12861,Formal Shoes
5399,Sports Shoes
38504,Skirts
44882,Track Pants
8486,Dresses
17977,Sports Shoes
9554,Tshirts
3852,Tshirts
2980,Tshirts
23970,Tshirts
48441,Tshirts
9766,Tshirts
4079,Tshirts
4845,Tshirts
24993,Shorts
44876,Tshirts
8472,Shirts
2148,Tshirts
19819,Sweatshirts
2974,Tshirts
22856,Casual Shoes
9792,Shirts
28550,Tshirts
10994,Tshirts
14508,Tshirts
5963,Shirts
13349,Jeans
19673,Tshirts
47099,Casual Shoes
27940,Jeans
26892,Tops
39274,Casual Shoes
15882,Casual Shoes
14950,Tshirts
41960,Shirts
25419,Sports Shoes
57039,Dresses
18593,Sports Shoes
7862,Tshirts
13947,Tshirts
16409,Shirts
12895,Sports Shoes
46379,Shirts
20196,Tshirts
38955,Tshirts
4626,Sports Shoes
39887,Sports Shoes
15271,Casual Shoes
26261,Tshirts
12054,Tshirts
13186,Casual Shoes
30304,Tshirts
29229,Sports Shoes
51333,Jackets
46384,Tshirts
12868,Formal Shoes
35676,Casual Shoes
6171,Tshirts
26053,Shirts
12266,Shirts
30136,Tshirts
7291,Tshirts
35444,Tops
17714,Shirts
34596,Shirts
15043,Jackets
39289,Casual Shoes
41393,Shirts
2387,Casual Shoes
48448,Tshirts
23979,Shirts
12602,Tshirts
42172,Tshirts
23145,Sweatshirts
22097,Casual Shoes
4070,Casual Shoes
37777,Shirts
11087,Shirts
10155,Casual Shoes
4242,Tshirts
15615,Tshirts
21420,Tops
5390,Sports Shoes
45959,Tops
40417,Tops
1730,Sports Shoes
10367,Shirts
3067,Tshirts
26605,Sports Shoes
12430,Casual Shoes
18936,Tshirts
47632,Casual Shoes
2373,Formal Shoes
43054,Tshirts
28559,Tshirts
34106,Tops
7601,Sports Shoes
51591,Jeans
4084,Tshirts
37783,Shirts
5156,Tshirts
14501,Casual Shoes
11073,Sweaters
36463,Sports Shoes
52126,Tops
14733,Shirts
5364,Sports Shoes
11241,Jeans
33111,Casual Shoes
13516,Skirts
2141,Tshirts
30794,Shirts
22251,Casual Shoes
19810,Sweatshirts
7433,Shorts
20162,Shirts
44427,Formal Shoes
5700,Casual Shoes
15285,Sports Shoes
41969,Tshirts
40087,Tshirts
57030,Tops
25410,Sports Shoes
59996,Dresses
31222,Track Pants
26295,Tshirts
19448,Tshirts
27347,Tshirts
8823,Shirts
16400,Shirts
35682,Casual Shoes
34750,Casual Shoes
6185,Tshirts
12292,Shirts
2717,Tops
13340,Skirts
27175,Shirts
7265,Tshirts
22407,Shirts
16632,Tshirts
5532,Sports Shoes
20350,Jeans
14959,Jackets
33747,Tops
11417,Tshirts
17941,Tshirts
9562,Formal Shoes
3058,Tshirts
3864,Tshirts
29672,Shirts
24951,Tshirts
38532,Sports Shoes
53803,Tshirts
40428,Skirts
10358,Tshirts
15418,Sports Shoes
11884,Formal Shoes
37748,Shirts
4873,Tshirts
48477,Dresses
18307,Shirts
26408,Shirts
6718,Tshirts
12259,Shirts
9334,Tops
18763,Shirts
29024,Tshirts
19483,Tshirts
6972,Tops
9106,Tops
12857,Casual Shoes
13985,Casual Shoes
4619,Tops
59161,Formal Shoes
38156,Jackets
1991,Tshirts
38390,Tshirts
41358,Jeans
11428,Tops
19645,Tops
2728,Tops
6388,Sports Shoes
8020,Track Pants
19477,Jackets
27378,Jeans
6986,Tshirts
7068,Tops
13971,Sports Shoes
57833,Tshirts
44418,Casual Shoes
32498,Casual Shoes
13529,Tshirts
9596,Shirts
8444,Tshirts
19013,Tshirts
17189,Shirts
3890,Tshirts
52119,Tops
39414,Shirts
44840,Tshirts
24199,Jeans
11870,Formal Shoes
5169,Tshirts
39626,Sports Shoes
4887,Tops
5955,Shirts
48483,Dresses
30599,Shorts
22860,Casual Shoes
28566,Tshirts
42985,Sports Shoes
31017,Shirts
12295,Shirts
13347,Jeans
2710,Dresses
16635,Tshirts
22400,Shirts
7262,Casual Shoes
47097,Casual Shoes
34565,Dresses
20357,Jeans
5535,Sports Shoes
44612,Sports Shoes
36232,Sports Shoes
33740,Tops
11410,Tshirts
41360,Jeans
5707,Casual Shoes
44420,Casual Shoes
20165,Shirts
36000,Tshirts
57037,Dresses
33572,Tshirts
40080,Tshirts
41152,Skirts
59991,Dresses
25417,Sports Shoes
26292,Tshirts
8018,Tshirts
31225,Tshirts
35685,Casual Shoes
46377,Shirts
8824,Shirts
16407,Shirts
22632,Tshirts
34757,Casual Shoes
52121,Tshirts
36464,Casual Shoes
5363,Sports Shoes
14734,Shirts
11246,Sweatshirts
44878,Tshirts
2146,Tshirts
30793,Shirts
13511,Tshirts
31641,Shirts
34333,Tshirts
19817,Sweatshirts
7434,Tshirts
43053,Tshirts
2374,Casual Shoes
42181,Sports Shoes
22858,Casual Shoes
34101,Tshirts
16251,Shirts
51596,Jeans
7606,Sports Shoes
4083,Tshirts
14506,Casual Shoes
37784,Shirts
5151,Tshirts
11074,Sweaters
21427,Tops
15612,Track Pants
4245,Tshirts
5397,Sports Shoes
24969,Tshirts
10360,Dresses
40410,Tops
17979,Casual Shoes
26602,Sports Shoes
8488,Tops
3060,Tshirts
6512,Tshirts
18931,Tshirts
9768,Jackets
2380,Casual Shoes
3252,Sports Shoes
42175,Tshirts
12605,Tops
6720,Tshirts
23142,Sweatshirts
4077,Casual Shoes
37770,Shirts
11080,Shirts
5999,Shirts
10152,Casual Shoes
29820,Shirts
26054,Shirts
7296,Tshirts
26868,Tshirts
6344,Casual Shoes
34591,Dresses
17713,Shirts
4413,Tshirts
15044,Tshirts
38952,Tshirts
20191,Tshirts
4621,Tops
33586,Tshirts
59965,Dresses
32454,Tshirts
7898,Shorts
12053,Tshirts
26266,Tshirts
30303,Tshirts
13181,Sports Shoes
18569,Sweaters
35671,Casual Shoes
46383,Sweatshirts
9902,Jeans
6176,Tshirts
4880,Tshirts
5952,Shirts
27529,Shirts
48484,Dresses
22867,Casual Shoes
3299,Sports Shoes
23189,Shirts
28561,Tshirts
7639,Tshirts
9591,Shirts
2179,Tshirts
19014,Tshirts
8443,Tshirts
19828,Shirts
3897,Tshirts
11279,Jeans
44847,Tshirts
6981,Shirts
46348,Shirts
16438,Tshirts
57834,Tshirts
38999,Shirts
20368,Shirts
1996,Tshirts
14961,Jackets
38397,Tshirts
39245,Casual Shoes
8215,Sports Shoes
31028,Shirts
19642,Tshirts
13378,Casual Shoes
35488,Formal Shoes
26259,Track Pants
12850,Tops
6149,Sports Shoes
13982,Sports Shoes
37119,Shirts
15249,Casual Shoes
59166,Formal Shoes
37925,Tops
38151,Tshirts
1962,Sports Shoes
14995,Sweaters
10509,Tshirts
3609,Casual Shoes
55599,Shirts
18764,Shirts
9333,Tops
29023,Track Pants
4048,Sports Shoes
11883,Formal Shoes
4874,Tshirts
9757,Tshirts
23941,Sports Shoes
48470,Dresses
17946,Track Pants
9565,Shirts
29675,Shirts
3863,Tshirts
21418,Tops
57498,Casual Shoes
53804,Tshirts
38535,Casual Shoes
38595,Tshirts
44813,Tshirts
57438,Tshirts
33941,Tshirts
34358,Tshirts
16834,Tshirts
8417,Tshirts
28535,Tshirts
13748,Shirts
35884,Tshirts
49502,Casual Shoes
22833,Casual Shoes
39675,Casual Shoes
5906,Casual Shoes
11823,Casual Shoes
7209,Tshirts
19616,Tops
9393,Sports Shoes
14935,Shorts
39211,Formal Shoes
44679,Tops
14109,Sweatshirts
36857,Shirts
58014,Tops
45599,Formal Shoes
13922,Sports Shoes
50279,Casual Shoes
49354,Casual Shoes
8073,Sports Shoes
7807,Casual Shoes
19424,Tshirts
26803,Shirts
35428,Sports Shoes
31088,Shirts
28999,Tshirts
18730,Sweaters
38337,Tops
59300,Shirts
4478,Sports Shoes
25488,Casual Shoes
38939,Shorts
5798,Tshirts
59132,Jackets
29245,Tshirts
16498,Tshirts
12804,Tshirts
9969,Tshirts
8087,Sports Shoes
12038,Shirts
9155,Tops
6579,Shorts
18166,Dresses
9531,Jackets
17912,Jackets
26669,Casual Shoes
23129,Tshirts
7699,Tops
51509,Jeans
9703,Formal Shoes
48424,Tshirts
27589,Tshirts
3239,Sports Shoes
51394,Shorts
7004,Tshirts
46323,Sports Shoes
31271,Tshirts
7838,Sports Shoes
13121,Casual Shoes
43651,Tops
2576,Tops
58817,Casual Shoes
57063,Jackets
25443,Casual Shoes
11676,Shirts
41106,Tops
14304,Shirts
20131,Shirts
37186,Tops
33714,Casual Shoes
11444,Tshirts
44646,Skirts
14136,Tops
20303,Sweaters
7236,Formal Shoes
16661,Sweaters
49965,Tshirts
34531,Casual Shoes
19629,Tshirts
31043,Shirts
3696,Casual Shoes
2744,Tops
13313,Shirts
41750,Tshirts
11020,Tshirts
5939,Casual Shoes
38798,Tshirts
15480,Track Pants
44222,Tshirts
14552,Casual Shoes
6780,Tshirts
34155,Tops
7652,Tshirts
16205,Tshirts
2320,Tshirts
27542,Shirts
26490,Tshirts
18991,Tshirts
16037,Shirts
22202,Jackets
7460,Tshirts
19843,Shirts
46747,Track Pants
43235,Sports Shoes
2112,Track Pants
12497,Tshirts
25027,Tshirts
33142,Tshirts
36430,Casual Shoes
14760,Shirts
24333,Tshirts
15474,Tshirts
4023,Casual Shoes
37724,Shirts
20793,Jackets
6774,Shirts
12651,Tshirts
26464,Track Pants
3206,Tshirts
42121,Tshirts
47661,Dresses
34393,Tshirts
18965,Sweatshirts
3808,Casual Shoes
7494,Tshirts
26656,Casual Shoes
41596,Shirts
1763,Tshirts
24101,Casual Shoes
4211,Tshirts
15646,Tshirts
51360,Jeans
22692,Sports Shoes
47205,Formal Shoes
9956,Tshirts
17575,Shirts
31285,Tshirts
42777,Tshirts
12007,Shirts
30357,Tshirts
40020,Tshirts
10750,Tshirts
24565,Shirts
11682,Shirts
32400,Tops
53437,Sports Shoes
37172,Shorts
15222,Casual Shoes
24757,Tshirts
25685,Casual Shoes
5595,Sports Shoes
1909,Tshirts
21225,Tshirts
15010,Tshirts
29048,Tshirts
17747,Casual Shoes
12235,Shirts
3662,Sports Shoes
43497,Tshirts
34199,Track Pants
48423,Tshirts
9704,Formal Shoes
42119,Shorts
12669,Shirts
35877,Tshirts
4827,Track Pants
39686,Casual Shoes
1569,Shorts
38566,Shorts
4229,Tshirts
9536,Tshirts
17915,Tshirts
40018,Tshirts
59909,Dresses
32438,Tshirts
12803,Tshirts
8080,Sports Shoes
9152,Shirts
6926,Tshirts
26804,Shirts
18737,Tops
2788,Tshirts
38330,Tops
1931,Tshirts
37378,Tshirts
15028,Sweatshirts
37982,Tshirts
58013,Tops
52529,Shorts
8848,Shirts
7800,Tshirts
19423,Tshirts
31249,Tshirts
8074,Sports Shoes
49353,Casual Shoes
43669,Tops
42589,Tshirts
9394,Sports Shoes
14932,Shorts
39216,Tops
5559,Jackets
28532,Tshirts
54088,Tops
2318,Tshirts
49505,Casual Shoes
35883,Tshirts
11018,Shirts
41768,Tops
39672,Sports Shoes
5901,Casual Shoes
11824,Casual Shoes
59797,Tshirts
44814,Tops
38592,Tshirts
14758,Shirts
33946,Tshirts
2916,Tops
7458,Tshirts
18195,Shirts
16833,Tshirts
8410,Tshirts
10565,Tshirts
32635,Track Pants
4440,Casual Shoes
59338,Casual Shoes
15017,Sweatshirts
35410,Formal Shoes
6317,Casual Shoes
17740,Sports Shoes
3665,Sports Shoes
43490,Tshirts
48078,Tshirts
51367,Jeans
9951,Tshirts
17572,Shirts
47202,Formal Shoes
12000,Shirts
49398,Casual Shoes
3457,Sports Shoes
31282,Tshirts
30350,Tshirts
24562,Shirts
37949,Shirts
57090,Skirts
59936,Casual Shoes
11685,Shirts
15225,Casual Shoes
23323,Tops
18962,Sweatshirts
34394,Tshirts
9509,Track Pants
26651,Casual Shoes
41591,Shirts
1764,Track Pants
38559,Tshirts
15641,Tshirts
4216,Tshirts
4818,Shorts
32251,Skirts
40671,Shirts
24334,Tshirts
10101,Sports Shoes
4024,Casual Shoes
15473,Tshirts
37723,Shirts
6773,Tshirts
42126,Sports Shoes
3201,Tshirts
26463,Tshirts
12656,Shirts
35848,Casual Shoes
34360,Tshirts
7467,Tshirts
19844,Shirts
22205,Shirts
16030,Shirts
2115,Track Pants
43232,Sports Shoes
12490,Shirts
31612,Shirts
41565,Dresses
25020,Sweatshirts
33145,Shorts
36437,Casual Shoes
5330,Casual Shoes
14767,Shirts
11027,Tshirts
41757,Tops
36605,Shirts
14555,Casual Shoes
44225,Tshirts
6787,Tshirts
34152,Tops
16202,Sweatshirts
7655,Tshirts
13770,Tshirts
27545,Shirts
2327,Tshirts
43000,Sports Shoes
26497,Tshirts
11443,Tops
39229,Shirts
20304,Sweaters
14131,Jeans
5566,Dresses
49962,Tshirts
22453,Tops
46116,Casual Shoes
7231,Formal Shoes
34536,Formal Shoes
8279,Tshirts
3691,Sports Shoes
13314,Shirts
2743,Tshirts
46324,Sports Shoes
7003,Tshirts
29289,Shirts
51393,Shorts
8877,Shirts
9199,Casual Shoes
43656,Shorts
13126,Formal Shoes
24596,Tshirts
57064,Jackets
58810,Shirts
11671,Shirts
25444,Casual Shoes
44473,Sports Shoes
5754,Sports Shoes
20136,Shirts
14303,Shirts
9958,Tshirts
12835,Dresses
29274,Shirts
48243,Tshirts
9164,Jeans
30359,Tshirts
6910,Tshirts
12009,Shirts
1907,Tshirts
30957,Tops
29046,Tshirts
35419,Formal Shoes
48071,Tshirts
43499,Tshirts
38762,Sports Shoes
4811,Tshirts
3208,Tshirts
48415,Tshirts
9732,Shirts
3806,Tshirts
26658,Casual Shoes
9500,Shirts
17923,Sweatshirts
41598,Shirts
24933,Tops
15648,Tshirts
38796,Tshirts
5937,Casual Shoes
39644,Casual Shoes
28504,Shorts
22802,Shirts
19243,Jackets
46749,Track Pants
16039,Shirts
2920,Tshirts
34369,Tshirts
16805,Skirts
1799,Track Pants
25029,Shorts
5339,Casual Shoes
33970,Dresses
13913,Sports Shoes
29280,Shirts
7836,Sports Shoes
39012,Sports Shoes
11678,Shirts
58819,Casual Shoes
37188,Tshirts
39220,Dresses
10598,Shirts
44648,Tops
7238,Casual Shoes
48085,Dresses
3698,Tshirts
8270,Tshirts
19627,Tshirts
24130,Tshirts
10305,Casual Shoes
1752,Tshirts
4220,Tshirts
6577,Tshirts
47650,Dresses
26667,Sports Shoes
18168,Dresses
51507,Jeans
7697,Tops
34190,Tshirts
6745,Sports Shoes
42110,Tshirts
3237,Sports Shoes
12660,Shirts
27587,Tshirts
24302,Casual Shoes
56722,Casual Shoes
41795,Tops
37715,Tshirts
22491,Sports Shoes
35426,Sports Shoes
2781,Tshirts
28997,Tshirts
3653,Casual Shoes
12204,Tshirts
11481,Tops
57294,Shirts
4476,Sports Shoes
15021,Jackets
1938,Tshirts
53634,Casual Shoes
44683,Tops
32431,Shorts
25486,Sports Shoes
24554,Tshirts
4644,Sports Shoes
37143,Shirts
5796,Tshirts
38937,Shorts
9967,Track Pants
17544,Shirts
6113,Tshirts
51351,Jeans
16496,Tshirts
43694,Dresses
12036,Shirts
3461,Sports Shoes
8089,Sports Shoes
16650,Tshirts
7207,Tops
13322,Shirts
49168,Shirts
19618,Tops
11475,Shirts
41305,Tshirts
4482,Sports Shoes
20332,Tshirts
14107,Tops
25472,Casual Shoes
10795,Shirts
57052,Dresses
52520,Shorts
45597,Formal Shoes
5762,Shorts
14335,Casual Shoes
50277,Formal Shoes
34732,Sports Shoes
7035,Tshirts
16462,Shirts
13110,Shorts
7809,Casual Shoes
3495,Tshirts
57436,Tshirts
40481,Sports Shoes
33173,Tops
14751,Shirts
52144,Tshirts
7451,Tshirts
16006,Tshirts
6583,Tshirts
34356,Tshirts
31624,Shirts
8419,Tshirts
2123,Tops
16234,Tshirts
7663,Tshirts
34164,Tops
50421,Casual Shoes
12694,Sports Shoes
13746,Shirts
2311,Tshirts
43036,Shirts
33341,Formal Shoes
1594,Casual Shoes
5908,Casual Shoes
11011,Tops
41761,Tops
14563,Casual Shoes
5134,Tshirts
39227,Dresses
5568,Sports Shoes
34538,Formal Shoes
46118,Casual Shoes
48082,Tshirts
19620,Tops
8277,Tshirts
29287,Shirts
8879,Shirts
9197,Sports Shoes
43658,Dresses
49362,Casual Shoes
31278,Tshirts
7831,Tshirts
36861,Shirts
24598,Tshirts
20138,Shirts
7469,Tshirts
16802,Shirts
14769,Shirts
33977,Tops
36439,Sports Shoes
5930,Casual Shoes
38791,Tshirts
39643,Casual Shoes
41759,Dresses
11029,Tops
11815,Casual Shoes
50419,Formal Shoes
28503,Shorts
6789,Shirts
19244,Tshirts
22805,Tshirts
8613,Tshirts
2329,Tshirts
35248,Casual Shoes
9507,Shirts
17924,Track Pants
38557,Tshirts
4218,Tshirts
38765,Tshirts
4816,Tshirts
12658,Shirts
35846,Casual Shoes
42128,Casual Shoes
48412,Tshirts
15019,Sweatshirts
30950,Tops
29041,Track Pants
48076,Tshirts
29273,Shirts
12832,Tshirts
9163,Jeans
48244,Tshirts
3459,Sports Shoes
59938,Casual Shoes
40029,Tshirts
16233,Sweatshirts
34163,Tops
12693,Sports Shoes
2316,Tshirts
27574,Tshirts
13741,Shirts
11016,Tops
5133,Tops
14564,Casual Shoes
33174,Tops
40486,Casual Shoes
57431,Tshirts
25011,Tops
14756,Shirts
33948,Tshirts
52143,Tshirts
16001,Sweaters
22234,Casual Shoes
7456,Tshirts
6584,Tshirts
34351,Tshirts
2918,Tshirts
31623,Shirts
2124,Tshirts
25475,Casual Shoes
33510,Casual Shoes
10792,Shirts
57055,Dresses
45590,Formal Shoes
14332,Sports Shoes
5765,Tops
34735,Sports Shoes
9994,Skirts
16465,Shirts
7032,Tops
13117,Casual Shoes
43667,Dresses
2540,Casual Shoes
31247,Tshirts
3492,Sports Shoes
34507,Formal Shoes
7200,Tops
13325,Shirts
42587,Tshirts
41302,Dresses
39218,Tops
11472,Tops
4485,Sports Shoes
44670,Shirts
14100,Tshirts
20335,Tshirts
32436,Tshirts
24553,Tshirts
4643,Sports Shoes
21021,Shirts
38930,Jeans
37144,Shirts
5791,Tops
9960,Tshirts
51356,Jeans
16491,Tshirts
6928,Tshirts
43693,Tshirts
3466,Sports Shoes
12031,Shirts
35421,Sports Shoes
2786,Tshirts
18739,Tops
12203,Tshirts
3654,Casual Shoes
57293,Shirts
15026,Sweatshirts
4471,Sports Shoes
44684,Tops
53633,Casual Shoes
7690,Tshirts
51500,Jeans
34197,Tshirts
6742,Sports Shoes
12667,Shirts
35879,Tshirts
26452,Casual Shoes
3230,Casual Shoes
42117,Tshirts
27580,Tshirts
54072,Sports Shoes
1567,Shorts
56725,Tshirts
4829,Track Pants
37712,Tshirts
4015,Tshirts
1755,Tshirts
38568,Shorts
40472,Sports Shoes
10302,Formal Shoes
37520,Shorts
4227,Tshirts
21445,Tshirts
15670,Jeans
29628,Shirts
35277,Tshirts
47657,Skirts
6570,Tshirts
26660,Casual Shoes
9538,Tshirts
31597,Tshirts
3342,Tshirts
12715,Casual Shoes
9678,Tshirts
2290,Tshirts
22180,Casual Shoes
29568,Casual Shoes
6630,Sports Shoes
23052,Tops
17267,Tshirts
15530,Tshirts
38628,Tshirts
5889,Tshirts
10042,Tshirts
56657,Casual Shoes
5287,Casual Shoes
53117,Tshirts
15702,Shirts
4355,Tshirts
24045,Tshirts
26712,Tshirts
8598,Tshirts
3170,Sports Shoes
42257,Jeans
16187,Casual Shoes
17055,Casual Shoes
21153,Sweatshirts
15366,Casual Shoes
39990,Casual Shoes
38842,Dresses
40958,Tshirts
59875,Shirts
24421,Sports Shoes
30213,Shirts
13091,Sweatshirts
18479,Casual Shoes
7988,Tshirts
26376,Shirts
9812,Shirts
6066,Tshirts
42401,Tshirts
12371,Shirts
19799,Tshirts
6254,Tshirts
7386,Formal Shoes
45624,Casual Shoes
4503,Sports Shoes
15154,Shirts
53741,Track Pants
14086,Sweaters
15968,Shirts
10426,Tshirts
39964,Casual Shoes
11732,Tshirts
57127,Tops
13065,Casual Shoes
31335,Jeans
13859,Shirts
34647,Sports Shoes
6092,Tshirts
7140,Shirts
46267,Tops
16517,Jeans
22722,Casual Shoes
28816,Jeans
43527,Tops
31107,Tshirts
12385,Shirts
47187,Formal Shoes
7372,Formal Shoes
36322,Tshirts
21395,Tshirts
14072,Tshirts
20247,Tops
5425,Shirts
44702,Shirts
42091,Sports Shoes
19309,Sports Shoes
16341,Shirts
22174,Casual Shoes
7716,Casual Shoes
34011,Tops
11958,Casual Shoes
4193,Tops
33234,Shirts
24283,Shirts
11164,Shirts
14624,Shirts
11356,Tshirts
43371,Sports Shoes
2056,Tshirts
13401,Shirts
7524,Tshirts
16173,Formal Shoes
22346,Tshirts
34223,Tshirts
1872,Tshirts
18674,Sports Shoes
9223,Sports Shoes
48104,Tops
3719,Tshirts
27895,Shirts
26947,Tshirts
9011,Sports Shoes
6865,Tops
19594,Tshirts
6059,Shirts
13892,Tshirts
12940,Shirts
15359,Formal Shoes
12518,Casual Shoes
42268,Casual Shoes
30648,Tshirts
9475,Shirts
29765,Shirts
3973,Tops
24846,Jackets
32923,Tshirts
1618,Sports Shoes
4158,Sports Shoes
11993,Tshirts
38617,Tshirts
4964,Tshirts
22983,Sports Shoes
8795,Shirts
35934,Sports Shoes
9647,Shirts
23851,Casual Shoes
29557,Casual Shoes
54903,Tshirts
17258,Tshirts
8553,Tshirts
9481,Shirts
2069,Tshirts
19938,Sports Shoes
22379,Shirts
3987,Tshirts
2855,Tshirts
28643,Tshirts
11369,Tops
11967,Casual Shoes
10089,Sports Shoes
5842,Tshirts
4990,Shorts
39731,Skirts
22977,Sports Shoes
8761,Track Pants
19336,Jackets
34812,Sports Shoes
27439,Tops
7729,Casual Shoes
28471,Tops
1886,Tshirts
38287,Tops
13268,Tops
43518,Tops
19752,Tshirts
27861,Shirts
6891,Jackets
12188,Shirts
19560,Tshirts
7943,Tshirts
13866,Shirts
46258,Tops
41841,Sports Shoes
40993,Tops
25538,Shirts
57118,Tops
20876,Casual Shoes
14623,Shirts
11351,Jeans
3183,Sports Shoes
13406,Shirts
2051,Tshirts
22341,Tshirts
34224,Tshirts
42096,Tshirts
8759,Shirts
22173,Casual Shoes
34016,Tops
5046,Sports Shoes
36741,Jeans
4194,Tshirts
24284,Shirts
33233,Shirts
11163,Shirts
2607,Tshirts
43520,Skirts
28811,Jeans
31100,Shirts
27859,Shirts
47180,Casual Shoes
21392,Tshirts
36325,Tshirts
44705,Tops
5422,Tshirts
20240,Tshirts
14075,Tshirts
5610,Sports Shoes
11735,Tshirts
59886,Tops
57120,Tops
31332,Casual Shoes
26385,Tshirts
19558,Tshirts
34640,Casual Shoes
6095,Tshirts
22725,Sports Shoes
16510,Jeans
35792,Casual Shoes
7147,Shirts
12376,Shirts
6253,Tshirts
7381,Formal Shoes
4504,Sports Shoes
45623,Casual Shoes
14081,Sweaters
39399,Tshirts
32771,Tshirts
24614,Shorts
10421,Shirts
4736,Casual Shoes
38845,Dresses
59872,Tops
33491,Shirts
24426,Sports Shoes
10613,Casual Shoes
13096,Tshirts
9029,Casual Shoes
6061,Tshirts
9815,Casual Shoes
29339,Tshirts
12978,Sports Shoes
5280,Tshirts
4352,Tshirts
15705,Track Pants
1620,Shorts
24042,Tshirts
10277,Formal Shoes
42250,Tops
3177,Sports Shoes
26715,Tshirts
12520,Casual Shoes
16180,Formal Shoes
26527,Casual Shoes
12712,Sports Shoes
31590,Tshirts
3345,Tshirts
30442,Jeans
2297,Tshirts
23869,Tshirts
22187,Casual Shoes
51475,Jeans
17260,Tshirts
23055,Tshirts
6637,Casual Shoes
10879,Tshirts
4160,Tshirts
24270,Tshirts
10045,Tshirts
19567,Tshirts
7944,Tshirts
13861,Shirts
7178,Track Pants
32588,Shorts
1881,Tshirts
2638,Formal Shoes
8302,Sports Shoes
27866,Shirts
11960,Casual Shoes
5845,Tshirts
4997,Sports Shoes
19331,Jackets
34815,Sports Shoes
46409,Tshirts
34029,Shirts
8554,Tshirts
13439,Tshirts
43349,Sports Shoes
3980,Tshirts
29796,Shirts
28644,Tshirts
2852,Tshirts
25967,Tops
4399,Tshirts
24089,Sweatshirts
10846,Tshirts
15508,Casual Shoes
11994,Tshirts
38610,Tshirts
4963,Tshirts
35933,Sports Shoes
26518,Shirts
8792,Shirts
22984,Sports Shoes
23856,Casual Shoes
9640,Shirts
28482,Tshirts
6608,Tshirts
54904,Tshirts
17851,Tshirts
9472,Shirts
3974,Tops
24841,Tshirts
32924,Tshirts
6862,Skirts
19593,Tops
13895,Shirts
17409,Sports Shoes
12947,Tshirts
40960,Tshirts
20885,Sports Shoes
24419,Sports Shoes
53779,Tops
1875,Tshirts
48103,Tops
18673,Casual Shoes
27892,Shirts
46099,Casual Shoes
26940,Tshirts
5414,Tops
1888,Tshirts
53784,Shirts
14043,Shirts
15191,Tshirts
36313,Tshirts
38289,Tops
11531,Tshirts
25704,Tops
43516,Tops
13266,Tops
7343,Tshirts
34444,Tshirts
6291,Tshirts
31304,Shirts
12186,Shirts
27261,Tops
2403,Tshirts
22713,Sports Shoes
16526,Shirts
46256,Tops
7171,Shirts
13868,Shirts
44501,Casual Shoes
57116,Tops
11703,Shirts
25536,Shirts
32581,Dresses
13430,Tshirts
43340,Sports Shoes
34212,Tshirts
22377,Shirts
3989,Tshirts
16142,Tops
7515,Tshirts
4390,Tshirts
5242,Sports Shoes
11367,Tops
33205,Tops
2255,Track Pants
27437,Tops
19338,Jackets
22979,Casual Shoes
31552,Casual Shoes
34020,Tshirts
46400,Shorts
7727,Sports Shoes
22145,Formal Shoes
30646,Tshirts
2093,Shirts
31794,Tshirts
26723,Tshirts
12516,Formal Shoes
6433,Casual Shoes
23251,Formal Shoes
22383,Shirts
4364,Tshirts
15733,Sports Shoes
53126,Tshirts
24848,Jeans
11393,Tshirts
1616,Tshirts
15501,Casual Shoes
4156,Sports Shoes
5084,Tshirts
53314,Tshirts
56666,Casual Shoes
10073,Tshirts
38619,Tshirts
9649,Shirts
12724,Casual Shoes
3373,Sports Shoes
17256,Tshirts
23063,Tshirts
6601,Tshirts
29559,Casual Shoes
51443,Shirts
20282,Shirts
53770,Tshirts
15165,Tshirts
4532,Sports Shoes
45615,Formal Shoes
33695,Formal Shoes
12340,Shirts
3717,Tshirts
13292,Tshirts
46090,Sports Shoes
26949,Tshirts
3525,Tshirts
12172,Shirts
30222,Shirts
7185,Jeans
6057,Shirts
34682,Tshirts
9823,Tshirts
23635,Tshirts
40969,Casual Shoes
21162,Sweaters
40155,Shorts
24410,Sports Shoes
32575,Tops
9682,Tshirts
34823,Sports Shoes
19307,Sports Shoes
8750,Shirts
49477,Casual Shoes
51488,Shirts
11956,Casual Shoes
10884,Tshirts
58737,Tshirts
5873,Casual Shoes
33834,Sports Shoes
58505,Dresses
11358,Tops
2058,Tshirts
28672,Tshirts
22348,Sweaters
5619,Sports Shoes
57129,Tops
19551,Sweatshirts
18483,Casual Shoes
16519,Jeans
12985,Casual Shoes
46269,Tops
13857,Shirts
34649,Sports Shoes
8334,Tshirts
31109,Tshirts
28818,Jeans
43529,Tops
13259,Jeans
27850,Tshirts
47189,Formal Shoes
20249,Tshirts
15992,Shirts
40956,Tshirts
15368,Casual Shoes
33498,Shorts
37804,Shirts
6854,Sports Shoes
18477,Casual Shoes
12971,Sports Shoes
6068,Tshirts
19797,Tshirts
46893,Jeans
3728,Tshirts
18645,Tshirts
7388,Formal Shoes
14088,Tshirts
10428,Tops
15966,Jackets
9676,Tshirts
31599,Tshirts
49483,Casual Shoes
17269,Tshirts
54932,Tshirts
29566,Casual Shoes
4169,Sports Shoes
10870,Tshirts
4955,Shirts
56659,Casual Shoes
5887,Tshirts
38626,Tshirts
32912,Tshirts
53119,Tshirts
5289,Casual Shoes
8596,Tshirts
28686,Tshirts
3942,Tshirts
12175,Shirts
3522,Tshirts
7182,Track Pants
29308,Tshirts
23632,Tshirts
9824,Tshirts
14282,Sports Shoes
21165,Tops
24417,Sports Shoes
40152,Tshirts
32572,Tops
53777,Sports Shoes
45612,Formal Shoes
4535,Sports Shoes
15162,Tshirts
33692,Formal Shoes
10410,Tshirts
32740,Sports Shoes
13295,Tops
35565,Casual Shoes
23400,Jeans
4151,Sports Shoes
15506,Formal Shoes
53313,Tshirts
5083,Tshirts
10848,Tshirts
56661,Casual Shoes
10074,Tshirts
23858,Sports Shoes
3374,Sports Shoes
12723,Sports Shoes
26516,Shirts
6606,Tshirts
17251,Tshirts
51444,Shirts
16383,Tshirts
2094,Shirts
12511,Casual Shoes
26724,Tshirts
42261,Jeans
23256,Formal Shoes
6434,Casual Shoes
22384,Shirts
15734,Casual Shoes
4363,Tshirts
53121,Tshirts
1611,Jackets
52235,Jeans
10080,Sports Shoes
27430,Tshirts
2252,Tshirts
31555,Casual Shoes
34027,Tshirts
22142,Formal Shoes
46407,Tshirts
2060,Tshirts
13437,Tshirts
50750,Casual Shoes
34215,Tshirts
7512,Tshirts
16145,Tops
29798,Shirts
25969,Tops
4397,Tshirts
11360,Tops
19569,Tshirts
12181,Shirts
31303,Shirts
27266,Shirts
54794,Jeans
6898,Skirts
7176,Shirts
16521,Jeans
22714,Casual Shoes
57111,Tops
25531,Shirts
11704,Shirts
53783,Shirts
14044,Shirts
5413,Tops
36314,Tshirts
15196,Tshirts
40394,Tops
25703,Tops
13261,Jeans
43511,Dresses
27868,Shirts
34443,Tshirts
10279,Casual Shoes
8591,Shirts
28681,Tshirts
3945,Tshirts
18226,Tshirts
2299,Tshirts
9671,Tshirts
49484,Casual Shoes
26529,Casual Shoes
6639,Sports Shoes
54935,Tshirts
29561,Casual Shoes
22189,Casual Shoes
10877,Tshirts
4952,Shorts
38621,Tshirts
46894,Jeans
19790,Tshirts
12378,Shirts
18642,Tshirts
9215,Casual Shoes
53748,Track Pants
1844,Tshirts
39397,Tshirts
40951,Tshirts
4738,Casual Shoes
24428,Sports Shoes
37803,Shirts
9027,Casual Shoes
6853,Sports Shoes
13098,Tshirts
12976,Sports Shoes
8333,Tshirts
26985,Shorts
27857,Shirts
15995,Shirts
59888,Tops
19556,Tshirts
18484,Casual Shoes
27259,Tops
7149,Shirts
13850,Shirts
24884,Tshirts
58502,Dresses
33833,Sports Shoes
13408,Shirts
2863,Tshirts
28675,Tshirts
9685,Shorts
49470,Casual Shoes
42098,Tshirts
34018,Tshirts
11951,Casual Shoes
58730,Tshirts
10883,Tshirts
38675,Sports Shoes
10823,Tshirts
54961,Tshirts
48502,Tops
42038,Sports Shoes
9417,Shirts
17834,Sports Shoes
19192,Shirts
39595,Casual Shoes
24018,Tshirts
4308,Tshirts
52098,Tops
32941,Casual Shoes
12922,Casual Shoes
3549,Casual Shoes
6807,Casual Shoes
9073,Shirts
40139,Tshirts
10649,Shirts
32519,Formal Shoes
59014,Sports Shoes
1810,Tshirts
6209,Tshirts
8393,Tshirts
9241,Shirts
18616,Tshirts
54539,Sports Shoes
8969,Sports Shoes
17498,Tshirts
31368,Tshirts
8155,Shirts
7921,Tshirts
9087,Casual Shoes
20814,Casual Shoes
20028,Shirts
57946,Casual Shoes
4798,Tshirts
39939,Casual Shoes
5478,Sports Shoes
31966,Casual Shoes
34428,Tshirts
8367,Tshirts
50951,Jeans
5820,Tshirts
15599,Sweatshirts
43922,Tops
22129,Formal Shoes
2239,Tshirts
26589,Sports Shoes
19354,Casual Shoes
18888,Shirts
2837,Tshirts
28621,Tshirts
7579,Tshirts
16912,Tshirts
8531,Sports Shoes
19166,Tshirts
32189,Sports Shoes
14679,Tshirts
35531,Casual Shoes
22586,Tshirts
6236,Tshirts
12313,Shirts
26126,Shirts
3744,Tshirts
18629,Tshirts
10444,Shirts
24671,Casual Shoes
37266,Dresses
4561,Sports Shoes
40106,Tshirts
10676,Tops
5681,Casual Shoes
4753,Tshirts
21131,Tops
15304,Sports Shoes
6004,Shirts
23666,Shirts
9870,Tshirts
26314,Track Pants
54734,Casual Shoes
1645,Tshirts
38478,Shirts
24027,Tshirts
4337,Sports Shoes
18843,Tshirts
6460,Casual Shoes
23202,Shirts
17037,Casual Shoes
19991,Tshirts
13497,Tshirts
30615,Jackets
42235,Tops
12545,Tshirts
23030,Shirts
34087,Casual Shoes
6652,Casual Shoes
51410,Shirts
26542,Casual Shoes
3320,Tshirts
39798,Shirts
4939,Jeans
10020,Shorts
24215,Tshirts
37602,Tshirts
14480,Casual Shoes
11334,Jeans
41444,Sports Shoes
33064,Shirts
57521,Casual Shoes
52053,Tshirts
14646,Tshirts
58569,Tshirts
5211,Tshirts
6494,Casual Shoes
34241,Tshirts
22324,Tshirts
7546,Tshirts
19965,Sweaters
13463,Shirts
43313,Sweaters
2034,Tshirts
49629,Tops
19159,Tshirts
7774,Casual Shoes
16323,Tshirts
2206,Tshirts
13651,Sports Shoes
32384,Tops
11106,Shirts
33256,Tshirts
36724,Tshirts
5023,Shirts
44304,Shorts
7310,Tops
31959,Sports Shoes
49843,Shorts
17695,Casual Shoes
34417,Tshirts
8358,Tshirts
27000,Jeans
13235,Tshirts
24685,Formal Shoes
41212,Casual Shoes
5447,Shirts
44760,Casual Shoes
14010,Tshirts
20225,Sweaters
57145,Tops
10682,Tshirts
25565,Sports Shoes
11750,Tshirts
20017,Shirts
5675,Formal Shoes
39906,Sports Shoes
9884,Tshirts
55612,Formal Shoes
27232,Shorts
28626,Track Pants
2830,Casual Shoes
16129,Tshirts
19161,Tshirts
12589,Tshirts
16915,Sweaters
57519,Casual Shoes
44932,Jeans
1689,Tshirts
39754,Jackets
5827,Tshirts
11902,Formal Shoes
20679,Casual Shoes
43925,Casual Shoes
22912,Casual Shoes
19353,Casual Shoes
10488,Jeans
39330,Skirts
44758,Casual Shoes
3788,Tshirts
8360,Tshirts
19737,Tops
46833,Tshirts
50956,Jeans
29390,Shirts
13803,Sweaters
7926,Tshirts
8152,Shirts
9080,Track Pants
20813,Casual Shoes
11768,Tshirts
57941,Casual Shoes
37098,Tshirts
41824,Sports Shoes
24649,Casual Shoes
4559,Sports Shoes
29156,Tshirts
26922,Tops
17659,Casual Shoes
8394,Tshirts
51870,Tshirts
18611,Tshirts
9246,Shirts
12925,Casual Shoes
9074,Shirts
6800,Casual Shoes
38818,Tops
59013,Sports Shoes
6458,Casual Shoes
3916,Tshirts
29700,Shirts
17833,Sports Shoes
19195,Shirts
32946,Casual Shoes
4901,Tops
10018,Shorts
58797,Shirts
10824,Tshirts
54966,Casual Shoes
51428,Shirts
48505,Tops
9622,Shirts
3318,Tshirts
57142,Tops
10685,Tops
11757,Tops
5672,Tshirts
20010,Tshirts
39901,Sports Shoes
9883,Shirts
23695,Tshirts
55615,Casual Shoes
31350,Jeans
3585,Casual Shoes
48398,Jeans
22575,Shirts
7317,Tops
34410,Tshirts
17692,Casual Shoes
31162,Jeans
19708,Shirts
13232,Tshirts
20222,Sweaters
14017,Tshirts
44767,Casual Shoes
5440,Tshirts
22111,Sports Shoes
16324,Tshirts
13656,Sports Shoes
34848,Sports Shoes
2201,Tshirts
11101,Shirts
32383,Tops
33251,Formal Shoes
5818,Tshirts
36723,Tshirts
5024,Shirts
41443,Sports Shoes
57526,Casual Shoes
33063,Shirts
52054,Tshirts
5216,Tshirts
14641,Shirts
50703,Tops
28619,Tshirts
6493,Tshirts
34246,Tshirts
7541,Tshirts
19962,Sweaters
22323,Jackets
2033,Tshirts
43314,Sweaters
13464,Shirts
54959,Tshirts
34080,Casual Shoes
17202,Tshirts
23037,Shirts
51417,Shirts
7787,Tshirts
3327,Tshirts
19398,Tshirts
12770,Tops
24212,Tshirts
10027,Tshirts
4102,Sports Shoes
15555,Sweaters
14487,Casual Shoes
24020,Tshirts
1642,Sports Shoes
59448,Shirts
32979,Tshirts
4330,Tshirts
23205,Shirts
18844,Tshirts
6467,Sports Shoes
19996,Tshirts
3929,Tshirts
30612,Tshirts
13490,Shorts
12542,Tshirts
42232,Tops
10671,Shorts
40101,Tshirts
59810,Tshirts
5686,Casual Shoes
21136,Sweaters
4754,Tshirts
35704,Sports Shoes
6003,Shirts
3571,Tshirts
8199,Tshirts
54733,Casual Shoes
29169,Tops
22581,Sweatshirts
6231,Tshirts
23453,Jeans
3743,Tshirts
26121,Shirts
2691,Shorts
10443,Tshirts
1828,Sports Shoes
4566,Sports Shoes
34419,Tshirts
31957,Sports Shoes
50960,Jeans
8356,Tshirts
19701,Shirts
46805,Sports Shoes
39306,Casual Shoes
5449,Tshirts
20825,Casual Shoes
20019,Shirts
13835,Jackets
7910,Tshirts
19533,Sweaters
8164,Shirts
44904,Tshirts
38482,Tops
14648,Tshirts
33856,Casual Shoes
7548,Tshirts
19157,Tshirts
16923,Shirts
8500,Dresses
43913,Tops
19365,Casual Shoes
35993,Tshirts
34841,Sports Shoes
5811,Tshirts
11108,Shirts
24029,Tshirts
32970,Tshirts
59441,Shirts
4339,Sports Shoes
3920,Track Pants
17039,Casual Shoes
9426,Shirts
17805,Tshirts
13499,Tshirts
54950,Tshirts
34089,Casual Shoes
19391,Tshirts
18243,Tshirts
23802,Formal Shoes
9614,Shirts
38644,Tshirts
4937,Tshirts
10812,Shirts
6238,Tshirts
22588,Tshirts
26914,Tops
18627,Sweaters
9270,Shirts
26128,Shirts
59819,Shirts
10678,Tops
40108,Track Pants
57983,Tops
40934,Shirts
23668,Sweaters
12913,Shirts
29352,Tshirts
48365,Shirts
9042,Formal Shoes
18415,Casual Shoes
8190,Shirts
33267,Shorts
20670,Tshirts
5012,Tops
22127,Formal Shoes
16312,Shirts
7745,Tshirts
34042,Shirts
26587,Casual Shoes
2237,Tshirts
7577,Tshirts
19954,Sweaters
22315,Jackets
18886,Shirts
12580,Tshirts
19168,Tshirts
2005,Tshirts
43322,Tops
13452,Shirts
57510,Casual Shoes
33055,Shirts
41475,Formal Shoes
11305,Jeans
14677,Shirts
52062,Tshirts
21590,Shorts
17496,Tshirts
16544,Shirts
8967,Sports Shoes
9089,Casual Shoes
27203,Jeans
55623,Casual Shoes
41011,Tshirts
11761,Tops
57174,Tshirts
4796,Shorts
36143,Sports Shoes
57948,Casual Shoes
20026,Shirts
39339,Sports Shoes
10481,Shirts
20214,Sweatshirts
14021,Shorts
44751,Casual Shoes
5476,Sports Shoes
34426,Tshirts
23491,Sports Shoes
22543,Sports Shoes
31968,Sports Shoes
7321,Casual Shoes
13204,Sports Shoes
28845,Tshirts
43574,Tops
31154,Tshirts
8369,Tshirts
3781,Tshirts
9841,Tshirts
6035,Tshirts
8993,Sports Shoes
2495,Casual Shoes
30240,Casual Shoes
6809,Casual Shoes
26325,Sports Shoes
3547,Casual Shoes
59826,Shirts
10647,Tops
40137,Tshirts
15335,Shorts
4762,Tshirts
38811,Tops
10475,Shirts
4550,Sports Shoes
15107,Tops
37257,Casual Shoes
5482,Sports Shoes
6207,Tshirts
18618,Tshirts
54537,Sports Shoes
3775,Tshirts
26117,Shirts
12322,Shirts
33293,Shirts
10011,Track Pants
4908,Tops
20684,Casual Shoes
37633,Tshirts
4134,Casual Shoes
51421,Shirts
6663,Sports Shoes
17234,Tshirts
3311,Sports Shoes
35958,Skirts
7583,Tshirts
29709,Shirts
18872,Formal Shoes
42204,Tops
3123,Tshirts
9419,Shirts
30624,Tshirts
24016,Tshirts
14683,Tshirts
52096,Tops
4306,Tshirts
21138,Shirts
40933,Jeans
5688,Casual Shoes
9879,Shirts
12914,Shirts
18412,Sports Shoes
6831,Casual Shoes
48362,Shirts
8197,Shirts
26913,Tops
29167,Dresses
18620,Tshirts
15903,Casual Shoes
4568,Sports Shoes
7789,Tshirts
51419,Shirts
54957,Tshirts
19396,Tshirts
3329,Tshirts
9613,Shirts
18244,Tshirts
10029,Sweatshirts
38643,Tshirts
32379,Dresses
4930,Skirts
10815,Shirts
14489,Casual Shoes
59446,Shirts
3927,Tshirts
6469,Casual Shoes
9421,Shirts
17802,Tshirts
43914,Shorts
8735,Shirts
34846,Sports Shoes
5816,Tshirts
11933,Sports Shoes
44903,Tshirts
57528,Casual Shoes
58560,Jeans
33851,Casual Shoes
34248,Tshirts
28617,Tshirts
16924,Shirts
19150,Tshirts
11759,Tops
45489,Track Pants
13832,Shirts
8163,Shirts
7917,Tshirts
19534,Sweaters
31950,Sports Shoes
46802,Sports Shoes
19706,Shirts
8351,Tshirts
39301,Casual Shoes
44769,Casual Shoes
14019,Tshirts
3918,Track Pants
7584,Sports Shoes
18875,Formal Shoes
6456,Sports Shoes
3124,Tshirts
42203,Tops
1673,Tshirts
41486,Tshirts
32174,Sports Shoes
14684,Tshirts
4301,Tshirts
52091,Tshirts
32948,Casual Shoes
10016,Dresses
37634,Tshirts
20683,Casual Shoes
4133,Casual Shoes
51426,Shirts
17233,Tshirts
6664,Sports Shoes
42031,Sports Shoes
30411,Jeans
10472,Tshirts
4557,Sports Shoes
37250,Casual Shoes
5485,Sports Shoes
6200,Tshirts
29158,Dresses
43587,Shirts
9248,Shirts
54530,Casual Shoes
3772,Tshirts
6032,Tshirts
23650,Tshirts
8994,Casual Shoes
2492,Tshirts
3540,Tshirts
32510,Casual Shoes
40130,Shirts
10640,Casual Shoes
4765,Tshirts
21107,Formal Shoes
15332,Track Pants
10486,Tshirts
5471,Sports Shoes
44756,Casual Shoes
14026,Tshirts
20213,Sweatshirts
7326,Formal Shoes
43573,Tops
50958,Jeans
27036,Shirts
13203,Sports Shoes
31153,Tshirts
3786,Tshirts
16543,Shirts
8960,Formal Shoes
27204,Jeans
31361,Tshirts
7928,Tshirts
55624,Formal Shoes
11766,Tshirts
57173,Tops
4791,Tshirts
36144,Sports Shoes
20021,Shirts
16127,Tshirts
22312,Jackets
7570,Tshirts
19953,Sweaters
18881,Shirts
28628,Shorts
12587,Tshirts
13455,Tshirts
43325,Tshirts
2002,Tshirts
33052,Tops
57517,Casual Shoes
11302,Jeans
32180,Sports Shoes
20445,Casual Shoes
21597,Tshirts
52065,Tshirts
5829,Tshirts
33260,Shirts
40792,Casual Shoes
11130,Tops
20677,Casual Shoes
15590,Tops
7742,Tshirts
16315,Tshirts
6690,Tshirts
34045,Shirts
34214,Tshirts
50751,Casual Shoes
7513,Tshirts
13436,Tshirts
43346,Sports Shoes
2061,Tshirts
11361,Tops
41411,Tshirts
25968,Tshirts
4396,Tshirts
10081,Sports Shoes
33203,Dresses
23091,Casual Shoes
28479,Tshirts
34026,Tshirts
7721,Sports Shoes
46406,Tshirts
22143,Formal Shoes
2253,Tshirts
27431,Tshirts
31554,Casual Shoes
40395,Tops
25702,Tops
5412,Shorts
53782,Tshirts
14045,Shirts
15197,Tshirts
36315,Tshirts
7345,Tshirts
27869,Shirts
34442,Tshirts
31130,Dresses
28821,Jeans
43510,Dresses
2637,Formal Shoes
13260,Jeans
16520,Jeans
22715,Sports Shoes
7177,Shirts
31302,Shirts
12180,Shirts
19568,Tshirts
6899,Tops
57110,Shirts
25530,Shirts
11705,Shirts
32587,Shorts
5620,Sports Shoes
10411,Tshirts
33693,Formal Shoes
32741,Casual Shoes
53776,Shorts
20284,Tshirts
15163,Tshirts
45613,Formal Shoes
4534,Tshirts
35564,Casual Shoes
23401,Jeans
12346,Tshirts
3711,Tshirts
13294,Tops
29309,Tshirts
12948,Shirts
7183,Tops
9825,Tshirts
3523,Tshirts
12174,Shirts
40153,Tshirts
24416,Sports Shoes
32573,Tops
14283,Casual Shoes
21164,Shirts
6435,Casual Shoes
22385,Shirts
2095,Shirts
31792,Tops
42260,Jeans
12510,Casual Shoes
26725,Tshirts
11395,Tshirts
1610,Jackets
24072,Casual Shoes
4362,Tshirts
15735,Sports Shoes
53120,Tshirts
56660,Casual Shoes
10075,Tshirts
15507,Casual Shoes
4150,Sports Shoes
10849,Tshirts
5082,Tshirts
53312,Tshirts
17250,Tshirts
6607,Tshirts
23859,Casual Shoes
3375,Sports Shoes
40198,Tops
59889,Tops
7148,Tops
13851,Shirts
19557,Tshirts
18485,Sports Shoes
27258,Casual Shoes
26984,Shorts
27856,Shirts
8332,Tshirts
15994,Shirts
34019,Tshirts
29594,Tshirts
9684,Sweatshirts
34825,Sports Shoes
5875,Casual Shoes
11950,Casual Shoes
5049,Sports Shoes
10882,Tshirts
58731,Tshirts
58503,Dresses
24885,Tshirts
2862,Tshirts
28674,Tshirts
43379,Casual Shoes
54934,Tshirts
6638,Casual Shoes
22188,Casual Shoes
29560,Casual Shoes
9670,Tshirts
2298,Tshirts
18227,Tshirts
26528,Casual Shoes
49485,Casual Shoes
4953,Tshirts
5881,Tshirts
38620,Tshirts
10876,Tshirts
10278,Casual Shoes
32914,Tshirts
3944,Tshirts
8590,Shirts
3178,Sports Shoes
24429,Casual Shoes
37802,Shirts
40950,Tshirts
4739,Casual Shoes
12977,Sports Shoes
7980,Tshirts
13099,Sweaters
6852,Sports Shoes
9026,Casual Shoes
46895,Jeans
19791,Tshirts
9214,Casual Shoes
18643,Tshirts
39396,Tshirts
1845,Tshirts
53749,Track Pants
21369,Tshirts
38618,Tshirts
10072,Tshirts
4157,Sports Shoes
21735,Casual Shoes
5085,Tshirts
6600,Tshirts
17257,Tshirts
29558,Casual Shoes
51442,Tops
16385,Shirts
9648,Shirts
3372,Sports Shoes
12725,Casual Shoes
23250,Formal Shoes
6432,Casual Shoes
22382,Shirts
2092,Tshirts
30647,Tshirts
26722,Tshirts
12517,Formal Shoes
1617,Tshirts
15732,Casual Shoes
4365,Tshirts
24849,Tshirts
7184,Tops
9822,Tshirts
34683,Tshirts
12173,Shirts
3524,Tshirts
24411,Sports Shoes
40154,Tshirts
32574,Tops
14284,Casual Shoes
33694,Formal Shoes
32746,Sports Shoes
20283,Shirts
53771,Tshirts
4533,Sports Shoes
45614,Formal Shoes
26948,Tshirts
6264,Tshirts
3716,Tshirts
13293,Shorts
7170,Shirts
22712,Sports Shoes
16527,Shirts
13869,Shirts
12187,Shirts
2402,Tshirts
54792,Jeans
27260,Tops
57117,Tops
11702,Shirts
25537,Shirts
44500,Casual Shoes
38288,Tops
11530,Sweatshirts
25705,Tops
53785,Shirts
14042,Shirts
1889,Tshirts
5415,Tshirts
36312,Tshirts
15190,Tshirts
7342,Tshirts
34445,Tshirts
13267,Tops
43517,Tops
28826,Shirts
11968,Sports Shoes
14426,Casual Shoes
34021,Tshirts
46401,Sweatshirts
7726,Casual Shoes
27436,Tops
2254,Tshirts
22978,Sports Shoes
31553,Casual Shoes
19339,Jackets
34213,Tshirts
22376,Shirts
16143,Tshirts
3988,Tshirts
43341,Sports Shoes
11366,Tops
24081,Casual Shoes
4391,Tshirts
5243,Sports Shoes
7389,Formal Shoes
3729,Tshirts
19796,Tshirts
46892,Jeans
18644,Track Pants
9213,Casual Shoes
40359,Jeans
10429,Tops
15967,Shirts
1842,Sports Shoes
14089,Sweaters
37805,Shirts
40957,Tshirts
12970,Sports Shoes
6069,Tshirts
7987,Sports Shoes
18476,Casual Shoes
6855,Sports Shoes
59422,Tshirts
32913,Tshirts
24876,Dresses
53118,Tshirts
3943,Tshirts
16188,Formal Shoes
9445,Shirts
8597,Tshirts
42258,Jeans
54933,Tshirts
17268,Tshirts
29567,Casual Shoes
9677,Tshirts
31598,Tshirts
56658,Casual Shoes
4954,Tshirts
38627,Tshirts
5886,Tshirts
4168,Sports Shoes
10871,Tshirts
11359,Tshirts
58504,Dresses
33835,Sports Shoes
2865,Tshirts
22349,Shirts
2059,Tshirts
51489,Shirts
7719,Sports Shoes
34822,Sports Shoes
9683,Tshirts
8751,Shirts
19306,Sports Shoes
39701,Shirts
11957,Casual Shoes
36749,Dresses
10885,Tshirts
27851,Tops
47188,Formal Shoes
31108,Tshirts
8335,Tshirts
13258,Shorts
43528,Tops
28819,Shirts
15993,Shirts
20248,Tshirts
57128,Shirts
5618,Sports Shoes
12984,Casual Shoes
46268,Tops
16518,Jeans
13856,Shirts
34648,Sports Shoes
19550,Sweatshirts
18482,Casual Shoes
24427,Sports Shoes
10612,Shirts
40162,Tshirts
33490,Shirts
21155,Shirts
4737,Casual Shoes
38844,Dresses
9814,Formal Shoes
6060,Tshirts
12979,Sports Shoes
9028,Casual Shoes
30215,Shirts
13097,Sweaters
26370,Shirts
6252,Tshirts
7380,Formal Shoes
32770,Tshirts
39398,Tshirts
24615,Tshirts
4505,Sports Shoes
45622,Formal Shoes
15152,Shirts
21367,Tshirts
53747,Track Pants
14080,Sweaters
37202,Jeans
22186,Casual Shoes
6636,Casual Shoes
17261,Tshirts
23054,Tshirts
3344,Tshirts
31591,Tshirts
26526,Casual Shoes
12713,Sports Shoes
18229,Tshirts
2296,Tshirts
23868,Tshirts
10044,Tshirts
56651,Tops
10878,Tshirts
4161,Tshirts
10276,Formal Shoes
1621,Shorts
5281,Tshirts
53111,Tshirts
4353,Tshirts
16181,Formal Shoes
26714,Tshirts
12521,Formal Shoes
54334,Jeans
22172,Casual Shoes
7710,Casual Shoes
34017,Tops
42097,Tshirts
33232,Shirts
24285,Shirts
11162,Shirts
5047,Sports Shoes
4195,Tshirts
11350,Jeans
14622,Sweatshirts
22340,Tshirts
16175,Formal Shoes
34225,Tshirts
3182,Sports Shoes
2050,Shirts
13407,Shirts
59887,Tops
11734,Tshirts
57121,Tops
6094,Tops
34641,Casual Shoes
7146,Tops
35793,Casual Shoes
22724,Sports Shoes
16511,Jeans
19559,Tshirts
34473,Dresses
27858,Shirts
47181,Casual Shoes
7374,Casual Shoes
2606,Tshirts
28810,Shirts
31101,Shirts
12383,Shirts
36324,Tshirts
21393,Tshirts
20241,Tshirts
14074,Tshirts
5423,Tshirts
3975,Tops
9473,Shirts
17850,Tops
24840,Shirts
32925,Tshirts
38611,Tshirts
4962,Tshirts
11995,Tshirts
15509,Casual Shoes
29551,Tshirts
54905,Tshirts
6609,Tops
28483,Tshirts
8793,Shirts
35932,Sports Shoes
26519,Shorts
23857,Sports Shoes
9641,Shirts
53778,Tshirts
27893,Shirts
46098,Casual Shoes
26941,Tshirts
18672,Sports Shoes
48102,Tops
13894,Shirts
12946,Tshirts
19592,Tops
24418,Sports Shoes
15199,Tshirts
1880,Tshirts
27867,Shirts
2639,Formal Shoes
8303,Sports Shoes
13860,Shirts
7179,Jeans
6897,Tops
7945,Tshirts
19566,Tshirts
32589,Shorts
44509,Casual Shoes
3981,Tshirts
29797,Shirts
28645,Tshirts
2853,Tshirts
16976,Casual Shoes
8555,Tshirts
43348,Sports Shoes
13438,Tshirts
25966,Dresses
4398,Tshirts
5844,Tops
4996,Sports Shoes
11961,Casual Shoes
46408,Tshirts
34028,Shirts
19330,Jackets
47186,Casual Shoes
16724,Sweaters
28817,Jeans
2601,Tshirts
13256,Shorts
31106,Tshirts
21394,Tshirts
36323,Tshirts
5424,Tshirts
44703,Tops
14073,Tshirts
20246,Tops
11733,Tshirts
57126,Tops
39965,Casual Shoes
6093,Tops
13858,Shirts
34646,Sports Shoes
16516,Jeans
22723,Casual Shoes
13064,Casual Shoes
31334,Jeans
10285,Formal Shoes
11357,Sweatshirts
14625,Jeans
16172,Casual Shoes
22347,Tshirts
7525,Tshirts
34222,Tshirts
13400,Shirts
2057,Tshirts
7717,Casual Shoes
16340,Shirts
34010,Tops
19308,Sports Shoes
49478,Casual Shoes
42090,Sports Shoes
2265,Tshirts
33235,Shirts
11165,Shirts
58738,Tops
4192,Tshirts
11959,Casual Shoes
24044,Tshirts
53116,Tshirts
36581,Shirts
4354,Tshirts
15703,Shirts
3171,Sports Shoes
42256,Jeans
12526,Casual Shoes
26713,Tshirts
51473,Tshirts
29569,Casual Shoes
22181,Shirts
23053,Tops
17266,Tshirts
6631,Sports Shoes
12714,Sports Shoes
26521,Shorts
3343,Tshirts
31596,Tshirts
2291,Tshirts
9679,Tshirts
10043,Tshirts
5888,Tshirts
38629,Tshirts
56656,Casual Shoes
4166,Sports Shoes
34480,Tops
6255,Tshirts
7387,Formal Shoes
19798,Tshirts
3727,Tshirts
42400,Tshirts
15969,Shirts
10427,Shirts
24612,Tshirts
45625,Casual Shoes
4502,Sports Shoes
37205,Jeans
53740,Track Pants
14087,Tshirts
59874,Shirts
33497,Shorts
10615,Casual Shoes
24420,Sports Shoes
4730,Tshirts
21152,Tshirts
39991,Casual Shoes
38843,Dresses
6067,Tops
18478,Casual Shoes
13090,Tshirts
30212,Shirts
3515,Tshirts
5843,Tshirts
10088,Sports Shoes
39730,Tops
4991,Dresses
11966,Sports Shoes
7728,Casual Shoes
28470,Tops
19337,Jackets
22976,Sports Shoes
8760,Track Pants
27438,Tops
29790,Tshirts
22378,Shirts
3986,Tshirts
19939,Sports Shoes
2854,Tshirts
28642,Tshirts
8552,Tshirts
9480,Shirts
11368,Jackets
13867,Shirts
16529,Shirts
6890,Tops
7942,Tshirts
19561,Tshirts
12189,Shirts
25539,Shirts
20877,Casual Shoes
57119,Tops
41840,Sports Shoes
40992,Tops
38286,Tops
1887,Tshirts
27860,Shirts
43519,Tops
13269,Tops
19753,Tshirts
8304,Sports Shoes
29300,Tshirts
12941,Shirts
6864,Skirts
9010,Casual Shoes
19595,Tshirts
15358,Casual Shoes
10418,Tops
27894,Shirts
26946,Tshirts
9222,Casual Shoes
18675,Sports Shoes
3718,Tshirts
24249,Casual Shoes
38616,Tshirts
4965,Tshirts
10840,Tshirts
11992,Tshirts
4159,Sports Shoes
29556,Casual Shoes
17259,Tshirts
54902,Tshirts
35935,Sports Shoes
22982,Sports Shoes
9646,Shirts
3972,Tops
42269,Casual Shoes
12519,Casual Shoes
9474,Shirts
30649,Tshirts
1619,Shorts
59413,Tshirts
32922,Tshirts
33850,Casual Shoes
58561,Jeans
44902,Shorts
57529,Casual Shoes
19151,Tshirts
8506,Sports Shoes
16925,Sweaters
2800,Casual Shoes
28616,Tshirts
34249,Shorts
8734,Shirts
35995,Tshirts
13659,Shirts
34847,Sports Shoes
43915,Shorts
5817,Tshirts
27008,Jeans
8350,Tshirts
46803,Sports Shoes
19707,Shirts
31951,Sports Shoes
14018,Tshirts
44768,Casual Shoes
39300,Casual Shoes
45488,Shorts
11758,Tops
36946,Sports Shoes
20823,Formal Shoes
48397,Jeans
19535,Sweaters
7916,Tshirts
8162,Shirts
13833,Sweatshirts
18621,Tshirts
17669,Casual Shoes
29166,Dresses
26912,Tops
4569,Sports Shoes
1827,Sports Shoes
21139,Tops
5689,Casual Shoes
57985,Tops
38828,Dresses
9044,Formal Shoes
48363,Shirts
6830,Sports Shoes
18413,Sports Shoes
8196,Shirts
9878,Shirts
12915,Tshirts
17803,Tshirts
9420,Shirts
19999,Tshirts
3926,Tshirts
6468,Casual Shoes
3328,Tshirts
19397,Tshirts
18245,Tshirts
9612,Shirts
23804,Casual Shoes
51418,Shirts
7788,Tshirts
14488,Casual Shoes
10814,Shirts
38642,Tshirts
10028,Tshirts
4931,Dresses
32378,Dresses
39790,Shirts
27205,Shorts
55625,Formal Shoes
8961,Formal Shoes
16542,Shirts
4790,Tshirts
37097,Tshirts
20020,Shirts
11767,Tshirts
57172,Tops
24480,Formal Shoes
14027,Tshirts
20212,Sweatshirts
5470,Sports Shoes
44757,Casual Shoes
10487,Jeans
13202,Sports Shoes
3787,Tshirts
31152,Tshirts
34420,Tshirts
23497,Casual Shoes
7327,Casual Shoes
53384,Casual Shoes
20676,Casual Shoes
44333,Shirts
40793,Casual Shoes
5828,Tshirts
13666,Shirts
16314,Tshirts
22121,Formal Shoes
7743,Tshirts
34044,Shirts
12586,Tshirts
43324,Tshirts
2003,Tshirts
13454,Tshirts
7571,Tshirts
16126,Tshirts
22313,Jackets
28629,Tshirts
18880,Shirts
14671,Shirts
21596,Shirts
52064,Tshirts
57516,Formal Shoes
33053,Shirts
32181,Sports Shoes
11303,Jeans
58798,Shirts
20682,Casual Shoes
4132,Casual Shoes
21750,Casual Shoes
33295,Shirts
10017,Jackets
3317,Tshirts
30410,Jeans
51427,Shirts
6665,Sports Shoes
17232,Tshirts
12572,Tshirts
3125,Tshirts
42202,Tops
30622,Tshirts
7585,Tshirts
3919,Track Pants
18874,Formal Shoes
14685,Tshirts
52090,Tshirts
32949,Casual Shoes
4300,Tshirts
32175,Sports Shoes
2493,Tshirts
23651,Tshirts
6033,Tshirts
8995,Casual Shoes
15333,Shorts
4764,Tshirts
32511,Formal Shoes
10641,Tshirts
40131,Shirts
4556,Sports Shoes
5484,Sports Shoes
37251,Casual Shoes
10473,Shirts
43586,Dresses
9249,Shirts
3773,Tshirts
12324,Shirts
6201,Casual Shoes
19390,Tshirts
23803,Formal Shoes
9615,Shirts
18242,Tshirts
54951,Tshirts
34088,Casual Shoes
10813,Shirts
38645,Tshirts
4936,Dresses
4338,Sports Shoes
59440,Shirts
32971,Tshirts
24028,Tshirts
13498,Tshirts
9427,Shirts
3921,Track Pants
17038,Casual Shoes
56850,Jeans
40935,Tops
57982,Tops
40109,Track Pants
18414,Sports Shoes
9043,Formal Shoes
3579,Sports Shoes
8191,Shirts
23669,Tshirts
12912,Shirts
2699,Dresses
9271,Shirts
18626,Tshirts
6239,Tshirts
26915,Tops
29161,Tshirts
22589,Shorts
39909,Sports Shoes
20018,Shirts
8165,Shirts
31358,Tshirts
19532,Sweaters
7911,Tshirts
8959,Formal Shoes
50961,Jeans
19700,Shirts
46804,Sports Shoes
8357,Tshirts
49070,Casual Shoes
31956,Sports Shoes
5448,Tshirts
39307,Casual Shoes
35992,Tshirts
19364,Casual Shoes
2209,Tshirts
34840,Sports Shoes
22119,Formal Shoes
5810,Tshirts
33259,Shorts
11109,Shirts
58566,Tshirts
14649,Tshirts
33857,Casual Shoes
44905,Track Pants
8501,Skirts
19156,Tshirts
7549,Track Pants
28611,Shorts
2807,Casual Shoes
4551,Sports Shoes
5483,Sports Shoes
37256,Casual Shoes
10474,Shirts
43581,Shirts
54536,Sports Shoes
18619,Tshirts
26116,Shirts
3774,Tshirts
6206,Tshirts
47121,Casual Shoes
6808,Casual Shoes
3546,Casual Shoes
9840,Tshirts
22784,Jeans
8992,Casual Shoes
4763,Tshirts
15334,Shorts
38810,Tops
59827,Shirts
40136,Tshirts
24473,Sports Shoes
10646,Tshirts
42205,Tops
3122,Tshirts
30625,Tshirts
9418,Shirts
29708,Shirts
7582,Tshirts
6450,Casual Shoes
18873,Formal Shoes
14682,Tshirts
4307,Tshirts
52097,Tops
24017,Tshirts
37632,Tshirts
20685,Casual Shoes
15562,Jeans
4135,Casual Shoes
10010,Tshirts
33292,Shirts
4909,Tops
3310,Sports Shoes
51420,Shirts
17235,Tshirts
6662,Tshirts
19169,Tshirts
12581,Tshirts
2004,Tshirts
43323,Tops
22314,Jackets
19955,Sweaters
7576,Sports Shoes
18887,Shirts
2838,Tshirts
58559,Tshirts
14676,Shirts
52063,Tshirts
21591,Tshirts
33054,Shirts
57511,Casual Shoes
11304,Jeans
32186,Sports Shoes
5013,Tops
20671,Tshirts
33266,Tops
26586,Sports Shoes
13661,Shirts
7744,Tshirts
22126,Formal Shoes
34043,Shirts
44750,Casual Shoes
20215,Sweaters
14020,Tshirts
39338,Sports Shoes
10480,Shirts
43575,Tops
28844,Tshirts
13205,Sports Shoes
3780,Tshirts
8368,Tshirts
31155,Tshirts
34427,Tshirts
22542,Sports Shoes
31969,Casual Shoes
27202,Shirts
9088,Casual Shoes
55622,Formal Shoes
17497,Tshirts
8966,Sports Shoes
16545,Shirts
36142,Sports Shoes
4797,Shorts
20027,Shirts
57949,Formal Shoes
25555,Tshirts
41010,Jeans
57175,Tops
6801,Casual Shoes
30248,Casual Shoes
9075,Shorts
59012,Sports Shoes
4558,Sports Shoes
15933,Tshirts
8395,Sweaters
9247,Shirts
18610,Tshirts
26923,Tops
29157,Tshirts
10825,Tshirts
58796,Shirts
4900,Tops
10019,Tshirts
38673,Sports Shoes
23835,Sports Shoes
48504,Tops
9623,Shirts
3319,Tshirts
51429,Shirts
42802,Casual Shoes
17832,Casual Shoes
19194,Shirts
3917,Track Pants
29701,Shirts
32947,Casual Shoes
24822,Casual Shoes
39593,Casual Shoes
11903,Formal Shoes
20678,Casual Shoes
5826,Tshirts
13668,Shirts
19352,Casual Shoes
22913,Sports Shoes
43924,Tops
54993,Shirts
16914,Tshirts
12588,Tshirts
19160,Tshirts
28627,Shorts
2831,Casual Shoes
16128,Tshirts
57518,Casual Shoes
8153,Shirts
7927,Tshirts
9081,Shorts
13802,Tshirts
37099,Tshirts
41825,Sports Shoes
11769,Tshirts
44759,Sports Shoes
14029,Track Pants
10489,Jeans
39331,Tshirts
19736,Shirts
8361,Tshirts
3789,Tshirts
50957,Jeans
7329,Casual Shoes
31960,Sports Shoes
4331,Tshirts
24021,Tshirts
13491,Tshirts
42233,Tops
12543,Tshirts
18845,Tshirts
23204,Shirts
3928,Tshirts
19997,Tshirts
19399,Tshirts
17203,Tshirts
23036,Shirts
54958,Tshirts
34081,Casual Shoes
14486,Casual Shoes
24213,Sports Shoes
10026,Tshirts
3742,Tshirts
22580,Sweatshirts
29168,Tshirts
17667,Casual Shoes
6230,Tshirts
10442,Tshirts
5687,Casual Shoes
4755,Tshirts
15302,Sports Shoes
21137,Sweaters
40100,Tshirts
10670,Tshirts
59811,Dresses
3570,Casual Shoes
26312,Shorts
54732,Casual Shoes
35705,Sports Shoes
6002,Shirts
9876,Shirts
19709,Shirts
43543,Shirts
13233,Tshirts
27006,Jeans
7316,Tops
17693,Casual Shoes
34411,Tshirts
44766,Casual Shoes
5441,Tops
20223,Sweaters
14016,Tshirts
20011,Tops
5673,Casual Shoes
39900,Sports Shoes
57143,Tshirts
10684,Tshirts
11756,Tops
36948,Casual Shoes
3584,Tshirts
55614,Formal Shoes
7918,Tshirts
48399,Jeans
9882,Shirts
52055,Tshirts
14640,Shirts
11332,Jeans
41442,Sports Shoes
33062,Shirts
57527,Casual Shoes
13465,Tshirts
2032,Tshirts
43315,Tops
34247,Tshirts
6492,Tshirts
50702,Tops
28618,Tshirts
22322,Tshirts
35395,Formal Shoes
7540,Tshirts
2200,Tshirts
13657,Sports Shoes
34849,Sports Shoes
12785,Tops
22110,Sports Shoes
16325,Tshirts
36722,Tshirts
32382,Tops
11100,Shirts
5819,Tshirts
33250,Shirts
5479,Sports Shoes
8366,Tshirts
19731,Shirts
50950,Jeans
31967,Sports Shoes
34429,Tshirts
7920,Tshirts
8154,Shirts
31369,Tshirts
9086,Casual Shoes
8968,Sports Shoes
17499,Tshirts
57947,Casual Shoes
20029,Shirts
41822,Sports Shoes
4799,Tshirts
20815,Casual Shoes
19167,Tshirts
8530,Sports Shoes
16913,Tshirts
2836,Tshirts
28620,Tshirts
18889,Shirts
7578,Sports Shoes
14678,Shirts
32188,Sports Shoes
44934,Casual Shoes
11904,Formal Shoes
15598,Sweatshirts
58765,Shirts
33268,Shorts
5821,Tshirts
22914,Sports Shoes
26588,Sports Shoes
6698,Tshirts
43923,Tops
22128,Formal Shoes
9416,Shirts
19193,Shirts
29706,Shirts
32940,Casual Shoes
4309,Tshirts
24825,Casual Shoes
10822,Tshirts
4907,Tops
38674,Sports Shoes
9624,Shirts
48503,Tops
42039,Sports Shoes
54960,Tshirts
1811,Tshirts
15108,Tops
8392,Tshirts
54538,Casual Shoes
18617,Tshirts
9240,Shirts
29150,Tops
26924,Tops
6208,Tshirts
9072,Shirts
6806,Casual Shoes
12923,Casual Shoes
59015,Sports Shoes
40138,Tshirts
32518,Formal Shoes
13650,Sports Shoes
2207,Tshirts
16322,Tshirts
22117,Casual Shoes
7775,Casual Shoes
36725,Tshirts
5022,Shirts
11107,Shirts
32385,Tshirts
33257,Tops
52052,Tshirts
5210,Tshirts
14647,Tshirts
41445,Casual Shoes
11335,Jeans
57520,Casual Shoes
33065,Shirts
43312,Sweaters
2035,Tshirts
27657,Tshirts
13462,Tshirts
19158,Tshirts
2809,Casual Shoes
50705,Tops
6495,Casual Shoes
35392,Casual Shoes
19964,Sweaters
7547,Track Pants
22325,Tshirts
5674,Casual Shoes
20016,Tops
39907,Sports Shoes
36173,Tshirts
57144,Tops
10683,Tshirts
25564,Sports Shoes
55613,Casual Shoes
31356,Tshirts
9885,Tshirts
8359,Tshirts
31164,Jeans
27001,Jeans
13234,Tshirts
43544,Shirts
31958,Sports Shoes
22573,Shirts
7311,Tops
17694,Casual Shoes
14011,Tshirts
20224,Sweaters
5446,Tshirts
44761,Casual Shoes
24684,Shirts
39309,Casual Shoes
5680,Casual Shoes
21130,Tops
15305,Sports Shoes
4752,Tshirts
10677,Tops
40107,Tshirts
26315,Track Pants
54735,Casual Shoes
23667,Shirts
9871,Tshirts
6005,Shirts
3745,Tshirts
18628,Sweaters
2697,Dresses
22587,Tshirts
47110,Casual Shoes
6237,Tshirts
23455,Jeans
17660,Casual Shoes
37267,Dresses
4560,Sports Shoes
10445,Jeans
24670,Casual Shoes
3321,Tshirts
35968,Tshirts
6653,Casual Shoes
23031,Shirts
51411,Shirts
14481,Casual Shoes
37603,Tshirts
4938,Tshirts
10021,Shorts
24214,Tshirts
4336,Sports Shoes
38479,Tshirts
1644,Tshirts
30614,Tshirts
13496,Tshirts
12544,Tshirts
42234,Tops
17036,Casual Shoes
18842,Tshirts
